representation,method,budget,fold,seed,N_train,N_test,R2,RMSE,MAE,Bias
alphaearth,zero_shot,0,-1,0,0,130195,-0.5556456255719371,109.7177861225485,84.5763198722335,55.68284560235628
conventional,zero_shot,0,-1,0,0,130195,-1.1165793171087626,127.97907703658507,100.40789331613311,73.59293833091361
alphaearth,bias_only,25,0,42,25,26033,-0.15464582543680483,93.52741098737877,63.639758426355094,-0.23465356553181246
alphaearth,affine,25,0,42,25,26033,0.050758035776038435,84.80139220436173,58.25547577823251,6.374204414780856
alphaearth,local_xgboost,25,0,42,25,26033,-0.07969532112608846,90.44095243241826,64.56175586118133,10.456675203206792
conventional,bias_only,25,0,42,25,26033,-0.5629280495419662,108.8138083365119,77.49682941598334,-32.726976317739776
conventional,affine,25,0,42,25,26033,0.04821662036532948,84.91483614983434,57.47706433671283,-0.9315098995299171
conventional,local_xgboost,25,0,42,25,26033,-0.14430995148666792,93.10786215888031,66.15816176718972,4.529255950218068
alphaearth,bias_only,25,0,43,25,26033,-0.15464699146768668,93.52745821217255,63.6758103787459,0.25277642975384124
alphaearth,affine,25,0,43,25,26033,0.0021249255492974406,86.94660021834912,57.927691361879646,-2.995161635580363
alphaearth,local_xgboost,25,0,43,25,26033,0.0292153578320421,85.75826106067312,56.91888559372419,-7.777514233121114
conventional,bias_only,25,0,43,25,26033,-0.4240467203806695,103.86677243862856,73.6524979476237,4.349311557545868
conventional,affine,25,0,43,25,26033,0.0064636744873646235,86.75737291369495,58.17160998167613,-3.145936859961061
conventional,local_xgboost,25,0,43,25,26033,-0.16242686285006047,93.842017570804,65.1620322215154,-9.88460594906205
alphaearth,bias_only,25,0,44,25,26033,-0.19661104175331268,95.21185368903137,66.76802841725812,17.83186864002971
alphaearth,affine,25,0,44,25,26033,0.03356904912037706,85.56574434381227,59.56729693560123,9.681611592167618
alphaearth,local_xgboost,25,0,44,25,26033,-0.12059182589156503,92.13788579543908,64.06962693864216,-2.9643523951978787
conventional,bias_only,25,0,44,25,26033,-0.42155565304006215,103.77588624358432,73.44315507724747,0.2113287678217451
conventional,affine,25,0,44,25,26033,0.017057926004068302,86.29357870377129,60.07193281916384,7.2136805762873095
conventional,local_xgboost,25,0,44,25,26033,-0.11377976800579082,91.85740659975018,63.21587503880302,-11.04745774616454
alphaearth,bias_only,50,0,42,50,26033,-0.15892654376333115,93.70062172578037,64.26216967931786,5.6995585874296
alphaearth,affine,50,0,42,50,26033,0.0416975898048173,85.20514263137486,59.06306596703608,8.805154885340938
alphaearth,local_xgboost,50,0,42,50,26033,-0.05366105233977647,89.34391540985948,64.24413312213409,13.239542000798515
conventional,bias_only,50,0,42,50,26033,-0.444117955693885,104.59618668179954,73.86279946812486,-13.07564004477835
conventional,affine,50,0,42,50,26033,0.046042483337706996,85.01176533816192,58.36764347970752,4.153068964000539
conventional,local_xgboost,50,0,42,50,26033,-0.0917390647371703,90.9439771616747,63.77424477539066,3.8888849457096817
alphaearth,bias_only,50,0,43,50,26033,-0.16942283415741066,94.12398422503128,65.07828869750328,10.583140492674964
alphaearth,affine,50,0,43,50,26033,-0.05359028530342069,89.34091505682338,61.386078828325154,9.089178194133453
alphaearth,local_xgboost,50,0,43,50,26033,-0.04130585289466748,88.81854865766255,60.98592007904822,4.674494784714182
conventional,bias_only,50,0,43,50,26033,-0.4225888219322882,103.81359090294747,73.55586039659111,2.805663980466995
conventional,affine,50,0,43,50,26033,0.043864780060188124,85.10874285699094,58.202530466610085,3.191955396082513
conventional,local_xgboost,50,0,43,50,26033,-0.09428228069178424,91.04984294942928,63.86668981855161,9.607558055786608
alphaearth,bias_only,50,0,44,50,26033,-0.21969039471688068,96.12565661772958,68.05579893888773,22.19955667312785
alphaearth,affine,50,0,44,50,26033,-0.004668969824478175,87.24208013007997,62.652484637548945,20.83916244404541
alphaearth,local_xgboost,50,0,44,50,26033,-0.0971177960896219,91.16773127096319,63.98834092106926,6.790834634610094
conventional,bias_only,50,0,44,50,26033,-0.4291013169794724,104.05094462253321,73.92347106258683,7.5636744409198915
conventional,affine,50,0,44,50,26033,-0.00783848841939827,87.37958694074715,62.82268257881732,18.304173689953167
conventional,local_xgboost,50,0,44,50,26033,-0.21707437848298516,96.02251517234292,68.6380068326552,12.011241167300655
alphaearth,bias_only,100,0,42,100,26033,-0.15464377191476264,93.52732781872169,63.6423400174269,-0.19875916177936104
alphaearth,affine,100,0,42,100,26033,0.05296973799178184,84.70254237942449,57.27474438347606,0.19894435130542193
alphaearth,local_xgboost,100,0,42,100,26033,0.0025339055991351334,86.92878081887521,58.53281678724518,-2.9033195552018216
conventional,bias_only,100,0,42,100,26033,-0.4239579590104283,103.86353536059657,73.39975193156587,-4.27130797398734
conventional,affine,100,0,42,100,26033,0.046186101828687987,85.00536582832972,57.670600843292156,-0.5513091432404323
conventional,local_xgboost,100,0,42,100,26033,-0.021200300559039764,87.95691419598192,59.8863595521249,-2.271329017869956
alphaearth,bias_only,100,0,43,100,26033,-0.1548069065517943,93.53393462168863,63.74635524631967,1.129328166691085
alphaearth,affine,100,0,43,100,26033,0.04549931344261371,85.03596414144117,57.5503848378539,2.688308721123467
alphaearth,local_xgboost,100,0,43,100,26033,0.06988927310345439,83.94248932301132,55.99737837307364,-1.9348910780325617
conventional,bias_only,100,0,43,100,26033,-0.423323588702919,103.84039728888625,73.3946289973612,-3.665815505516881
conventional,affine,100,0,43,100,26033,0.04675676525223682,84.97993282137426,58.10808286934343,2.502515195513931
conventional,local_xgboost,100,0,43,100,26033,-0.020212191955743197,87.91435054934429,60.05306057140883,1.2199534286088962
alphaearth,bias_only,100,0,44,100,26033,-0.1851743540436277,94.75576456109148,66.09139861686548,15.209647394031174
alphaearth,affine,100,0,44,100,26033,0.010298876483977759,86.58976265041217,61.07440731782255,15.88022873657092
alphaearth,local_xgboost,100,0,44,100,26033,-0.03940161557279209,88.73730020009862,61.65227912127525,8.103730117594017
conventional,bias_only,100,0,44,100,26033,-0.4222184737167767,103.80007692049995,73.39586560525964,-2.2507916181767817
conventional,affine,100,0,44,100,26033,0.016164240527062,86.33279861252096,61.158527236200044,13.758605545276426
conventional,local_xgboost,100,0,44,100,26033,-0.1871586624203183,94.8350550137,67.99838651576017,12.572853462350967
alphaearth,bias_only,250,0,42,250,26033,-0.1549417224297367,93.53939418875325,63.78037653554892,1.5154938115092051
alphaearth,affine,250,0,42,250,26033,0.053386527413210705,84.68390147102774,57.88766967631165,4.808899546176562
alphaearth,local_xgboost,250,0,42,250,26033,0.0637492123531006,84.21910379007647,56.11247288802802,1.7141162337100087
conventional,bias_only,250,0,42,250,26033,-0.424215331764221,103.87292132461121,73.66261823350767,4.493759975301255
conventional,affine,250,0,42,250,26033,0.04239066113012957,85.17432567755962,58.7233148082426,5.79805056576777
conventional,local_xgboost,250,0,42,250,26033,-0.0064906343823818435,87.32113792638951,59.64630044576243,3.626048383607057
alphaearth,bias_only,250,0,43,250,26033,-0.15513723836509463,93.54731132771438,63.820340874515004,1.9436854010043223
alphaearth,affine,250,0,43,250,26033,0.052872194264522276,84.70690443060892,57.394825904572876,2.6582405715086765
alphaearth,local_xgboost,250,0,43,250,26033,0.08520583384181091,83.2484604671289,55.595378827403174,-1.5398968652183032
conventional,bias_only,250,0,43,250,26033,-0.4220802872170877,103.79503405331788,73.51416099830405,2.004791344796367
conventional,affine,250,0,43,250,26033,0.04690078917606144,84.97351284100726,58.10259051913372,2.8667371464007187
conventional,local_xgboost,250,0,43,250,26033,-0.019524028690812933,87.8846951342305,60.4035972528609,2.697078882158569
alphaearth,bias_only,250,0,44,250,26033,-0.16009829282741483,93.74797842768949,64.36740790225261,6.431323003262369
alphaearth,affine,250,0,44,250,26033,0.04495838265486196,85.06005634825291,58.817934630877446,9.108924361048977
alphaearth,local_xgboost,250,0,44,250,26033,0.0034724421353978796,86.8878746478309,59.81348097972596,9.00300353956441
conventional,bias_only,250,0,44,250,26033,-0.42175382173452314,103.78311931081974,73.40847724702853,-1.2433616089455815
conventional,affine,250,0,44,250,26033,0.03791062028374559,85.37333125646674,59.41284078143074,8.329795591349924
conventional,local_xgboost,250,0,44,250,26033,-0.03482716334498526,88.5418164992095,61.693196802124326,6.899932527801545
alphaearth,bias_only,500,0,42,500,26033,-0.1549837396720235,93.54109567358454,63.78967916089226,1.6171073274381815
alphaearth,affine,500,0,42,500,26033,0.054137633094019755,84.65029790223731,57.64288168187309,4.014394488297917
alphaearth,local_xgboost,500,0,42,500,26033,0.08619321048440476,83.20352151787507,54.439827797153434,-0.5168778425260435
conventional,bias_only,500,0,42,500,26033,-0.4228310482510913,103.82242877417264,73.57347860008582,3.1155755126302216
conventional,affine,500,0,42,500,26033,0.04518646539294613,85.04989873383143,58.523997883258865,4.880870734005449
conventional,local_xgboost,500,0,42,500,26033,0.024732321257286638,85.95604673562465,58.193057447531295,4.013929904715008
alphaearth,bias_only,500,0,43,500,26033,-0.15464041693060593,93.52719194004698,63.66564673332062,0.11869492047685909
alphaearth,affine,500,0,43,500,26033,0.05278354642578664,84.71086847234676,57.23419591949851,1.7181400409101675
alphaearth,local_xgboost,500,0,43,500,26033,0.08675986031805505,83.17772034556117,55.03553664074197,0.11995360867319918
conventional,bias_only,500,0,43,500,26033,-0.42169581350550756,103.78100208902309,73.41198194657751,-1.051897717731116
conventional,affine,500,0,43,500,26033,0.0445377872582744,85.07878429134675,57.926477711578706,1.6939817071738958
conventional,local_xgboost,500,0,43,500,26033,0.027065402151987716,85.85317113787804,58.03592534591067,1.872705964494148
alphaearth,bias_only,500,0,44,500,26033,-0.15507409394803728,93.54475445785856,63.80827083629375,1.816464388532885
alphaearth,affine,500,0,44,500,26033,0.05329553465870007,84.68797147241418,57.85135193585398,4.982643831342151
alphaearth,local_xgboost,500,0,44,500,26033,0.0774121562918334,83.60233002237281,55.32743705988005,2.2234604553383517
conventional,bias_only,500,0,44,500,26033,-0.4230904765411816,103.83189344236273,73.39346638792267,-3.41645869767509
conventional,affine,500,0,44,500,26033,0.044656099269441585,85.07351660332729,58.30666794681659,3.8378043124642054
conventional,local_xgboost,500,0,44,500,26033,0.017032347227846856,86.29470149108386,58.35472408093781,2.6636698494112783
alphaearth,bias_only,1000,0,42,1000,26033,-0.1546998318214785,93.52959824608693,63.60895067232118,-0.6813254495363693
alphaearth,affine,1000,0,42,1000,26033,0.05506334032687543,84.60886450872022,57.59555477990195,3.6179732129812994
alphaearth,local_xgboost,1000,0,42,1000,26033,0.11690497089948648,81.79339552909987,53.470292411727335,0.5433319665625452
conventional,bias_only,1000,0,42,1000,26033,-0.4217495141227272,103.78296209030775,73.40870378014667,-1.2301684620443383
conventional,affine,1000,0,42,1000,26033,0.04295312465560175,85.14930791385439,58.599977096680824,4.524801954476972
conventional,local_xgboost,1000,0,42,1000,26033,0.04643085859634344,84.99445857823058,57.393964066478944,3.6737648994766796
alphaearth,bias_only,1000,0,43,1000,26033,-0.15502547474430473,93.54278570132635,63.798498676952846,1.71207857822741
alphaearth,affine,1000,0,43,1000,26033,0.05096373119340358,84.79220371318323,57.670877204551616,4.015318730442451
alphaearth,local_xgboost,1000,0,43,1000,26033,0.10833967538435807,82.18910267045443,54.0334552334861,2.099020382600447
conventional,bias_only,1000,0,43,1000,26033,-0.42155214262009366,103.77575811030744,73.44085998483915,0.1344082430194305
conventional,affine,1000,0,43,1000,26033,0.04468707223192436,85.0721375186891,58.3655278591397,4.1511530106193115
conventional,local_xgboost,1000,0,43,1000,26033,0.05378696887810919,84.66598785919123,56.94967442367958,3.2862937978214655
alphaearth,bias_only,1000,0,44,1000,26033,-0.1549540431962766,93.53989312040586,63.7831511813388,1.545982299610649
alphaearth,affine,1000,0,44,1000,26033,0.0461123996967332,85.00864998872972,58.60605321288154,7.0760408190778685
alphaearth,local_xgboost,1000,0,44,1000,26033,0.10911073803941007,82.15355849946984,54.39530702673229,3.2185092356485634
conventional,bias_only,1000,0,44,1000,26033,-0.4225671454114699,103.81279997657364,73.3931605000384,-2.7762444385973253
conventional,affine,1000,0,44,1000,26033,0.04347683646127931,85.12600717424597,58.78301052662895,6.063344000816871
conventional,local_xgboost,1000,0,44,1000,26033,0.039863189331965754,85.28665428443271,57.9490254525752,5.586563007962697
alphaearth,bias_only,2500,0,42,2500,26033,-0.15482805543055167,93.53479109768261,63.75226091748205,1.1981660906922014
alphaearth,affine,2500,0,42,2500,26033,0.05358146615614112,84.67518142649092,57.86094075937119,4.7143002860130085
alphaearth,local_xgboost,2500,0,42,2500,26033,0.13342888211489035,81.02454906746553,53.46234781217893,3.214448352459229
conventional,bias_only,2500,0,42,2500,26033,-0.421550068933652,103.77568241893651,73.43564794216161,-0.048535788035785316
conventional,affine,2500,0,42,2500,26033,0.04201663030186431,85.19095809334372,58.74192118872483,5.169578029574191
conventional,local_xgboost,2500,0,42,2500,26033,0.06287282141028128,84.25851181854875,56.916086075704754,4.622346246934685
alphaearth,bias_only,2500,0,43,2500,26033,-0.15478237459695987,93.53294112986207,63.739098886126364,1.043806828872976
alphaearth,affine,2500,0,43,2500,26033,0.05074596907002782,84.80193119771414,57.546472756237414,3.3173816498054154
alphaearth,local_xgboost,2500,0,43,2500,26033,0.11544775049900313,81.86085252470501,53.673736152389104,2.3992717649049635
conventional,bias_only,2500,0,43,2500,26033,-0.42174135456754747,103.78266427975375,73.4785244570767,1.2047818104650003
conventional,affine,2500,0,43,2500,26033,0.045692590534587185,85.02735422832875,58.338012057076185,4.055524605901756
conventional,local_xgboost,2500,0,43,2500,26033,0.038387388651833554,85.35217503719404,57.19507675095891,4.258567802788053
alphaearth,bias_only,2500,0,44,2500,26033,-0.15477493709427015,93.532639924788,63.73679720421045,1.0164583581264324
alphaearth,affine,2500,0,44,2500,26033,0.053276345609117315,84.68882975158598,57.897131430248805,4.811132870292505
alphaearth,local_xgboost,2500,0,44,2500,26033,0.14112449488167444,80.66397620166033,52.95862881717495,2.7054618125961154
conventional,bias_only,2500,0,44,2500,26033,-0.42240719384229375,103.80696352551463,73.3940466346118,-2.548680167121554
conventional,affine,2500,0,44,2500,26033,0.04579894614551594,85.02261603385979,58.36077503149222,4.161396655104648
conventional,local_xgboost,2500,0,44,2500,26033,0.06625900534573415,84.10614561408714,56.82807668193978,5.021785014185052
alphaearth,bias_only,25,1,42,25,26059,-0.13404664412125444,101.63265114376365,67.08725043379162,0.5700657774784152
alphaearth,affine,25,1,42,25,26059,0.00291997481440176,95.29778438000098,63.75435757901203,3.1104527728088263
alphaearth,local_xgboost,25,1,42,25,26059,-0.06387894741954847,98.43825425198948,66.87042846779816,1.766730291573749
conventional,bias_only,25,1,42,25,26059,-0.32874433638290346,110.01160703995309,75.34924403932129,0.5920101896692098
conventional,affine,25,1,42,25,26059,0.03954822511780831,93.53099993302303,61.85180068655271,2.4699859411887446
conventional,local_xgboost,25,1,42,25,26059,-0.10288003554425562,100.22635427780932,68.08463789802872,-1.4196452938727107
alphaearth,bias_only,25,1,43,25,26059,-0.23596706866756523,106.10143199940681,69.3320377993299,-30.473645479421
alphaearth,affine,25,1,43,25,26059,0.038977718792125304,93.55877441734447,60.120794295299895,-5.285542006203148
alphaearth,local_xgboost,25,1,43,25,26059,0.03648908953593599,93.6798343388997,60.55226405381933,-2.056827062323372
conventional,bias_only,25,1,43,25,26059,-0.3414996914798183,110.53837713731086,75.33784593081565,-10.794888267230188
conventional,affine,25,1,43,25,26059,-0.010639928312034419,95.94360260023963,62.631754399369136,-1.7512254847812934
conventional,local_xgboost,25,1,43,25,26059,-0.1157349996832715,100.80877190935054,68.16929795056915,-4.35382306503592
alphaearth,bias_only,25,1,44,25,26059,-0.13852694343267347,101.83321425586766,67.87478331698024,6.413479723374418
alphaearth,affine,25,1,44,25,26059,0.00023810466044271728,95.42586068808626,63.329991285868886,7.0938480181289165
alphaearth,local_xgboost,25,1,44,25,26059,-0.10925951975116721,100.51581027709547,70.0370331212937,12.349654819493319
conventional,bias_only,25,1,44,25,26059,-0.4455582880553173,114.74548334660679,81.90728421332315,32.62395961556521
conventional,affine,25,1,44,25,26059,-0.11356095068160421,100.71050929504528,68.89097273403969,2.5372041241400454
conventional,local_xgboost,25,1,44,25,26059,-0.22651356556673186,105.69488575168903,74.06385254685114,10.249197873407141
alphaearth,bias_only,50,1,42,50,26059,-0.1611596738465091,102.84040256854878,69.91320089002012,15.725062700729152
alphaearth,affine,50,1,42,50,26059,0.025153428803842526,94.22929240890706,63.799446581465666,11.32965091623252
alphaearth,local_xgboost,50,1,42,50,26059,-0.2888339715628345,108.34684840842118,75.38495385816621,9.553954924111263
conventional,bias_only,50,1,42,50,26059,-0.3432410848134775,110.6100984977352,76.49909603158616,11.506114992919937
conventional,affine,50,1,42,50,26059,-0.014505621065891372,96.12691937507758,65.64723378304961,9.915089973557782
conventional,local_xgboost,50,1,42,50,26059,-0.16183113212613076,102.8701327863136,69.01335976758187,-0.48211279648441707
alphaearth,bias_only,50,1,43,50,26059,-0.20358628393049782,104.70234548042936,68.18330830060157,-25.17360414370323
alphaearth,affine,50,1,43,50,26059,0.006971728795675647,95.10396029819496,59.71182821677124,-16.96632909093437
alphaearth,local_xgboost,50,1,43,50,26059,0.005279374477347387,95.18496558622188,58.826881233983634,-20.70893019660439
conventional,bias_only,50,1,43,50,26059,-0.3801969202098019,112.12135113494244,76.50721209328812,-21.65627329151245
conventional,affine,50,1,43,50,26059,-0.02947331782603002,96.83343614805656,61.31364348727275,-16.258318769934398
conventional,local_xgboost,50,1,43,50,26059,-0.09308750589001757,99.78040464109297,63.72014646470202,-19.652970420573652
alphaearth,bias_only,50,1,44,50,26059,-0.13517982264546569,101.68341589081028,66.78097536905553,-3.2628612756563378
alphaearth,affine,50,1,44,50,26059,0.023426129435809906,94.31273639258599,60.67813338923362,-3.9404823081756364
alphaearth,local_xgboost,50,1,44,50,26059,-0.04401738238948849,97.5150528391212,64.95141859622552,0.32456129972869774
conventional,bias_only,50,1,44,50,26059,-0.3652493666960621,111.51256038055129,77.77265137314588,18.244120016534456
conventional,affine,50,1,44,50,26059,0.038128704133213676,93.60009252023225,61.50189786599426,-0.3727072807574767
conventional,local_xgboost,50,1,44,50,26059,-0.16456310084609127,102.9910079120707,70.47935507023976,2.366269268655213
alphaearth,bias_only,100,1,42,100,26059,-0.13401166468878478,101.63108371270164,67.03965510943968,0.0798316908078801
alphaearth,affine,100,1,42,100,26059,0.0416175336061988,93.4301885970079,60.90229661257482,0.3920832655594955
alphaearth,local_xgboost,100,1,42,100,26059,-0.12696045390561195,101.31462327842375,67.48216660883918,-2.0752661491548716
conventional,bias_only,100,1,42,100,26059,-0.32871793728645526,110.01051419561492,75.30182990967167,-0.3317018770013076
conventional,affine,100,1,42,100,26059,0.03408271244580141,93.79674449916196,61.86104539074824,0.4377232771023204
conventional,local_xgboost,100,1,42,100,26059,-0.10341702661087626,100.25075135883476,66.44381010114057,-3.8562958882139386
alphaearth,bias_only,100,1,43,100,26059,-0.14393029785395628,102.07457421962803,66.61887253173109,-9.505151161293556
alphaearth,affine,100,1,43,100,26059,0.039691409867535166,93.52402784325525,60.2651245225765,-3.878794328789868
alphaearth,local_xgboost,100,1,43,100,26059,0.054105059609299566,92.81950475316877,58.40180024495007,-9.200558001894759
conventional,bias_only,100,1,43,100,26059,-0.3579740473801176,111.21504213218441,75.78862471689582,-16.32735094910278
conventional,affine,100,1,43,100,26059,0.02012527668452324,94.47199205504018,60.8619849701435,-6.834610662099418
conventional,local_xgboost,100,1,43,100,26059,-0.019430217583552123,96.359945785523,62.38660851519689,-9.08123172546435
alphaearth,bias_only,100,1,44,100,26059,-0.13470088033238636,101.66196306575483,66.82920606837503,-2.5067769872066488
alphaearth,affine,100,1,44,100,26059,0.040054691863413705,93.50633623366629,60.50886281456415,-2.1092651694672053
alphaearth,local_xgboost,100,1,44,100,26059,0.03728217489031571,93.64127151684932,60.460670927165474,-3.2891312090499336
conventional,bias_only,100,1,44,100,26059,-0.3291678187013414,110.02913646894967,75.23403681431017,-2.051259285015848
conventional,affine,100,1,44,100,26059,0.03816375252323878,93.59838721805333,61.23860656564235,-1.8895134002963814
conventional,local_xgboost,100,1,44,100,26059,-0.12057278264367755,101.02708694381668,68.62448003421262,4.163828003771081
alphaearth,bias_only,250,1,42,250,26059,-0.1366793670227049,101.75055436066867,67.63769957777255,4.929960363337552
alphaearth,affine,250,1,42,250,26059,0.036165636816096525,93.69555728208641,62.266402258453006,6.852045886965816
alphaearth,local_xgboost,250,1,42,250,26059,-0.01913530487313042,96.34600671061068,64.13765341287937,4.925960529375223
conventional,bias_only,250,1,42,250,26059,-0.33067283943046544,110.0914120067466,75.60648948179066,4.232704831528352
conventional,affine,250,1,42,250,26059,0.034909755776621254,93.75658030223086,62.91504311326543,7.083106891793142
conventional,local_xgboost,250,1,42,250,26059,-0.046092729323309545,97.61192722801889,65.86840618837746,3.4936926824132426
alphaearth,bias_only,250,1,43,250,26059,-0.16335961273033606,102.93777743732728,66.9504279565956,-16.349777375163654
alphaearth,affine,250,1,43,250,26059,0.026706113811898358,94.15422074198071,59.680401200315224,-11.47103434751706
alphaearth,local_xgboost,250,1,43,250,26059,0.08457304009681621,91.31237629553573,56.155326130012966,-10.958439333527934
conventional,bias_only,250,1,43,250,26059,-0.3626914933186154,111.40804880092028,75.93567897255774,-17.594036778972868
conventional,affine,250,1,43,250,26059,0.027211040668077224,94.12979484000141,60.1765845977906,-10.8896530179088
conventional,local_xgboost,250,1,43,250,26059,0.0016055497983388234,95.36057800410245,60.012879640478964,-13.418576489704797
alphaearth,bias_only,250,1,44,250,26059,-0.14046941768101373,101.92004755290898,66.62304874403948,-7.669764642276706
alphaearth,affine,250,1,44,250,26059,0.03509377616120557,93.74764127057601,60.15081613354641,-5.275038557301172
alphaearth,local_xgboost,250,1,44,250,26059,0.05547750112016536,92.75214231248727,58.92841483629136,-5.26220550197404
conventional,bias_only,250,1,44,250,26059,-0.3332001783890195,110.19591039190473,75.19157157637027,-6.398082498085913
conventional,affine,250,1,44,250,26059,0.038174272695500444,93.59787534617699,60.829933379487755,-4.1207894796689235
conventional,local_xgboost,250,1,44,250,26059,-0.045616089022772144,97.58968680995204,64.97565220108719,0.3454408918986524
alphaearth,bias_only,500,1,42,500,26059,-0.13504759216480555,101.67749346413204,66.79251016008327,-3.072763191217748
alphaearth,affine,500,1,42,500,26059,0.042062744161037946,93.4084848725098,60.67081669987529,-1.2074745151796824
alphaearth,local_xgboost,500,1,42,500,26059,0.08001923666447508,91.53921185382053,58.49534680928843,-0.8396240614318111
conventional,bias_only,500,1,42,500,26059,-0.3294581869767479,110.04115422376563,75.21792486877102,-2.617711873026948
conventional,affine,500,1,42,500,26059,0.040335548593739556,93.4926563891921,61.25841418060457,-0.8443139418765427
conventional,local_xgboost,500,1,42,500,26059,0.010968853371766119,94.91236168217128,62.41607264419265,-1.5077788987224707
alphaearth,bias_only,500,1,43,500,26059,-0.14450326877911546,102.1001345363681,66.62162613427671,-9.775820621571995
alphaearth,affine,500,1,43,500,26059,0.03579417036679022,93.71361090440692,59.98771422101554,-6.491473933050941
alphaearth,local_xgboost,500,1,43,500,26059,0.08678153240968012,91.20216299285639,57.07490550104935,-5.483834967950773
conventional,bias_only,500,1,43,500,26059,-0.3494023202788572,110.86348382785373,75.53965404772399,-13.729852111381192
conventional,affine,500,1,43,500,26059,0.03449360662665357,93.77679215097328,60.45453635142164,-6.955907117730416
conventional,local_xgboost,500,1,43,500,26059,0.036372723219091574,93.68549117580913,59.25825412206603,-7.269077508561854
alphaearth,bias_only,500,1,44,500,26059,-0.13746304059283387,101.78562382852898,66.67006014069453,-5.60735362211949
alphaearth,affine,500,1,44,500,26059,0.03993525798471842,93.51215295935789,60.45541919305826,-2.4793375626848153
alphaearth,local_xgboost,500,1,44,500,26059,0.07945457374651499,91.56729987023274,58.23965048738973,-2.5522364453831736
conventional,bias_only,500,1,44,500,26059,-0.3294738236412591,110.04180135639771,75.21723605725913,-2.644775663928683
conventional,affine,500,1,44,500,26059,0.04003870154489786,93.50711502276003,61.208111144934556,-1.041586394288969
conventional,local_xgboost,500,1,44,500,26059,-0.0005488183328048457,95.46340864500807,62.8097215723535,0.08909567521445241
alphaearth,bias_only,1000,1,42,1000,26059,-0.1371146477572538,101.77003470755614,66.6803882724062,-5.316875102714703
alphaearth,affine,1000,1,42,1000,26059,0.041826178798092806,93.42001790764192,60.58308314411781,-1.9226855768496882
alphaearth,local_xgboost,1000,1,42,1000,26059,0.103601871413453,90.35834467802064,56.917500033687915,-2.5625750526170386
conventional,bias_only,1000,1,42,1000,26059,-0.3295859830231045,110.04644302737303,75.21263880724175,-2.831327520523902
conventional,affine,1000,1,42,1000,26059,0.04032341500804337,93.49324742784677,61.24604758867539,-0.9159521553647869
conventional,local_xgboost,1000,1,42,1000,26059,0.0426117302741823,93.38171521203816,60.21095766210208,-3.193062104640534
alphaearth,bias_only,1000,1,43,1000,26059,-0.1377243159970487,101.79731324263281,66.66327384123076,-5.815683958004672
alphaearth,affine,1000,1,43,1000,26059,0.03995393857814311,93.51124319206262,60.410379861220754,-2.790618364943016
alphaearth,local_xgboost,1000,1,43,1000,26059,0.09747568442458943,90.66658358490693,56.629471628350615,-3.5047974964723605
conventional,bias_only,1000,1,43,1000,26059,-0.3343487909110161,110.24336956359136,75.2035821431454,-7.169192791813869
conventional,affine,1000,1,43,1000,26059,0.03916863336067766,93.54948086578862,60.96642338447895,-2.6069216241663264
conventional,local_xgboost,1000,1,43,1000,26059,0.03738375641479075,93.63633108996565,59.90381428723476,-2.746798119101652
alphaearth,bias_only,1000,1,44,1000,26059,-0.1442902710790912,102.09063342513225,66.62049387353431,-9.676085449468731
alphaearth,affine,1000,1,44,1000,26059,0.03739052789335895,93.63600174920889,60.00463586174274,-6.380350656887458
alphaearth,local_xgboost,1000,1,44,1000,26059,0.10546436726515007,90.26442460773667,55.998380791425205,-5.425355626848885
conventional,bias_only,1000,1,44,1000,26059,-0.33377548609802155,110.21968391067925,75.1971170490817,-6.795256722277938
conventional,affine,1000,1,44,1000,26059,0.036944473613515716,93.65769377655086,60.637975092438985,-5.158049343500669
conventional,local_xgboost,1000,1,44,1000,26059,0.02574103613584444,94.2008888780005,60.38764598577989,-4.190346193734443
alphaearth,bias_only,2500,1,42,2500,26059,-0.13818839595207733,101.81807278663413,66.65280487079791,-6.1683986953678
alphaearth,affine,2500,1,42,2500,26059,0.041368608623125636,93.44232133052417,60.471420794819785,-2.4045452763282236
alphaearth,local_xgboost,2500,1,42,2500,26059,0.1170864835797043,89.67613423140574,55.746913249848575,-3.131545431461444
conventional,bias_only,2500,1,42,2500,26059,-0.32901603947717994,110.02285411185649,75.24626294585266,-1.6808389186569994
conventional,affine,2500,1,42,2500,26059,0.0403429625003946,93.49229524881376,61.29173746001893,-0.6716619534939199
conventional,local_xgboost,2500,1,42,2500,26059,0.06175238982278597,92.44353175393661,59.431519570091545,-1.4137487732233192
alphaearth,bias_only,2500,1,43,2500,26059,-0.1365912454883884,101.74661015748529,66.69908055630539,-4.847873247102855
alphaearth,affine,2500,1,43,2500,26059,0.0414853425268672,93.43663185533633,60.50883703643447,-2.1382638601486046
alphaearth,local_xgboost,2500,1,43,2500,26059,0.11310715750907929,89.87799397807476,56.20397033726215,-2.663052972237128
conventional,bias_only,2500,1,43,2500,26059,-0.32966031976472987,110.04951931569418,75.20989566649163,-2.9484731925120378
conventional,affine,2500,1,43,2500,26059,0.040254581086032415,93.49660032381621,61.190226229412325,-1.2269367350529807
conventional,local_xgboost,2500,1,43,2500,26059,0.05388994017447912,92.83005885564809,59.876527698901675,-1.4053336949903092
alphaearth,bias_only,2500,1,44,2500,26059,-0.13902459444891146,101.8554675131491,66.63826490063985,-6.757622274354991
alphaearth,affine,2500,1,44,2500,26059,0.041287942898107,93.44625268208745,60.42434206941157,-2.8781325967014664
alphaearth,local_xgboost,2500,1,44,2500,26059,0.12430959572612021,89.30856085050777,55.5961390249543,-2.94771791404802
conventional,bias_only,2500,1,44,2500,26059,-0.3320005937612551,110.14632328902688,75.18430819469972,-5.478076910964202
conventional,affine,2500,1,44,2500,26059,0.03989214999838697,93.51425233619455,61.09540620407311,-1.9730349311617792
conventional,local_xgboost,2500,1,44,2500,26059,0.04438702576821407,93.29509567281836,59.920581211645384,-2.1217692959414913
alphaearth,bias_only,25,2,42,25,26037,-0.23527807513548016,93.92226066140152,65.58407828489476,-18.607515044245265
alphaearth,affine,25,2,42,25,26037,0.0441686798502785,82.61840363787788,55.554721416740016,-11.510987982343474
alphaearth,local_xgboost,25,2,42,25,26037,-0.05338072375079439,86.73189872999271,59.022519280310256,-10.426604839946503
conventional,bias_only,25,2,42,25,26037,-0.4796686415932503,102.79415140112584,74.66489281636598,8.24849431482106
conventional,affine,25,2,42,25,26037,0.044077188442729676,82.62235762693706,56.72509328881554,-3.7988187337791337
conventional,local_xgboost,25,2,42,25,26037,-0.03759047538956417,86.07938567634281,59.69424542364496,0.08775638185104503
alphaearth,bias_only,25,2,43,25,26037,-0.21133211240391003,93.00746038807497,66.29401753286183,13.237683189021327
alphaearth,affine,25,2,43,25,26037,-0.022069757613006225,85.43315396501153,58.71000822069878,-10.053865637586927
alphaearth,local_xgboost,25,2,43,25,26037,-0.1384266568630772,90.16514779048772,64.25370229714852,-10.711597649647258
conventional,bias_only,25,2,43,25,26037,-0.47022987024771234,102.46576613988381,74.11946849147411,-0.7958183319123253
conventional,affine,25,2,43,25,26037,-0.37776901405179486,99.19148160770108,71.17057467956424,-13.508900112780758
conventional,local_xgboost,25,2,43,25,26037,-0.34318202105064,97.93853551035693,71.17739985360866,-13.895861030362855
alphaearth,bias_only,25,2,44,25,26037,-0.24824197596564357,94.41381837654158,68.1506345120867,20.947975291472503
alphaearth,affine,25,2,44,25,26037,-0.0408862518601385,86.21598749304282,60.43937302006719,-0.7537001259985724
alphaearth,local_xgboost,25,2,44,25,26037,-0.21766236853469922,93.25016585564575,66.68855370892555,-2.6980265673675174
conventional,bias_only,25,2,44,25,26037,-0.4959999108451658,103.35987001608278,75.33246362400625,13.589070090538844
conventional,affine,25,2,44,25,26037,0.008165486530767319,84.16001010970814,58.73840547946292,1.373482329091895
conventional,local_xgboost,25,2,44,25,26037,-0.11867375235668076,89.37949464231338,64.53646359675281,6.8503566054361125
alphaearth,bias_only,50,2,42,50,26037,-0.21253616074499804,93.05367300930317,64.93988007352934,-13.558562936236232
alphaearth,affine,50,2,42,50,26037,0.03726853834592447,82.91607829665374,55.59711365275664,-13.488331012397506
alphaearth,local_xgboost,50,2,42,50,26037,0.03797966365870964,82.88544949883673,55.527859111269414,-8.79953023961367
conventional,bias_only,50,2,42,50,26037,-0.47151810682173667,102.51064730022176,74.09719070625263,-3.1357464971699036
conventional,affine,50,2,42,50,26037,0.02670065448211889,83.36992030291991,56.49011606305002,-11.484364422141034
conventional,local_xgboost,50,2,42,50,26037,-0.04018779357867963,86.18705619738103,59.10747485480971,-9.277398489741788
alphaearth,bias_only,50,2,43,50,26037,-0.3070902435455758,96.61375397356665,70.85709357893536,29.30982813389438
alphaearth,affine,50,2,43,50,26037,0.0033890255368060895,84.3624149420024,61.49048117640156,19.65385282377052
alphaearth,local_xgboost,50,2,43,50,26037,-0.18555954054571644,92.01271712347328,68.00707923132444,18.406851160217364
conventional,bias_only,50,2,43,50,26037,-0.5041246282328395,103.64016168706551,75.64947909467124,15.57829293296071
conventional,affine,50,2,43,50,26037,-0.037175769421736726,86.0621817777769,62.41644337618374,16.8391718138135
conventional,local_xgboost,50,2,43,50,26037,-0.292185973144367,96.06134914970151,70.97918972624603,13.137647723136238
alphaearth,bias_only,50,2,44,50,26037,-0.23166504209779948,93.78480467641886,67.3457433990263,17.90078647902378
alphaearth,affine,50,2,44,50,26037,-0.05978187938444757,86.99502463038071,60.9437750318902,-3.2752241450189974
alphaearth,local_xgboost,50,2,44,50,26037,-0.15142773630057604,90.67853896783691,64.64626590013796,-0.015444405724229225
conventional,bias_only,50,2,44,50,26037,-0.5016979201347618,103.5565230246819,75.55529167115988,15.01178061209009
conventional,affine,50,2,44,50,26037,0.04160387956997136,82.72917514228361,57.786191933607064,3.7359098223617613
conventional,local_xgboost,50,2,44,50,26037,-0.2572608669132712,94.75428736621798,67.60755697544477,5.300571720752355
alphaearth,bias_only,100,2,42,100,26037,-0.18734500439672797,92.08197706670695,64.5456218731578,-1.9847087663198553
alphaearth,affine,100,2,42,100,26037,0.06235263336789065,81.82875428874115,55.83265315964623,-3.9230335355063684
alphaearth,local_xgboost,100,2,42,100,26037,0.058337468312008256,82.00376943007582,56.091098521732775,-2.1059860000467303
conventional,bias_only,100,2,42,100,26037,-0.4721559095309751,102.53286057955329,74.3063672135575,3.7930983127464852
conventional,affine,100,2,42,100,26037,0.03984908630756556,82.80487776941077,56.91715671554732,-3.571416186163522
conventional,local_xgboost,100,2,42,100,26037,-0.0417281406543617,86.25084701908007,60.193404481216355,-1.9411434131909568
alphaearth,bias_only,100,2,43,100,26037,-0.3005150148161224,96.37044313307312,70.56332331620905,28.497559159311248
alphaearth,affine,100,2,43,100,26037,0.003520396750506638,84.35685451853857,61.432662866014866,19.944894414310937
alphaearth,local_xgboost,100,2,43,100,26037,-0.1725970837605726,91.50831859451613,68.79302260978778,28.681846891161328
conventional,bias_only,100,2,43,100,26037,-0.531925860714602,104.59358393016463,76.69249289727341,21.005187348377564
conventional,affine,100,2,43,100,26037,0.009459595381547947,84.10508776034739,60.679438014094025,15.61991246542885
conventional,local_xgboost,100,2,43,100,26037,-0.21383040207318027,93.10332175096049,68.49616000697179,20.581375574201328
alphaearth,bias_only,100,2,44,100,26037,-0.18871802260620085,92.13520241472294,64.89785235241263,3.707302574046338
alphaearth,affine,100,2,44,100,26037,0.03484508036395906,83.0203739082525,56.63724455038375,-7.09795671855337
alphaearth,local_xgboost,100,2,44,100,26037,-0.03644055414733938,86.03167323254318,60.17976213761846,-1.4380502140776643
conventional,bias_only,100,2,44,100,26037,-0.4752254205015116,102.63969772052674,74.46374718554281,6.025582490112685
conventional,affine,100,2,44,100,26037,0.0380220865073424,82.88362195137728,56.84549273166478,-4.135030306991493
conventional,local_xgboost,100,2,44,100,26037,-0.08051717767351918,87.84195815772146,60.98986476173144,-5.033489720157466
alphaearth,bias_only,250,2,42,250,26037,-0.19826897468962779,92.50459968479257,65.55325535759445,9.05259803687802
alphaearth,affine,250,2,42,250,26037,0.05545850049841228,82.12902982439384,57.35216705720075,5.032418487599152
alphaearth,local_xgboost,250,2,42,250,26037,-0.036621448677540025,86.03918064821401,60.55231438241666,9.820384571215156
conventional,bias_only,250,2,42,250,26037,-0.48486027206445814,102.97432753626336,74.88375527431364,10.252425455944353
conventional,affine,250,2,42,250,26037,0.02585894628874763,83.40596161973824,58.62315660756655,6.13548143315212
conventional,local_xgboost,250,2,42,250,26037,-0.13831196972999482,90.16060597714734,63.24757763646875,8.738575439461131
alphaearth,bias_only,250,2,43,250,26037,-0.19859426853738693,92.51715493568702,65.57286165754694,9.18000685007797
alphaearth,affine,250,2,43,250,26037,0.06296735497975481,81.80192642535177,56.72365666178626,2.8750220811503104
alphaearth,local_xgboost,250,2,43,250,26037,0.029998916308294987,83.22854078898088,58.46926057990524,7.372211311106007
conventional,bias_only,250,2,43,250,26037,-0.4728967728334941,102.5586571947532,74.34703837547451,4.436018685144307
conventional,affine,250,2,43,250,26037,0.046280736011648727,82.52707412992615,57.198207729107196,0.5742614079917809
conventional,local_xgboost,250,2,43,250,26037,-0.0405246946327531,86.20101240774947,60.647697421743054,4.2795206358857385
alphaearth,bias_only,250,2,44,250,26037,-0.18906962011854866,92.1488272240996,64.92805190179863,4.031739965638036
alphaearth,affine,250,2,44,250,26037,0.05335774113615943,82.220310886098,55.85727817205406,-6.909710331267453
alphaearth,local_xgboost,250,2,44,250,26037,0.023421414977829014,83.51024714491136,57.48516778363747,0.11381394876236031
conventional,bias_only,250,2,44,250,26037,-0.4717630122311871,102.51917739150791,74.2833754801488,3.403208664704367
conventional,affine,250,2,44,250,26037,0.03763361730703596,82.90035543558353,56.50089803746029,-7.694987613662947
conventional,local_xgboost,250,2,44,250,26037,-0.05751699731532267,86.90201546549842,59.96914539839108,-6.6510588115244795
alphaearth,bias_only,500,2,42,500,26037,-0.19340825626605307,92.3167888789497,65.24739400839849,6.872996238478109
alphaearth,affine,500,2,42,500,26037,0.05604300732613565,82.10361410274851,56.51632271973292,-0.9844610073914172
alphaearth,local_xgboost,500,2,42,500,26037,0.05848707610943027,81.99725494625598,56.17047354642117,2.689913224185592
conventional,bias_only,500,2,42,500,26037,-0.47962716333485855,102.7927106217061,74.66309428210405,8.230519615544436
conventional,affine,500,2,42,500,26037,0.046451181157294075,82.51969933514745,57.06726597605625,-0.3563284800848351
conventional,local_xgboost,500,2,42,500,26037,-0.06628148620482976,87.2613856470299,60.38192534454609,2.623261336965955
alphaearth,bias_only,500,2,43,500,26037,-0.19625508819794857,92.42683246066727,65.43067399408092,8.21997123388024
alphaearth,affine,500,2,43,500,26037,0.06364322790194621,81.77241961970734,56.44692418620088,0.8861337261662484
alphaearth,local_xgboost,500,2,43,500,26037,0.08437741716243596,80.86198876935285,55.58021800295382,1.609309140941564
conventional,bias_only,500,2,43,500,26037,-0.4724556446556871,102.54329803913109,74.32316218467342,4.065472780146569
conventional,affine,500,2,43,500,26037,0.04655013243227002,82.51541762395219,57.009912368917426,-0.7852136114635924
conventional,local_xgboost,500,2,43,500,26037,0.019943978147090702,83.65879819584066,57.751063460980745,-2.313972250375905
alphaearth,bias_only,500,2,44,500,26037,-0.20835413584723406,92.89306381847894,66.13237694834228,12.40845977378195
alphaearth,affine,500,2,44,500,26037,0.06387278724072276,81.7623952498294,56.38512102694257,0.5101544312021342
alphaearth,local_xgboost,500,2,44,500,26037,0.06788804297345452,81.58685836059773,56.648844617031905,4.260308918847379
conventional,bias_only,500,2,44,500,26037,-0.4850668249161072,102.98148945640077,74.89222249303154,10.32411094684828
conventional,affine,500,2,44,500,26037,0.042245421568190555,82.70148141312896,56.99491379216468,-2.1896333664927514
conventional,local_xgboost,500,2,44,500,26037,-0.014458892399636492,85.11446964207475,58.758774594016906,0.8099780183787114
alphaearth,bias_only,1000,2,42,1000,26037,-0.20269321647235006,92.6752148179939,65.81412690162503,10.655703164732083
alphaearth,affine,1000,2,42,1000,26037,0.06206722543432863,81.84120715725017,56.73164692802586,2.4744789605687076
alphaearth,local_xgboost,1000,2,42,1000,26037,0.09664725817398179,80.31836407751942,55.68540466674407,6.618102235894832
conventional,bias_only,1000,2,42,1000,26037,-0.4830502562175476,102.91154654508424,74.80874410880018,9.601380550998417
conventional,affine,1000,2,42,1000,26037,0.046228178798688124,82.52934803453289,57.351516933308716,1.6766271948768483
conventional,local_xgboost,1000,2,42,1000,26037,-0.011014450268425069,84.96985010845275,59.11324007914626,4.084621063971809
alphaearth,bias_only,1000,2,43,1000,26037,-0.19855927371372029,92.5158043347204,65.57075340191537,9.166385333043435
alphaearth,affine,1000,2,43,1000,26037,0.0643647875823371,81.74090649660361,56.42669526503745,1.053869878045827
alphaearth,local_xgboost,1000,2,43,1000,26037,0.12044149960747297,79.2535155256249,53.990714526468,1.0219004646931023
conventional,bias_only,1000,2,43,1000,26037,-0.47450237326425926,102.61454141405609,74.4287596392859,5.580699400709758
conventional,affine,1000,2,43,1000,26037,0.04575360219035163,82.54987790672833,57.02905402858718,-0.7986367562782206
conventional,local_xgboost,1000,2,43,1000,26037,0.0503154046384624,82.35232548558977,56.49346626830268,-0.9182506752135569
alphaearth,bias_only,1000,2,44,1000,26037,-0.20072808228802885,92.59947077778067,65.69983900505457,9.975497817082609
alphaearth,affine,1000,2,44,1000,26037,0.0638306119209413,81.76423704882849,56.54752219478105,1.7031267661453697
alphaearth,local_xgboost,1000,2,44,1000,26037,0.11017258338273361,79.71481857883052,54.56291447762953,1.3406979029679638
conventional,bias_only,1000,2,44,1000,26037,-0.4850388708049802,102.98052021734055,74.89107737627297,10.314438444148948
conventional,affine,1000,2,44,1000,26037,0.04649087625684978,82.5179817189612,57.204546282977084,0.6576773394252565
conventional,local_xgboost,1000,2,44,1000,26037,0.04738696514606777,82.47919822672704,57.20841606386372,3.0806591732636885
alphaearth,bias_only,2500,2,42,2500,26037,-0.1954009727015753,92.39383060057865,65.37721545109592,7.840185037483975
alphaearth,affine,2500,2,42,2500,26037,0.06341972989747957,81.78217812346999,56.40325736598716,0.48681464201019564
alphaearth,local_xgboost,2500,2,42,2500,26037,0.1431303726712344,78.22463496664949,53.09097120373061,1.6988459483634497
conventional,bias_only,2500,2,42,2500,26037,-0.47772594739197927,102.72664872305907,74.57920181380626,7.359650403030284
conventional,affine,2500,2,42,2500,26037,0.04638941070690972,82.52237208579514,57.06416234099191,-0.42763331533360044
conventional,local_xgboost,2500,2,42,2500,26037,0.055480260256474456,82.12808380025805,56.41401361045263,0.9824581552799374
alphaearth,bias_only,2500,2,43,2500,26037,-0.19186405321805267,92.2570431839229,65.14101618194702,6.017523195948611
alphaearth,affine,2500,2,43,2500,26037,0.06396967682889565,81.75816391797241,56.097602132348406,-1.541219403039022
alphaearth,local_xgboost,2500,2,43,2500,26037,0.14613633680353577,78.08730542161271,52.584460097886875,-0.8137296250874555
conventional,bias_only,2500,2,43,2500,26037,-0.473206522843697,102.56944066434056,74.36332685199683,4.678702211054927
conventional,affine,2500,2,43,2500,26037,0.045556849930777354,82.5583877831698,56.791898472250956,-2.7568946435151167
conventional,local_xgboost,2500,2,43,2500,26037,0.0580598697261715,82.01585574136742,55.94749798822506,-1.3350733440499842
alphaearth,bias_only,2500,2,44,2500,26037,-0.19262641736631703,92.28654412344984,65.19413360056033,6.45405257361743
alphaearth,affine,2500,2,44,2500,26037,0.064174585909337,81.7492144711789,56.082370824221115,-1.5377647653567872
alphaearth,local_xgboost,2500,2,44,2500,26037,0.15121863961586735,77.85456589999158,52.276285572377134,-1.7069871204994946
conventional,bias_only,2500,2,44,2500,26037,-0.4750008920340949,102.63188657158264,74.45299129036036,5.891030251683764
conventional,affine,2500,2,44,2500,26037,0.045352276704050176,82.56723499993574,56.7779495240142,-2.959087534382425
conventional,local_xgboost,2500,2,44,2500,26037,0.06981435176634443,81.50251078667614,55.604794395582644,-0.6492594868638198
alphaearth,bias_only,25,3,42,25,26033,-0.1485337374580582,93.32411108219848,65.16061226180294,8.038323604522983
alphaearth,affine,25,3,42,25,26033,-0.6611913054769407,112.23590381484993,82.86159276968594,-18.93547633145985
alphaearth,local_xgboost,25,3,42,25,26033,-0.475283334389768,105.76931743646904,77.31182380639446,-21.5011722543145
conventional,bias_only,25,3,42,25,26033,-0.41883168609250987,103.7259504299247,73.93858550250474,5.895795710381701
conventional,affine,25,3,42,25,26033,-0.1216329801781213,92.22472499013577,64.8254038164488,-9.37975375076923
conventional,local_xgboost,25,3,42,25,26033,-0.3463028672743773,101.0400072890393,71.35579633814902,-27.019133255753495
alphaearth,bias_only,25,3,43,25,26033,-0.2783500022867602,98.4570619297177,72.40868869818308,32.38854706405911
alphaearth,affine,25,3,43,25,26033,-0.07746389978250345,90.39061631509264,68.57977653177842,32.658264775786094
alphaearth,local_xgboost,25,3,43,25,26033,-0.11385119500558072,91.90424488023972,68.20763492468312,19.75523677743787
conventional,bias_only,25,3,43,25,26033,-0.633709736708373,111.30365659905289,82.61296293220151,40.794504369917846
conventional,affine,25,3,43,25,26033,-0.15996328407172022,93.78731546536315,71.66457921160814,36.39067824336381
conventional,local_xgboost,25,3,43,25,26033,-0.316289277036621,99.90739958908591,75.29968592887802,21.881910905388434
alphaearth,bias_only,25,3,44,25,26033,-0.1430761470841888,93.10211879477747,64.68776658270714,4.819695131993689
alphaearth,affine,25,3,44,25,26033,0.04885780884291835,84.9267895341908,58.20787576023501,-2.925215299008185
alphaearth,local_xgboost,25,3,44,25,26033,0.015155645987200095,86.41831284251526,59.67660635774177,-1.5960798664736493
conventional,bias_only,25,3,44,25,26033,-0.41453730320434246,103.56885762078092,73.59169699079936,-1.4818513221475824
conventional,affine,25,3,44,25,26033,0.04591576952706433,85.05803438979781,58.11868263792938,-3.9988449096975365
conventional,local_xgboost,25,3,44,25,26033,-0.06955645421741696,90.05831974992313,61.16607599191568,-14.609599254983957
alphaearth,bias_only,50,3,42,50,26033,-0.14057999852515257,93.00040915328509,64.37630590438846,2.0738948302505316
alphaearth,affine,50,3,42,50,26033,0.02103019282283025,86.16018690380382,59.22592389044136,-4.9368398861265
alphaearth,local_xgboost,50,3,42,50,26033,-0.1814383692550714,94.65150397478757,66.45870479381355,-1.7115093045710374
conventional,bias_only,50,3,42,50,26033,-0.47531408520726437,105.77041975896968,76.3909386777452,21.51904529610924
conventional,affine,50,3,42,50,26033,0.04116857618463077,85.26938150745534,58.8106169086195,-1.3792254088722746
conventional,local_xgboost,50,3,42,50,26033,-0.19491615381061034,95.18986253813046,68.67432721602302,11.409762960905043
alphaearth,bias_only,50,3,43,50,26033,-0.24157669013216743,97.03060933867818,70.56332830145544,27.751830313038617
alphaearth,affine,50,3,43,50,26033,-0.0473488753841087,89.11845912666244,66.85779188580544,28.982456759518392
alphaearth,local_xgboost,50,3,43,50,26033,-0.22138530058259653,96.23838535316695,71.94778789771114,29.87831524893951
conventional,bias_only,50,3,43,50,26033,-0.4965996939543065,106.53070707092395,77.24712084521407,24.98958109889734
conventional,affine,50,3,43,50,26033,-0.11383524654538157,91.9035869214186,67.99024871855677,27.180035732823637
conventional,local_xgboost,50,3,43,50,26033,-0.26087696647586767,97.78187012504785,70.3447489619202,8.03686558172659
alphaearth,bias_only,50,3,44,50,26033,-0.14115514331474954,93.02385422487954,64.04694066081196,-2.9431941730282962
alphaearth,affine,50,3,44,50,26033,0.056920413224695876,84.56607145746099,57.60387949855356,-2.123226899242543
alphaearth,local_xgboost,50,3,44,50,26033,-0.0017192383205211215,87.15553855020197,60.47208077726616,3.8130453169071563
conventional,bias_only,50,3,44,50,26033,-0.4262631817976674,103.99724132040465,73.80754531904267,-9.545355767169571
conventional,affine,50,3,44,50,26033,0.03674824053524395,85.46570688043175,58.14363337057262,-4.242267077451167
conventional,local_xgboost,50,3,44,50,26033,-0.06567328126079008,89.89468648520781,61.72464478478218,-3.462430233554525
alphaearth,bias_only,100,3,42,100,26033,-0.1439274692783048,93.13678190460622,64.77133545760051,5.448401658715503
alphaearth,affine,100,3,42,100,26033,0.05290323368009997,84.74599057431507,59.01239392984144,6.091938560131673
alphaearth,local_xgboost,100,3,42,100,26033,-0.08662654177725182,90.77413892618837,64.35665081293764,9.430891371908764
conventional,bias_only,100,3,42,100,26033,-0.4346579088298932,104.30284676858265,74.69267803039179,12.440717764574199
conventional,affine,100,3,42,100,26033,0.03945191605994891,85.34567911525765,60.194328006324696,7.958426570242887
conventional,local_xgboost,100,3,42,100,26033,-0.24530678352613022,97.17625551767416,68.78657559254006,12.067741835610788
alphaearth,bias_only,100,3,43,100,26033,-0.21451837724977785,95.9674662930992,69.1378415798927,23.769297924121368
alphaearth,affine,100,3,43,100,26033,-0.016178824261778413,87.78231983221899,64.86140484559151,24.520407246902554
alphaearth,local_xgboost,100,3,43,100,26033,-0.26667235160518965,98.00633053613198,70.86975929491352,20.62403085709048
conventional,bias_only,100,3,43,100,26033,-0.4736255947121184,105.70987554027613,76.32210550386837,21.219458079980097
conventional,affine,100,3,43,100,26033,-0.11644555380458033,92.01121334732524,66.92104480323806,22.775168807646654
conventional,local_xgboost,100,3,43,100,26033,-0.22930083295834724,96.54973174340705,69.29026481733169,9.747970994419457
alphaearth,bias_only,100,3,44,100,26033,-0.14237554177045864,93.07358270944655,64.00938728667641,-4.232816492679156
alphaearth,affine,100,3,44,100,26033,0.05495787419581322,84.65401629549035,57.73979741284484,-1.453550908211147
alphaearth,local_xgboost,100,3,44,100,26033,-0.006600005112439078,87.3676084292139,60.22210995398324,-0.2373251972498708
conventional,bias_only,100,3,44,100,26033,-0.4334633525796774,104.25941426685488,74.00211223776675,-12.071167206820451
conventional,affine,100,3,44,100,26033,0.01268775833069602,86.52652143756214,58.697193058454936,-4.695326016083038
conventional,local_xgboost,100,3,44,100,26033,-0.04673905633627484,89.09251073055889,60.57623437762397,-8.303906496495944
alphaearth,bias_only,250,3,42,250,26033,-0.14428790613925124,93.15145385115132,63.98859912466383,-5.69370632116574
alphaearth,affine,250,3,42,250,26033,0.059871975785499854,84.43363425097019,57.325115283591465,-3.950307736038531
alphaearth,local_xgboost,250,3,42,250,26033,0.04042892334203518,85.30226402484722,57.70025715527648,-2.836973745549806
conventional,bias_only,250,3,42,250,26033,-0.417472450605455,103.67625398713578,73.6068672845943,-4.945023283307029
conventional,affine,250,3,42,250,26033,0.04372380532782949,85.15568677541664,58.42400677946042,-3.1122548763510136
conventional,local_xgboost,250,3,42,250,26033,-0.043753363292644565,88.96535733737535,60.93381129575516,-2.34592793978177
alphaearth,bias_only,250,3,43,250,26033,-0.14576170209826755,93.21142217695798,64.93542902531559,6.602587473074489
alphaearth,affine,250,3,43,250,26033,0.059509579832455306,84.44990621521465,58.84577706953059,5.528612751172564
alphaearth,local_xgboost,250,3,43,250,26033,-0.0156004605771356,87.75733538518611,60.57295110470574,3.248587361130772
conventional,bias_only,250,3,43,250,26033,-0.4143512815062016,103.562047376833,73.60006369688482,-0.8861553750667844
conventional,affine,250,3,43,250,26033,0.013597618864575778,86.48664286125188,59.69414297855559,2.339193537854299
conventional,local_xgboost,250,3,43,250,26033,-0.035996110158753813,88.63414218778105,60.42258075458111,-5.726711883948713
alphaearth,bias_only,250,3,44,250,26033,-0.14015578388392158,92.98311277587896,64.13358652016244,-1.0412485679858101
alphaearth,affine,250,3,44,250,26033,0.06110319982702028,84.37832753935457,57.97632626687321,1.00105827162035
alphaearth,local_xgboost,250,3,44,250,26033,0.07361098310067027,83.81440808133074,56.6066385108076,1.6740610608349185
conventional,bias_only,250,3,44,250,26033,-0.42504086519041806,103.95266862035483,73.7761201761586,-9.046818654127101
conventional,affine,250,3,44,250,26033,0.04388978698856638,85.1482961827359,58.429654058526495,-1.111942648774827
conventional,local_xgboost,250,3,44,250,26033,-0.021520373548042482,88.01273154985113,60.32027469888949,-0.9414024625631201
alphaearth,bias_only,500,3,42,500,26033,-0.14848157949293572,93.32199201036106,64.00457749831351,-8.013683913806364
alphaearth,affine,500,3,42,500,26033,0.06171840880598101,84.35067870136584,57.41709897243477,-3.648305663474306
alphaearth,local_xgboost,500,3,42,500,26033,0.07366046029161855,83.81216984406281,56.38096047134486,-1.427123453401327
conventional,bias_only,500,3,42,500,26033,-0.4216172169982253,103.82772084098414,73.69167842186589,-7.475508644947656
conventional,affine,500,3,42,500,26033,0.04692736737242942,85.0129297011738,58.26112914836824,-2.7890586116502187
conventional,local_xgboost,500,3,42,500,26033,0.020638387731180652,86.17742677304315,58.26113717771161,-3.3695884990363365
alphaearth,bias_only,500,3,43,500,26033,-0.142005179707978,93.05849409928943,64.57192789200501,3.886934668346467
alphaearth,affine,500,3,43,500,26033,0.05921462437033864,84.46314771555637,58.823029708968825,5.605705113266752
alphaearth,local_xgboost,500,3,43,500,26033,0.06845904127995661,84.04714414372029,56.644958511542946,0.27886451055335537
conventional,bias_only,500,3,43,500,26033,-0.414595032334095,103.57097098993898,73.59018016902814,-1.622851276654831
conventional,affine,500,3,43,500,26033,0.028295115806908577,85.83989472876638,59.50333595284343,3.397770015113935
conventional,local_xgboost,500,3,43,500,26033,-0.01323574984459186,87.65510933327666,59.698363161823394,-2.4254860206737985
alphaearth,bias_only,500,3,44,500,26033,-0.14349668348172617,93.1192433010201,63.993778338282894,-5.1398842441327774
alphaearth,affine,500,3,44,500,26033,0.06247771936831814,84.31654112208531,57.93391472211605,-0.052022783191368036
alphaearth,local_xgboost,500,3,44,500,26033,0.0761884296209222,83.6977305191322,57.15287217654966,3.0338350835604055
conventional,bias_only,500,3,44,500,26033,-0.4183898347390367,103.7097980487823,73.62259818472893,-5.604446965274056
conventional,affine,500,3,44,500,26033,0.04660051269012366,85.02750597333869,58.82637373087095,0.6576044819956389
conventional,local_xgboost,500,3,44,500,26033,-0.0015815318582437232,87.14954770320323,60.538834051061976,0.7726475078861864
alphaearth,bias_only,1000,3,42,1000,26033,-0.14086173153381987,93.01189439207869,64.06189668650687,-2.537210178858917
alphaearth,affine,1000,3,42,1000,26033,0.06354380054092834,84.26858821098877,57.94034355134779,0.6368632739112742
alphaearth,local_xgboost,1000,3,42,1000,26033,0.11323657055520586,82.00226922622741,55.15226196765623,1.3987377126985356
conventional,bias_only,1000,3,42,1000,26033,-0.4170737544707681,103.66167231793374,73.60093060331725,-4.629246398500192
conventional,affine,1000,3,42,1000,26033,0.047939978970585995,84.96775583218887,58.67320568333987,0.5852345188122802
conventional,local_xgboost,1000,3,42,1000,26033,0.04359979498489863,85.16120811100886,57.84014374247888,1.0507879659017072
alphaearth,bias_only,1000,3,43,1000,26033,-0.14006411720504053,92.97937485489241,64.15885950572537,-0.6237671802098743
alphaearth,affine,1000,3,43,1000,26033,0.06311270344483622,84.28798247831561,58.12505592066449,1.6934369261157294
alphaearth,local_xgboost,1000,3,43,1000,26033,0.12258619989801611,81.56882642111144,54.09919073180438,-0.11375921797799234
conventional,bias_only,1000,3,43,1000,26033,-0.4163306163636986,103.63448776209701,73.59192886216037,-3.9742506437811533
conventional,affine,1000,3,43,1000,26033,0.04282746392916792,85.19558669660374,58.72486920005534,0.6743951793305164
conventional,local_xgboost,1000,3,43,1000,26033,0.02282859065816223,86.08101105995091,58.30908148608796,-2.4564624265943453
alphaearth,bias_only,1000,3,44,1000,26033,-0.1419647426952142,93.05684654072665,64.01884712451853,-3.8472880309195214
alphaearth,affine,1000,3,44,1000,26033,0.06284944014101124,84.29982401689222,57.97155023685285,0.3810837080949665
alphaearth,local_xgboost,1000,3,44,1000,26033,0.10230753667032377,82.50604570396709,55.67026193263146,3.7628271595323763
conventional,bias_only,1000,3,44,1000,26033,-0.41906839294262443,103.73460248474011,73.63562213520166,-6.046103467060806
conventional,affine,1000,3,44,1000,26033,0.045998651009612646,85.05433980556859,58.872985255004046,0.7370262867474612
conventional,local_xgboost,1000,3,44,1000,26033,0.041415169534188445,85.25841596440978,58.700435913316106,1.0125567832135225
alphaearth,bias_only,2500,3,42,2500,26033,-0.14039443707009824,92.99284370709911,64.09871008110782,-1.70115191016908
alphaearth,affine,2500,3,42,2500,26033,0.06345842383965417,84.27242950656233,57.95430876111723,0.631400822249533
alphaearth,local_xgboost,2500,3,42,2500,26033,0.13824175573734,80.83784118864679,53.380325539115894,0.2278117132282124
conventional,bias_only,2500,3,42,2500,26033,-0.41968224392244613,103.7570364642712,73.64825436707477,-6.419519476990379
conventional,affine,2500,3,42,2500,26033,0.04792910331093925,84.96824113654677,58.62475314865016,-0.04685564448114032
conventional,local_xgboost,2500,3,42,2500,26033,0.06580362782826865,84.16684961366843,56.652473383172186,-0.1720992786856937
alphaearth,bias_only,2500,3,43,2500,26033,-0.14104899501092016,93.01952766418648,64.05195110807178,-2.8031168289710173
alphaearth,affine,2500,3,43,2500,26033,0.06351789194504298,84.26975391724297,57.764390433829476,-0.6184834674592119
alphaearth,local_xgboost,2500,3,43,2500,26033,0.1425200326748599,80.63692811960084,53.439557459854505,-0.25615145614079315
conventional,bias_only,2500,3,43,2500,26033,-0.4164460472203224,103.63871077818935,73.59319193886475,-4.082889446524297
conventional,affine,2500,3,43,2500,26033,0.04669721975633412,85.02319352651726,58.45266863498157,-0.7636475042689403
conventional,local_xgboost,2500,3,43,2500,26033,0.06383647773491286,84.25541865681338,56.714690820120566,-2.209567124632774
alphaearth,bias_only,2500,3,44,2500,26033,-0.14051603329188755,92.99780132381268,64.08668363938749,-1.953455438918929
alphaearth,affine,2500,3,44,2500,26033,0.06272087408588556,84.30560629169227,58.153496834160286,1.6332363981814957
alphaearth,local_xgboost,2500,3,44,2500,26033,0.08695417116530402,83.2086109048622,55.07991569800877,2.0046499960688458
conventional,bias_only,2500,3,44,2500,26033,-0.41841598916442235,103.7107542237366,73.62308460024741,-5.6221131368602135
conventional,affine,2500,3,44,2500,26033,0.04673731611448084,85.02140545019087,58.93621870761346,1.4972352997053056
conventional,local_xgboost,2500,3,44,2500,26033,0.045753114802187356,85.06528453665602,57.75809366800944,-0.062310562014331536
alphaearth,bias_only,25,4,42,25,26033,-0.17558510573349873,92.23460716119821,63.35122399972624,-7.985865089621443
alphaearth,affine,25,4,42,25,26033,-0.018534069421041854,85.85283584217272,57.77660464271,-7.550452358923815
alphaearth,local_xgboost,25,4,42,25,26033,-0.020770127511511305,85.9470235022263,58.11735507774272,-18.167148138610155
conventional,bias_only,25,4,42,25,26033,-0.5377407488754269,105.48930385377032,75.24985565529572,-21.472887918444865
conventional,affine,25,4,42,25,26033,0.018649567069142448,84.27115068406812,56.70349104968251,-11.306643674716929
conventional,local_xgboost,25,4,42,25,26033,-0.06082758876969585,87.61717932916622,59.764575087199596,-16.835879980457747
alphaearth,bias_only,25,4,43,25,26033,-0.16866109786722494,91.96258249720206,63.34026133994028,-3.6970072496238826
alphaearth,affine,25,4,43,25,26033,-0.0062338493588907085,85.33286483778417,57.92409187955176,-2.5110277198879873
alphaearth,local_xgboost,25,4,43,25,26033,-0.014988075055240468,85.70325856604346,58.675279738509595,-4.555560409928895
conventional,bias_only,25,4,43,25,26033,-0.518740301546138,104.83556102661986,74.67493291761934,-17.988511438447315
conventional,affine,25,4,43,25,26033,0.037741986298639785,83.447366065451,56.88690618737549,-4.977537478188507
conventional,local_xgboost,25,4,43,25,26033,-0.07929816741792517,88.37666006977686,62.249058930401105,-2.250895453173474
alphaearth,bias_only,25,4,44,25,26033,-0.22282517692772363,94.06954660058665,67.03407195934618,20.140280054880506
alphaearth,affine,25,4,44,25,26033,0.028636474602360185,83.84125310392879,59.80199723289564,13.15276911447609
alphaearth,local_xgboost,25,4,44,25,26033,-0.22811126216549815,94.2726514332088,68.17380710704732,15.712391181816894
conventional,bias_only,25,4,44,25,26033,-0.4760996508117672,103.35338464787696,73.66549243367484,3.874765306057107
conventional,affine,25,4,44,25,26033,0.006690812102867261,84.78306078924282,60.438888072786476,10.82115662008284
conventional,local_xgboost,25,4,44,25,26033,-0.31172372120461955,97.42895648428164,71.1802477942476,16.63449038092987
alphaearth,bias_only,50,4,42,50,26033,-0.18277573137671088,92.51625986434755,63.47206456784245,-10.761487923914657
alphaearth,affine,50,4,42,50,26033,0.03641079723970586,83.50506671702121,56.01333678813051,-7.925131981378566
alphaearth,local_xgboost,50,4,42,50,26033,0.010022784538045282,84.64074250384179,57.590555775809285,-10.957780616372192
conventional,bias_only,50,4,42,50,26033,-0.49447634088453696,103.99474321766311,73.96382746506748,-12.16545539273806
conventional,affine,50,4,42,50,26033,0.01097954081417174,84.59983240229077,57.23823051337272,-7.726096796535312
conventional,local_xgboost,50,4,42,50,26033,-0.019953139140683085,85.9126221358526,59.35633552067535,-0.9125870079705667
alphaearth,bias_only,50,4,43,50,26033,-0.1816606055610963,92.472637225202,63.45008785404028,-10.379784122653676
alphaearth,affine,50,4,43,50,26033,0.03036179403863748,83.7667613048274,55.93146121618911,-10.55211075583306
alphaearth,local_xgboost,50,4,43,50,26033,-0.0104346492648697,85.51080207409865,56.81768149274768,-18.421812297067675
conventional,bias_only,50,4,43,50,26033,-0.5382741458512419,105.50759783380036,75.26598886897735,-21.562580751477064
conventional,affine,50,4,43,50,26033,0.020438717398274964,84.19429610924963,56.64070378846772,-13.153128100288502
conventional,local_xgboost,50,4,43,50,26033,-0.09424270235368759,88.98641164746923,61.35138120529873,-15.790758228391784
alphaearth,bias_only,50,4,44,50,26033,-0.17551057504165213,92.23168333288089,64.36290719684446,7.952024488512095
alphaearth,affine,50,4,44,50,26033,0.06047968731017184,82.45556120524077,57.00918075221943,3.5242355153423253
alphaearth,local_xgboost,50,4,44,50,26033,-0.008503073380091708,85.4290305240781,59.3150243732352,3.928718222770575
conventional,bias_only,50,4,44,50,26033,-0.4752943725492058,103.32518885897815,73.48689565636677,-3.0308976803113046
conventional,affine,50,4,44,50,26033,0.040477058954579204,83.32868842527677,57.74446196570425,0.7069255646095377
conventional,local_xgboost,50,4,44,50,26033,-0.09423859328917983,88.98624456787698,62.14265947109952,1.7115333552677643
alphaearth,bias_only,100,4,42,100,26033,-0.16677885751892774,91.88849539162764,63.47844765275381,-0.21649107660812505
alphaearth,affine,100,4,42,100,26033,0.058852850052783734,82.52691876865366,56.08116253572627,-2.3773048384563835
alphaearth,local_xgboost,100,4,42,100,26033,0.00045322779982026606,85.04884603712802,58.84515472352216,-4.747961675017669
conventional,bias_only,100,4,42,100,26033,-0.4743355016763675,103.29160518249537,73.55019684120259,1.4991294745684414
conventional,affine,100,4,42,100,26033,0.04333040468670524,83.20469838176788,57.102201284437,-2.7075968958925762
conventional,local_xgboost,100,4,42,100,26033,-0.16369246218131028,91.7668819342845,64.29907755421603,0.3486197091069479
alphaearth,bias_only,100,4,43,100,26033,-0.16922932000598734,91.98493663610577,63.86253931662688,4.216616060002591
alphaearth,affine,100,4,43,100,26033,0.05948678647488481,82.4991199103918,56.74649380560323,0.8792715176443568
alphaearth,local_xgboost,100,4,43,100,26033,0.031151481868089692,83.7326439065549,56.91454609837437,-1.230411865166049
conventional,bias_only,100,4,43,100,26033,-0.4812260757955473,103.53269982771181,73.60511988566073,-7.218837968820843
conventional,affine,100,4,43,100,26033,0.04298256191964611,83.21982352126908,57.14501646460045,-2.1109345502119967
conventional,local_xgboost,100,4,43,100,26033,-0.050739224481245904,87.19956879183185,61.063429014557606,0.5400161164449421
alphaearth,bias_only,100,4,44,100,26033,-0.1710640685571787,92.05707948707824,64.02633691936347,5.572895722989656
alphaearth,affine,100,4,44,100,26033,0.060415309416607554,82.45838617045986,56.71755316362885,1.0779513579033375
alphaearth,local_xgboost,100,4,44,100,26033,0.014656899750984054,84.4424071078671,58.110345161805434,7.256367031347293
conventional,bias_only,100,4,44,100,26033,-0.475293809001633,103.32516912438618,73.61778285180276,3.0302248411662234
conventional,affine,100,4,44,100,26033,0.04294752668454027,83.22134679518376,57.47101666661889,0.2907282116917296
conventional,local_xgboost,100,4,44,100,26033,-0.07154839797059642,88.05879951338184,60.62930724214436,1.916249132676533
alphaearth,bias_only,250,4,42,250,26033,-0.166838009529936,91.89082459067353,63.537996901864275,0.6891494779862202
alphaearth,affine,250,4,42,250,26033,0.05764718285085402,82.57976287131946,56.20870439464555,-1.5526660257290612
alphaearth,local_xgboost,250,4,42,250,26033,0.045568534038862185,83.10731265772215,56.443995068989594,-2.6829381869513114
conventional,bias_only,250,4,42,250,26033,-0.47402808035435084,103.28083568760945,73.5105734276862,0.15069285316281586
conventional,affine,250,4,42,250,26033,0.04339436895539306,83.20191674395183,57.13155256716363,-2.531184270241932
conventional,local_xgboost,250,4,42,250,26033,-0.02152018440087189,85.97859442967565,59.62759120001482,-0.29311970472613724
alphaearth,bias_only,250,4,43,250,26033,-0.1681123352664231,91.94098874703074,63.7461125442873,3.1139516423204565
alphaearth,affine,250,4,43,250,26033,0.05882092410881068,82.52831851121313,56.44076124497105,0.283746823616563
alphaearth,local_xgboost,250,4,43,250,26033,0.0773873493773144,81.71025530791664,55.461020959094284,2.764440641315979
conventional,bias_only,250,4,43,250,26033,-0.4748178463311159,103.30850027838336,73.48353966943169,-2.395395118502965
conventional,affine,250,4,43,250,26033,0.040019436722767754,83.34855690009591,57.20724033496173,-1.980875343356283
conventional,local_xgboost,250,4,43,250,26033,-0.00785535812214011,85.4015925442496,58.81583152539376,0.6284125566308216
alphaearth,bias_only,250,4,44,250,26033,-0.16856886073149258,91.95895333020282,63.79648724142236,3.6056040597235435
alphaearth,affine,250,4,44,250,26033,0.0618142996367691,82.39697528882637,56.28773353963081,-1.2589874049318759
alphaearth,local_xgboost,250,4,44,250,26033,0.0501493609027549,82.90763456690817,56.600376101899215,2.367062355050109
conventional,bias_only,250,4,44,250,26033,-0.4740297091170138,103.2808927489113,73.50342128421224,-0.18572834229989169
conventional,affine,250,4,44,250,26033,0.04329949674103495,83.20604245371216,57.08697616053898,-2.73776102442167
conventional,local_xgboost,250,4,44,250,26033,-0.035016556120776476,86.5447072627984,58.9367022361981,-5.49036482230999
alphaearth,bias_only,500,4,42,500,26033,-0.16961840445324938,92.00024027699918,63.32642108600625,-4.538225873032077
alphaearth,affine,500,4,42,500,26033,0.05521805232069665,82.68612850988472,55.82297962543652,-5.183732447515147
alphaearth,local_xgboost,500,4,42,500,26033,0.10248535995795538,80.59120243320922,53.55134132184677,-4.817488237035772
conventional,bias_only,500,4,42,500,26033,-0.4771103157017689,103.3887609056239,73.51302749086165,-4.725205773855502
conventional,affine,500,4,42,500,26033,0.03905393958703052,83.39046012834487,56.825213138142864,-5.4120892786965875
conventional,local_xgboost,500,4,42,500,26033,0.01737599616888119,84.32581540078534,57.276864879525746,-4.494906073584208
alphaearth,bias_only,500,4,43,500,26033,-0.1690949105081463,91.97964939079434,63.84954849156039,4.099656705448395
alphaearth,affine,500,4,43,500,26033,0.06126478010334235,82.42110277185441,56.734700464616886,2.3367425395251824
alphaearth,local_xgboost,500,4,43,500,26033,0.09966121607609735,80.71789807598171,54.31208718957318,3.1136486981992038
conventional,bias_only,500,4,43,500,26033,-0.474748527211982,103.30607240622066,73.48338266564072,-2.2882928143750334
conventional,affine,500,4,43,500,26033,0.04164634431224612,83.27790031327369,57.49212411049389,0.2871337196535034
conventional,local_xgboost,500,4,43,500,26033,0.03407469039454403,83.60622946637584,57.06105382301449,2.2377377297945444
alphaearth,bias_only,500,4,44,500,26033,-0.1707359467302456,92.04418179254968,63.99858793002323,5.355621804142955
alphaearth,affine,500,4,44,500,26033,0.062341136739698655,82.37383707662342,56.49960135635671,0.7434105309745891
alphaearth,local_xgboost,500,4,44,500,26033,0.06447919715374972,82.2798685985428,56.48819873836561,5.143469368354108
conventional,bias_only,500,4,44,500,26033,-0.4751484894918183,103.32008012699072,73.60859492492912,2.8514286687195605
conventional,affine,500,4,44,500,26033,0.044291570751181064,83.16288999236511,57.344345260378795,-0.6582504255771385
conventional,local_xgboost,500,4,44,500,26033,-0.0029798129402591744,85.19477511515393,58.50134456915755,0.7569608498135844
alphaearth,bias_only,1000,4,42,1000,26033,-0.16677249403414196,91.888244816364,63.489984375179276,-0.028609109063282425
alphaearth,affine,1000,4,42,1000,26033,0.05879494238059324,82.5294576215051,56.167186674753395,-1.7048294870364524
alphaearth,local_xgboost,1000,4,42,1000,26033,0.11711471284909658,79.93169170491072,53.1829398385342,-1.9473360670344495
conventional,bias_only,1000,4,42,1000,26033,-0.47403793630215585,103.28118097574804,73.50109982604309,-0.3066459688866799
conventional,affine,1000,4,42,1000,26033,0.04262918971334351,83.23518628130881,57.131190181355755,-2.2405618599828427
conventional,local_xgboost,1000,4,42,1000,26033,0.05316733624543324,82.77581791358851,55.97765917104079,-2.4844267897118444
alphaearth,bias_only,1000,4,43,1000,26033,-0.16708464774816933,91.90053570376782,63.60031447929482,1.50324505273714
alphaearth,affine,1000,4,43,1000,26033,0.062228489018027355,82.37878500958563,56.35380314947935,-0.13629178283591054
alphaearth,local_xgboost,1000,4,43,1000,26033,0.1265939783374408,79.50143280822893,52.981579900627715,-1.0134844586499039
conventional,bias_only,1000,4,43,1000,26033,-0.47479141265020375,103.30757445687424,73.48346521878017,-2.3551280575862648
conventional,affine,1000,4,43,1000,26033,0.04354368826244914,83.19542287803705,57.23400610422477,-1.3902084918374122
conventional,local_xgboost,1000,4,43,1000,26033,0.05492092769361756,82.69912947474063,56.01276935711375,-0.3963444238985483
alphaearth,bias_only,1000,4,44,1000,26033,-0.16724844845922315,91.90698461258269,63.629652137341466,1.8560990346924626
alphaearth,affine,1000,4,44,1000,26033,0.06176314310544173,82.39922169163752,56.22788647858447,-1.019124991156255
alphaearth,local_xgboost,1000,4,44,1000,26033,0.11035835970753949,80.23695077453591,54.06508820787038,1.2870099553900654
conventional,bias_only,1000,4,44,1000,26033,-0.47459867091198715,103.30082355911605,73.57138189658862,2.037605456569061
conventional,affine,1000,4,44,1000,26033,0.04356636918644918,83.19443644497841,57.2143063964952,-1.5470939283746146
conventional,local_xgboost,1000,4,44,1000,26033,0.0425832085306479,83.23718509217326,56.12549124311054,-2.7240650142621927
alphaearth,bias_only,2500,4,42,2500,26033,-0.16679307008806266,91.88905503821707,63.51705377859608,0.3869352214052921
alphaearth,affine,2500,4,42,2500,26033,0.05920196397860278,82.51161087076187,56.224024105033095,-1.221069915812959
alphaearth,local_xgboost,2500,4,42,2500,26033,0.13986533907592769,78.8951105885922,51.91326112248566,-2.7560145058531207
conventional,bias_only,2500,4,42,2500,26033,-0.47404344578829427,103.28137399171094,73.51574408071278,0.36592570376986566
conventional,affine,2500,4,42,2500,26033,0.04316893649243547,83.21171979523432,57.19877149631055,-1.673110092804938
conventional,local_xgboost,2500,4,42,2500,26033,0.07452940940651342,81.83671273312632,55.02292519524095,-1.6029621583630977
alphaearth,bias_only,2500,4,43,2500,26033,-0.16691363032421536,91.89380218675093,63.561629962723224,1.011020962584809
alphaearth,affine,2500,4,43,2500,26033,0.06170486025024702,82.40178095334811,56.300433123995134,-0.4660849217484131
alphaearth,local_xgboost,2500,4,43,2500,26033,0.12763677198203904,79.45395869707357,52.68309700072534,-0.02063139608775644
conventional,bias_only,2500,4,43,2500,26033,-0.47408916713876104,103.28297575158221,73.49473847929885,-0.6817390313986145
conventional,affine,2500,4,43,2500,26033,0.04401384476582648,83.17497255706897,57.26221107303597,-1.2033412787122881
conventional,local_xgboost,2500,4,43,2500,26033,0.05671066355139498,82.62078696288599,55.62187753426438,-1.2627573116886597
alphaearth,bias_only,2500,4,44,2500,26033,-0.1676523776530121,91.9228855559925,63.68923323797666,2.5235237247090785
alphaearth,affine,2500,4,44,2500,26033,0.06165230980023462,82.40408843095234,56.532026927975416,1.114142945249672
alphaearth,local_xgboost,2500,4,44,2500,26033,0.1384319249891578,78.96082255870792,52.6928949355663,2.334096759970961
conventional,bias_only,2500,4,44,2500,26033,-0.47494204745869584,103.31285022645544,73.59524112155991,2.5761812667256625
conventional,affine,2500,4,44,2500,26033,0.041575847790249476,83.28096321929816,57.58719265006998,0.9148531964402974
conventional,local_xgboost,2500,4,44,2500,26033,0.07298393021516392,81.90501537815939,55.30491889219583,0.46546123363267605
