year,spatial_block_id,raw_qa_valid_n,new_sampled_n,sampling_fraction,max_per_block_year,seed
2019,EPSG5070_50KM_18_26,31,31,1.0,200,42
2019,EPSG5070_50KM_18_27,1938,200,0.10319917440660474,200,42
2019,EPSG5070_50KM_19_23,1576,200,0.12690355329949238,200,42
2019,EPSG5070_50KM_19_24,7782,200,0.025700334104343355,200,42
2019,EPSG5070_50KM_19_25,13197,200,0.015154959460483444,200,42
2019,EPSG5070_50KM_19_26,14389,200,0.013899506567516854,200,42
2019,EPSG5070_50KM_19_27,10885,200,0.018373909049150206,200,42
2019,EPSG5070_50KM_20_18,251,200,0.796812749003984,200,42
2019,EPSG5070_50KM_20_19,3283,200,0.06091989034419738,200,42
2019,EPSG5070_50KM_20_20,14439,200,0.013851374748943832,200,42
2019,EPSG5070_50KM_20_21,5744,200,0.034818941504178275,200,42
2019,EPSG5070_50KM_20_22,20477,200,0.00976705572105289,200,42
2019,EPSG5070_50KM_20_23,17751,200,0.01126697087488029,200,42
2019,EPSG5070_50KM_20_24,15386,200,0.012998830105290524,200,42
2019,EPSG5070_50KM_20_25,24654,200,0.008112273870365864,200,42
2019,EPSG5070_50KM_20_26,19119,200,0.010460798158899524,200,42
2019,EPSG5070_50KM_20_27,13493,200,0.014822500555843771,200,42
2019,EPSG5070_50KM_21_18,6169,200,0.03242016534284325,200,42
2019,EPSG5070_50KM_21_19,13005,200,0.015378700499807767,200,42
2019,EPSG5070_50KM_21_20,22907,200,0.008730955603090758,200,42
2019,EPSG5070_50KM_21_21,20990,200,0.009528346831824679,200,42
2019,EPSG5070_50KM_21_22,13387,200,0.014939867035183386,200,42
2019,EPSG5070_50KM_21_23,19394,200,0.010312467773538208,200,42
2019,EPSG5070_50KM_21_24,17987,200,0.011119141602268305,200,42
2019,EPSG5070_50KM_21_25,15333,200,0.01304376182090915,200,42
2019,EPSG5070_50KM_21_26,28340,200,0.007057163020465773,200,42
2019,EPSG5070_50KM_21_27,29178,200,0.006854479402289396,200,42
2019,EPSG5070_50KM_22_18,14359,200,0.013928546556166864,200,42
2019,EPSG5070_50KM_22_19,19362,200,0.010329511414110112,200,42
2019,EPSG5070_50KM_22_20,6641,200,0.03011594639361542,200,42
2019,EPSG5070_50KM_22_21,20041,200,0.009979541939024998,200,42
2019,EPSG5070_50KM_22_22,20008,200,0.009996001599360257,200,42
2019,EPSG5070_50KM_22_23,16431,200,0.012172113687541841,200,42
2019,EPSG5070_50KM_22_24,12268,200,0.016302575806977502,200,42
2019,EPSG5070_50KM_22_25,23609,200,0.008471345673260198,200,42
2019,EPSG5070_50KM_22_26,27227,200,0.007345649539060492,200,42
2019,EPSG5070_50KM_22_27,24707,200,0.008094871898652203,200,42
2019,EPSG5070_50KM_22_28,941,200,0.21253985122210414,200,42
2019,EPSG5070_50KM_23_18,15763,200,0.012687940112922668,200,42
2019,EPSG5070_50KM_23_19,10306,200,0.019406171162429653,200,42
2019,EPSG5070_50KM_23_20,11305,200,0.017691287041132243,200,42
2019,EPSG5070_50KM_23_21,8678,200,0.023046784973496198,200,42
2019,EPSG5070_50KM_23_22,25194,200,0.007938398031277289,200,42
2019,EPSG5070_50KM_23_23,24203,200,0.0082634384167252,200,42
2019,EPSG5070_50KM_23_24,13354,200,0.014976785981728321,200,42
2019,EPSG5070_50KM_23_25,18061,200,0.011073583965450417,200,42
2019,EPSG5070_50KM_23_26,22287,200,0.008973841252748239,200,42
2019,EPSG5070_50KM_23_27,19000,200,0.010526315789473684,200,42
2019,EPSG5070_50KM_23_28,5119,200,0.039070130884938464,200,42
2019,EPSG5070_50KM_24_18,6196,200,0.03227888960619755,200,42
2019,EPSG5070_50KM_24_19,18122,200,0.011036309458117205,200,42
2019,EPSG5070_50KM_24_20,14045,200,0.01423994304022784,200,42
2019,EPSG5070_50KM_24_21,23484,200,0.008516436722875149,200,42
2019,EPSG5070_50KM_24_22,9415,200,0.021242697822623474,200,42
2019,EPSG5070_50KM_24_23,17474,200,0.011445576284765937,200,42
2019,EPSG5070_50KM_24_24,31332,200,0.006383250351078769,200,42
2019,EPSG5070_50KM_24_25,19717,200,0.010143530963128264,200,42
2019,EPSG5070_50KM_24_26,11905,200,0.016799664006719867,200,42
2019,EPSG5070_50KM_24_27,22602,200,0.008848774444739404,200,42
2019,EPSG5070_50KM_24_28,8674,200,0.023057412958266084,200,42
2019,EPSG5070_50KM_25_18,7862,200,0.02543881963876876,200,42
2019,EPSG5070_50KM_25_19,15057,200,0.01328285847114299,200,42
2019,EPSG5070_50KM_25_20,19255,200,0.01038691249026227,200,42
2019,EPSG5070_50KM_25_21,20343,200,0.00983139163348572,200,42
2019,EPSG5070_50KM_25_22,16347,200,0.012234660794029486,200,42
2019,EPSG5070_50KM_25_23,17652,200,0.011330160888284613,200,42
2019,EPSG5070_50KM_25_24,20748,200,0.00963948332369385,200,42
2019,EPSG5070_50KM_25_25,18733,200,0.010676346554209149,200,42
2019,EPSG5070_50KM_25_26,14444,200,0.013846579894765993,200,42
2019,EPSG5070_50KM_25_27,19003,200,0.010524654001999685,200,42
2019,EPSG5070_50KM_25_28,11986,200,0.01668613382279326,200,42
2019,EPSG5070_50KM_26_18,8079,200,0.024755539051862854,200,42
2019,EPSG5070_50KM_26_19,20344,200,0.009830908375933936,200,42
2019,EPSG5070_50KM_26_20,26260,200,0.007616146230007616,200,42
2019,EPSG5070_50KM_26_21,19377,200,0.010321515198431129,200,42
2019,EPSG5070_50KM_26_22,21716,200,0.009209799226376865,200,42
2019,EPSG5070_50KM_26_23,22651,200,0.008829632245816961,200,42
2019,EPSG5070_50KM_26_24,11459,200,0.017453529976437735,200,42
2019,EPSG5070_50KM_26_25,7388,200,0.02707092582566324,200,42
2019,EPSG5070_50KM_26_26,28974,200,0.00690274038793401,200,42
2019,EPSG5070_50KM_26_27,15614,200,0.012809017548354042,200,42
2019,EPSG5070_50KM_26_28,18406,200,0.010866021949364337,200,42
2019,EPSG5070_50KM_27_19,9118,200,0.021934634788330774,200,42
2019,EPSG5070_50KM_27_20,11117,200,0.017990465053521632,200,42
2019,EPSG5070_50KM_27_21,13343,200,0.01498913287866297,200,42
2019,EPSG5070_50KM_27_22,19913,200,0.010043690051725004,200,42
2019,EPSG5070_50KM_27_23,13176,200,0.015179113539769277,200,42
2019,EPSG5070_50KM_27_24,8344,200,0.023969319271332695,200,42
2019,EPSG5070_50KM_27_25,20305,200,0.009849790691947797,200,42
2019,EPSG5070_50KM_27_26,11983,200,0.016690311274305265,200,42
2019,EPSG5070_50KM_27_27,19755,200,0.010124019235636548,200,42
2019,EPSG5070_50KM_27_28,12737,200,0.015702284682421293,200,42
2019,EPSG5070_50KM_28_21,406,200,0.49261083743842365,200,42
2019,EPSG5070_50KM_28_22,6457,200,0.03097413659594239,200,42
2019,EPSG5070_50KM_28_23,7609,200,0.026284662899198317,200,42
2019,EPSG5070_50KM_28_24,9937,200,0.02012679883264567,200,42
2019,EPSG5070_50KM_28_25,22755,200,0.008789277081960008,200,42
2019,EPSG5070_50KM_28_26,19292,200,0.01036699149906697,200,42
2019,EPSG5070_50KM_28_27,16308,200,0.01226391954868776,200,42
2019,EPSG5070_50KM_28_28,2486,200,0.08045052292839903,200,42
2019,EPSG5070_50KM_29_23,5553,200,0.03601656762110571,200,42
2019,EPSG5070_50KM_29_24,18437,200,0.010847751803438737,200,42
2019,EPSG5070_50KM_29_25,10866,200,0.018406037180195105,200,42
2019,EPSG5070_50KM_29_26,24425,200,0.008188331627430911,200,42
2019,EPSG5070_50KM_29_27,17665,200,0.011321822813472968,200,42
2019,EPSG5070_50KM_29_28,8108,200,0.0246669955599408,200,42
2019,EPSG5070_50KM_30_24,6465,200,0.030935808197989172,200,42
2019,EPSG5070_50KM_30_25,22158,200,0.009026085386767758,200,42
2019,EPSG5070_50KM_30_26,12022,200,0.01663616702711695,200,42
2019,EPSG5070_50KM_30_27,14765,200,0.013545546901456146,200,42
2019,EPSG5070_50KM_30_28,1653,200,0.12099213551119177,200,42
2019,EPSG5070_50KM_31_25,139,139,1.0,200,42
2019,EPSG5070_50KM_31_26,4831,200,0.0413992962119644,200,42
2019,EPSG5070_50KM_31_27,1913,200,0.10454783063251437,200,42
2020,EPSG5070_50KM_18_26,58,58,1.0,200,42
2020,EPSG5070_50KM_18_27,827,200,0.2418379685610641,200,42
2020,EPSG5070_50KM_19_23,3,3,1.0,200,42
2020,EPSG5070_50KM_19_24,1367,200,0.14630577907827358,200,42
2020,EPSG5070_50KM_19_25,5602,200,0.03570153516601214,200,42
2020,EPSG5070_50KM_19_26,16225,200,0.012326656394453005,200,42
2020,EPSG5070_50KM_19_27,5440,200,0.03676470588235294,200,42
2020,EPSG5070_50KM_20_18,583,200,0.34305317324185247,200,42
2020,EPSG5070_50KM_20_19,11151,200,0.01793561115595014,200,42
2020,EPSG5070_50KM_20_20,9451,200,0.021161781822029414,200,42
2020,EPSG5070_50KM_20_21,5728,200,0.034916201117318434,200,42
2020,EPSG5070_50KM_20_22,3071,200,0.0651253663301856,200,42
2020,EPSG5070_50KM_20_23,559,200,0.35778175313059035,200,42
2020,EPSG5070_50KM_20_24,1483,200,0.13486176668914363,200,42
2020,EPSG5070_50KM_20_25,6308,200,0.03170577045022194,200,42
2020,EPSG5070_50KM_20_26,9137,200,0.021889022655138448,200,42
2020,EPSG5070_50KM_20_27,25650,200,0.007797270955165692,200,42
2020,EPSG5070_50KM_21_18,18764,200,0.010658708164570454,200,42
2020,EPSG5070_50KM_21_19,29680,200,0.006738544474393531,200,42
2020,EPSG5070_50KM_21_20,18121,200,0.011036918492356934,200,42
2020,EPSG5070_50KM_21_21,12253,200,0.01632253325716151,200,42
2020,EPSG5070_50KM_21_22,5656,200,0.03536067892503536,200,42
2020,EPSG5070_50KM_21_23,1,1,1.0,200,42
2020,EPSG5070_50KM_21_25,3298,200,0.06064281382656155,200,42
2020,EPSG5070_50KM_21_26,12848,200,0.015566625155666251,200,42
2020,EPSG5070_50KM_21_27,10820,200,0.018484288354898338,200,42
2020,EPSG5070_50KM_22_18,20583,200,0.009716756546664724,200,42
2020,EPSG5070_50KM_22_19,29587,200,0.006759725555142461,200,42
2020,EPSG5070_50KM_22_20,17611,200,0.011356538527056953,200,42
2020,EPSG5070_50KM_22_21,8613,200,0.02322071287588529,200,42
2020,EPSG5070_50KM_22_22,8906,200,0.022456770716370984,200,42
2020,EPSG5070_50KM_22_23,6245,200,0.032025620496397116,200,42
2020,EPSG5070_50KM_22_24,4646,200,0.04304778303917348,200,42
2020,EPSG5070_50KM_22_25,8374,200,0.02388344877000239,200,42
2020,EPSG5070_50KM_22_26,7820,200,0.02557544757033248,200,42
2020,EPSG5070_50KM_22_27,13909,200,0.01437917894888202,200,42
2020,EPSG5070_50KM_22_28,724,200,0.27624309392265195,200,42
2020,EPSG5070_50KM_23_18,14465,200,0.013826477704804701,200,42
2020,EPSG5070_50KM_23_19,27071,200,0.007387979756935466,200,42
2020,EPSG5070_50KM_23_20,17300,200,0.011560693641618497,200,42
2020,EPSG5070_50KM_23_21,12724,200,0.01571832756994656,200,42
2020,EPSG5070_50KM_23_22,12099,200,0.016530291759649558,200,42
2020,EPSG5070_50KM_23_23,10561,200,0.01893760060600322,200,42
2020,EPSG5070_50KM_23_24,18008,200,0.011106175033318524,200,42
2020,EPSG5070_50KM_23_25,15878,200,0.012596044841919637,200,42
2020,EPSG5070_50KM_23_26,9857,200,0.020290149132596125,200,42
2020,EPSG5070_50KM_23_27,20935,200,0.009553379508000955,200,42
2020,EPSG5070_50KM_23_28,738,200,0.27100271002710025,200,42
2020,EPSG5070_50KM_24_18,15323,200,0.013052274358807021,200,42
2020,EPSG5070_50KM_24_19,19459,200,0.010278020453260702,200,42
2020,EPSG5070_50KM_24_20,17696,200,0.011301989150090416,200,42
2020,EPSG5070_50KM_24_21,16453,200,0.0121558378411232,200,42
2020,EPSG5070_50KM_24_22,10644,200,0.018789928598271326,200,42
2020,EPSG5070_50KM_24_23,24416,200,0.0081913499344692,200,42
2020,EPSG5070_50KM_24_24,21979,200,0.009099595068019474,200,42
2020,EPSG5070_50KM_24_25,13228,200,0.015119443604475355,200,42
2020,EPSG5070_50KM_24_26,33488,200,0.005972288580984233,200,42
2020,EPSG5070_50KM_24_27,8661,200,0.023092021706500404,200,42
2020,EPSG5070_50KM_24_28,288,200,0.6944444444444444,200,42
2020,EPSG5070_50KM_25_18,11056,200,0.01808972503617945,200,42
2020,EPSG5070_50KM_25_19,16475,200,0.012139605462822459,200,42
2020,EPSG5070_50KM_25_20,13022,200,0.01535862386730149,200,42
2020,EPSG5070_50KM_25_21,20310,200,0.009847365829640572,200,42
2020,EPSG5070_50KM_25_22,28525,200,0.007011393514460999,200,42
2020,EPSG5070_50KM_25_23,20575,200,0.009720534629404616,200,42
2020,EPSG5070_50KM_25_24,18824,200,0.010624734381640459,200,42
2020,EPSG5070_50KM_25_25,31771,200,0.00629504894400554,200,42
2020,EPSG5070_50KM_25_26,35844,200,0.005579734404642339,200,42
2020,EPSG5070_50KM_25_27,4146,200,0.0482392667631452,200,42
2020,EPSG5070_50KM_25_28,3844,200,0.05202913631633715,200,42
2020,EPSG5070_50KM_26_18,67,67,1.0,200,42
2020,EPSG5070_50KM_26_19,2451,200,0.08159934720522236,200,42
2020,EPSG5070_50KM_26_20,15083,200,0.013259961546111516,200,42
2020,EPSG5070_50KM_26_21,18479,200,0.01082309648790519,200,42
2020,EPSG5070_50KM_26_22,30800,200,0.006493506493506494,200,42
2020,EPSG5070_50KM_26_23,32705,200,0.006115272894052897,200,42
2020,EPSG5070_50KM_26_24,24052,200,0.008315316813570598,200,42
2020,EPSG5070_50KM_26_25,37355,200,0.005354035604336769,200,42
2020,EPSG5070_50KM_26_26,12581,200,0.015896987520864797,200,42
2020,EPSG5070_50KM_26_27,10851,200,0.0184314809694959,200,42
2020,EPSG5070_50KM_26_28,9515,200,0.021019442984760904,200,42
2020,EPSG5070_50KM_27_19,39,39,1.0,200,42
2020,EPSG5070_50KM_27_20,578,200,0.3460207612456747,200,42
2020,EPSG5070_50KM_27_21,14846,200,0.013471642193183348,200,42
2020,EPSG5070_50KM_27_22,14493,200,0.013799765403988131,200,42
2020,EPSG5070_50KM_27_23,24474,200,0.008171937566396992,200,42
2020,EPSG5070_50KM_27_24,43913,200,0.004554459954910847,200,42
2020,EPSG5070_50KM_27_25,18678,200,0.010707784559374666,200,42
2020,EPSG5070_50KM_27_26,6474,200,0.030892801977139325,200,42
2020,EPSG5070_50KM_27_27,11206,200,0.017847581652686063,200,42
2020,EPSG5070_50KM_27_28,4782,200,0.04182350480970305,200,42
2020,EPSG5070_50KM_28_21,170,170,1.0,200,42
2020,EPSG5070_50KM_28_22,5741,200,0.03483713638738896,200,42
2020,EPSG5070_50KM_28_23,30786,200,0.006496459429610862,200,42
2020,EPSG5070_50KM_28_24,20005,200,0.009997500624843789,200,42
2020,EPSG5070_50KM_28_25,16304,200,0.01226692836113837,200,42
2020,EPSG5070_50KM_28_26,19274,200,0.010376673238559718,200,42
2020,EPSG5070_50KM_28_27,9419,200,0.02123367661110521,200,42
2020,EPSG5070_50KM_28_28,1196,200,0.16722408026755853,200,42
2020,EPSG5070_50KM_29_23,7165,200,0.027913468248429867,200,42
2020,EPSG5070_50KM_29_24,15536,200,0.012873326467559218,200,42
2020,EPSG5070_50KM_29_25,6778,200,0.029507229271171435,200,42
2020,EPSG5070_50KM_29_26,11699,200,0.017095478246003933,200,42
2020,EPSG5070_50KM_29_27,20930,200,0.009555661729574774,200,42
2020,EPSG5070_50KM_29_28,8526,200,0.02345765892563922,200,42
2020,EPSG5070_50KM_30_24,1929,200,0.10368066355624676,200,42
2020,EPSG5070_50KM_30_25,5751,200,0.03477656059815684,200,42
2020,EPSG5070_50KM_30_26,4022,200,0.04972650422675286,200,42
2020,EPSG5070_50KM_30_27,6587,200,0.030362835888872022,200,42
2020,EPSG5070_50KM_30_28,1287,200,0.1554001554001554,200,42
2020,EPSG5070_50KM_31_26,1067,200,0.18744142455482662,200,42
2020,EPSG5070_50KM_31_27,348,200,0.5747126436781609,200,42
2021,EPSG5070_50KM_18_26,10,10,1.0,200,42
2021,EPSG5070_50KM_18_27,1722,200,0.11614401858304298,200,42
2021,EPSG5070_50KM_19_23,2548,200,0.07849293563579278,200,42
2021,EPSG5070_50KM_19_24,1412,200,0.141643059490085,200,42
2021,EPSG5070_50KM_19_25,12413,200,0.016112140497865142,200,42
2021,EPSG5070_50KM_19_26,9798,200,0.020412329046744233,200,42
2021,EPSG5070_50KM_19_27,8224,200,0.024319066147859923,200,42
2021,EPSG5070_50KM_20_18,670,200,0.29850746268656714,200,42
2021,EPSG5070_50KM_20_19,6044,200,0.03309066843150232,200,42
2021,EPSG5070_50KM_20_20,7179,200,0.027859033291544783,200,42
2021,EPSG5070_50KM_20_21,3423,200,0.05842827928717499,200,42
2021,EPSG5070_50KM_20_22,7937,200,0.025198437696862794,200,42
2021,EPSG5070_50KM_20_23,11777,200,0.016982253545045428,200,42
2021,EPSG5070_50KM_20_24,10755,200,0.018596001859600187,200,42
2021,EPSG5070_50KM_20_25,14928,200,0.01339764201500536,200,42
2021,EPSG5070_50KM_20_26,14538,200,0.013757050488375293,200,42
2021,EPSG5070_50KM_20_27,12720,200,0.015723270440251572,200,42
2021,EPSG5070_50KM_21_18,13741,200,0.014554981442398661,200,42
2021,EPSG5070_50KM_21_19,10874,200,0.01839249586168843,200,42
2021,EPSG5070_50KM_21_20,18880,200,0.01059322033898305,200,42
2021,EPSG5070_50KM_21_21,19194,200,0.010419922892570595,200,42
2021,EPSG5070_50KM_21_22,10155,200,0.019694731659281144,200,42
2021,EPSG5070_50KM_21_23,6254,200,0.03197953309881676,200,42
2021,EPSG5070_50KM_21_24,12868,200,0.015542430836182779,200,42
2021,EPSG5070_50KM_21_25,17084,200,0.011706860220088973,200,42
2021,EPSG5070_50KM_21_26,10397,200,0.01923631816870251,200,42
2021,EPSG5070_50KM_21_27,18351,200,0.010898588632772056,200,42
2021,EPSG5070_50KM_22_18,4915,200,0.04069175991861648,200,42
2021,EPSG5070_50KM_22_19,14722,200,0.013585110718652357,200,42
2021,EPSG5070_50KM_22_20,12217,200,0.016370631087828436,200,42
2021,EPSG5070_50KM_22_21,12565,200,0.01591723040191007,200,42
2021,EPSG5070_50KM_22_22,19805,200,0.01009845998485231,200,42
2021,EPSG5070_50KM_22_23,17288,200,0.01156871818602499,200,42
2021,EPSG5070_50KM_22_24,19224,200,0.010403662089055347,200,42
2021,EPSG5070_50KM_22_25,9141,200,0.021879444262115744,200,42
2021,EPSG5070_50KM_22_26,14179,200,0.014105367092178574,200,42
2021,EPSG5070_50KM_22_27,10889,200,0.01836715951878042,200,42
2021,EPSG5070_50KM_22_28,300,200,0.6666666666666666,200,42
2021,EPSG5070_50KM_23_18,7629,200,0.026215755669157164,200,42
2021,EPSG5070_50KM_23_19,13483,200,0.014833494029518652,200,42
2021,EPSG5070_50KM_23_20,9535,200,0.02097535395909806,200,42
2021,EPSG5070_50KM_23_21,15412,200,0.012976901116013496,200,42
2021,EPSG5070_50KM_23_22,8420,200,0.023752969121140142,200,42
2021,EPSG5070_50KM_23_23,25578,200,0.00781921964187974,200,42
2021,EPSG5070_50KM_23_24,19319,200,0.010352502717531964,200,42
2021,EPSG5070_50KM_23_25,11727,200,0.017054660185895795,200,42
2021,EPSG5070_50KM_23_26,12746,200,0.015691197238349285,200,42
2021,EPSG5070_50KM_23_27,14155,200,0.01412928293889085,200,42
2021,EPSG5070_50KM_23_28,2947,200,0.0678656260604004,200,42
2021,EPSG5070_50KM_24_18,11273,200,0.017741506253880955,200,42
2021,EPSG5070_50KM_24_19,13541,200,0.014769957905619968,200,42
2021,EPSG5070_50KM_24_20,12618,200,0.01585037248375337,200,42
2021,EPSG5070_50KM_24_21,6166,200,0.032435939020434644,200,42
2021,EPSG5070_50KM_24_22,16253,200,0.012305420537746877,200,42
2021,EPSG5070_50KM_24_23,13070,200,0.015302218821729151,200,42
2021,EPSG5070_50KM_24_24,16022,200,0.012482836100362002,200,42
2021,EPSG5070_50KM_24_25,16217,200,0.012332737251032866,200,42
2021,EPSG5070_50KM_24_26,11180,200,0.017889087656529516,200,42
2021,EPSG5070_50KM_24_27,9466,200,0.021128248468201986,200,42
2021,EPSG5070_50KM_24_28,16000,200,0.0125,200,42
2021,EPSG5070_50KM_25_18,6151,200,0.03251503820516989,200,42
2021,EPSG5070_50KM_25_19,15629,200,0.012796724038646106,200,42
2021,EPSG5070_50KM_25_20,10506,200,0.019036740909956214,200,42
2021,EPSG5070_50KM_25_21,10601,200,0.018866144703329875,200,42
2021,EPSG5070_50KM_25_22,14472,200,0.013819789939192924,200,42
2021,EPSG5070_50KM_25_23,9915,200,0.020171457387796268,200,42
2021,EPSG5070_50KM_25_24,11414,200,0.017522340984755563,200,42
2021,EPSG5070_50KM_25_25,10144,200,0.01971608832807571,200,42
2021,EPSG5070_50KM_25_26,18294,200,0.010932546190007653,200,42
2021,EPSG5070_50KM_25_27,17237,200,0.011602947148575737,200,42
2021,EPSG5070_50KM_25_28,11187,200,0.017877893984088674,200,42
2021,EPSG5070_50KM_26_18,10444,200,0.019149751053236307,200,42
2021,EPSG5070_50KM_26_19,17268,200,0.011582117211026175,200,42
2021,EPSG5070_50KM_26_20,10651,200,0.018777579569993427,200,42
2021,EPSG5070_50KM_26_21,22682,200,0.008817564588660612,200,42
2021,EPSG5070_50KM_26_22,8417,200,0.023761435190685517,200,42
2021,EPSG5070_50KM_26_23,14385,200,0.013903371567605145,200,42
2021,EPSG5070_50KM_26_24,5071,200,0.03943995267205679,200,42
2021,EPSG5070_50KM_26_25,14360,200,0.013927576601671309,200,42
2021,EPSG5070_50KM_26_26,9386,200,0.021308331557639035,200,42
2021,EPSG5070_50KM_26_27,16264,200,0.012297097884899164,200,42
2021,EPSG5070_50KM_26_28,13236,200,0.015110305228165609,200,42
2021,EPSG5070_50KM_27_19,9408,200,0.021258503401360544,200,42
2021,EPSG5070_50KM_27_20,13765,200,0.01452960406828914,200,42
2021,EPSG5070_50KM_27_21,9689,200,0.020641965115078955,200,42
2021,EPSG5070_50KM_27_22,20325,200,0.00984009840098401,200,42
2021,EPSG5070_50KM_27_23,7124,200,0.02807411566535654,200,42
2021,EPSG5070_50KM_27_24,5771,200,0.03465603881476347,200,42
2021,EPSG5070_50KM_27_25,8603,200,0.02324770428920144,200,42
2021,EPSG5070_50KM_27_26,5692,200,0.035137034434293744,200,42
2021,EPSG5070_50KM_27_27,4741,200,0.04218519299725796,200,42
2021,EPSG5070_50KM_27_28,5719,200,0.03497114880223815,200,42
2021,EPSG5070_50KM_28_21,510,200,0.39215686274509803,200,42
2021,EPSG5070_50KM_28_22,4804,200,0.041631973355537054,200,42
2021,EPSG5070_50KM_28_23,11010,200,0.018165304268846504,200,42
2021,EPSG5070_50KM_28_24,16877,200,0.011850447354387629,200,42
2021,EPSG5070_50KM_28_25,10640,200,0.018796992481203006,200,42
2021,EPSG5070_50KM_28_26,9019,200,0.022175407473112318,200,42
2021,EPSG5070_50KM_28_27,4618,200,0.043308791684711995,200,42
2021,EPSG5070_50KM_28_28,6955,200,0.02875629043853343,200,42
2021,EPSG5070_50KM_29_23,6419,200,0.031157501168406293,200,42
2021,EPSG5070_50KM_29_24,14730,200,0.013577732518669382,200,42
2021,EPSG5070_50KM_29_25,9733,200,0.020548648926333093,200,42
2021,EPSG5070_50KM_29_26,6392,200,0.03128911138923655,200,42
2021,EPSG5070_50KM_29_27,12679,200,0.015774114677813707,200,42
2021,EPSG5070_50KM_29_28,6733,200,0.029704440813901677,200,42
2021,EPSG5070_50KM_30_24,2704,200,0.07396449704142012,200,42
2021,EPSG5070_50KM_30_25,14358,200,0.013929516645772392,200,42
2021,EPSG5070_50KM_30_26,14426,200,0.013863856924996533,200,42
2021,EPSG5070_50KM_30_27,12286,200,0.016278691193228063,200,42
2021,EPSG5070_50KM_30_28,898,200,0.22271714922049,200,42
2021,EPSG5070_50KM_31_25,248,200,0.8064516129032258,200,42
2021,EPSG5070_50KM_31_26,6767,200,0.02955519432540269,200,42
2021,EPSG5070_50KM_31_27,4049,200,0.04939491232403063,200,42
2022,EPSG5070_50KM_18_26,175,175,1.0,200,42
2022,EPSG5070_50KM_18_27,2379,200,0.08406893652795293,200,42
2022,EPSG5070_50KM_19_23,1417,200,0.14114326040931546,200,42
2022,EPSG5070_50KM_19_24,4936,200,0.04051863857374392,200,42
2022,EPSG5070_50KM_19_25,6028,200,0.033178500331785,200,42
2022,EPSG5070_50KM_19_26,22603,200,0.008848382958014423,200,42
2022,EPSG5070_50KM_19_27,10546,200,0.018964536317087048,200,42
2022,EPSG5070_50KM_20_18,364,200,0.5494505494505495,200,42
2022,EPSG5070_50KM_20_19,4449,200,0.04495392222971454,200,42
2022,EPSG5070_50KM_20_20,3983,200,0.05021340697966357,200,42
2022,EPSG5070_50KM_20_21,4439,200,0.04505519261094841,200,42
2022,EPSG5070_50KM_20_22,9206,200,0.021724961981316532,200,42
2022,EPSG5070_50KM_20_23,13644,200,0.01465845793022574,200,42
2022,EPSG5070_50KM_20_24,13122,200,0.015241579027587259,200,42
2022,EPSG5070_50KM_20_25,17215,200,0.011617775196049956,200,42
2022,EPSG5070_50KM_20_26,15080,200,0.013262599469496022,200,42
2022,EPSG5070_50KM_20_27,10474,200,0.019094901661256443,200,42
2022,EPSG5070_50KM_21_18,7042,200,0.028401022436807723,200,42
2022,EPSG5070_50KM_21_19,17427,200,0.011476444597463706,200,42
2022,EPSG5070_50KM_21_20,10295,200,0.01942690626517727,200,42
2022,EPSG5070_50KM_21_21,14431,200,0.013859053426650959,200,42
2022,EPSG5070_50KM_21_22,16237,200,0.012317546344768122,200,42
2022,EPSG5070_50KM_21_23,11906,200,0.016798252981689903,200,42
2022,EPSG5070_50KM_21_24,21346,200,0.0093694368968425,200,42
2022,EPSG5070_50KM_21_25,15766,200,0.012685525815045033,200,42
2022,EPSG5070_50KM_21_26,15336,200,0.013041210224308816,200,42
2022,EPSG5070_50KM_21_27,14861,200,0.013458044546127448,200,42
2022,EPSG5070_50KM_22_18,5152,200,0.03881987577639751,200,42
2022,EPSG5070_50KM_22_19,10814,200,0.018494544109487702,200,42
2022,EPSG5070_50KM_22_20,13841,200,0.014449822989668376,200,42
2022,EPSG5070_50KM_22_21,17734,200,0.01127777151234916,200,42
2022,EPSG5070_50KM_22_22,18537,200,0.010789232346118574,200,42
2022,EPSG5070_50KM_22_23,13753,200,0.01454228168399622,200,42
2022,EPSG5070_50KM_22_24,21381,200,0.009354099434076984,200,42
2022,EPSG5070_50KM_22_25,19276,200,0.010375596596804317,200,42
2022,EPSG5070_50KM_22_26,17557,200,0.011391467790624821,200,42
2022,EPSG5070_50KM_22_27,11674,200,0.01713208840157615,200,42
2022,EPSG5070_50KM_22_28,303,200,0.6600660066006601,200,42
2022,EPSG5070_50KM_23_18,4263,200,0.04691531785127844,200,42
2022,EPSG5070_50KM_23_19,12398,200,0.016131634134537828,200,42
2022,EPSG5070_50KM_23_20,21756,200,0.009192866335723478,200,42
2022,EPSG5070_50KM_23_21,20325,200,0.00984009840098401,200,42
2022,EPSG5070_50KM_23_22,10749,200,0.018606381989022234,200,42
2022,EPSG5070_50KM_23_23,28764,200,0.006953135864274788,200,42
2022,EPSG5070_50KM_23_24,17296,200,0.01156336725254394,200,42
2022,EPSG5070_50KM_23_25,8826,200,0.022660321776569226,200,42
2022,EPSG5070_50KM_23_26,11128,200,0.017972681524083392,200,42
2022,EPSG5070_50KM_23_27,21551,200,0.009280311818477101,200,42
2022,EPSG5070_50KM_23_28,4027,200,0.04966476285075739,200,42
2022,EPSG5070_50KM_24_18,6739,200,0.02967799376762131,200,42
2022,EPSG5070_50KM_24_19,21346,200,0.0093694368968425,200,42
2022,EPSG5070_50KM_24_20,19344,200,0.01033912324234905,200,42
2022,EPSG5070_50KM_24_21,8370,200,0.023894862604540025,200,42
2022,EPSG5070_50KM_24_22,22910,200,0.008729812309035356,200,42
2022,EPSG5070_50KM_24_23,13010,200,0.015372790161414296,200,42
2022,EPSG5070_50KM_24_24,10604,200,0.01886080724254998,200,42
2022,EPSG5070_50KM_24_25,17177,200,0.011643476742155207,200,42
2022,EPSG5070_50KM_24_26,10265,200,0.01948368241597662,200,42
2022,EPSG5070_50KM_24_27,14322,200,0.013964530093562352,200,42
2022,EPSG5070_50KM_24_28,18514,200,0.010802635843145728,200,42
2022,EPSG5070_50KM_25_18,16070,200,0.012445550715619166,200,42
2022,EPSG5070_50KM_25_19,17756,200,0.011263798152737103,200,42
2022,EPSG5070_50KM_25_20,10169,200,0.019667617268167962,200,42
2022,EPSG5070_50KM_25_21,19838,200,0.010081661457808247,200,42
2022,EPSG5070_50KM_25_22,14915,200,0.01340931947703654,200,42
2022,EPSG5070_50KM_25_23,13373,200,0.014955507365587378,200,42
2022,EPSG5070_50KM_25_24,20114,200,0.009943323058566173,200,42
2022,EPSG5070_50KM_25_25,7158,200,0.02794076557697681,200,42
2022,EPSG5070_50KM_25_26,19049,200,0.010499238805186623,200,42
2022,EPSG5070_50KM_25_27,15298,200,0.013073604392731076,200,42
2022,EPSG5070_50KM_25_28,9763,200,0.020485506504148314,200,42
2022,EPSG5070_50KM_26_18,7630,200,0.02621231979030144,200,42
2022,EPSG5070_50KM_26_19,30451,200,0.006567928803651768,200,42
2022,EPSG5070_50KM_26_20,15503,200,0.012900728891182352,200,42
2022,EPSG5070_50KM_26_21,24030,200,0.008322929671244279,200,42
2022,EPSG5070_50KM_26_22,11950,200,0.016736401673640166,200,42
2022,EPSG5070_50KM_26_23,16168,200,0.012370113805047007,200,42
2022,EPSG5070_50KM_26_24,3955,200,0.05056890012642225,200,42
2022,EPSG5070_50KM_26_25,11961,200,0.016721009949000918,200,42
2022,EPSG5070_50KM_26_26,13676,200,0.014624159110851126,200,42
2022,EPSG5070_50KM_26_27,15652,200,0.012777919754663941,200,42
2022,EPSG5070_50KM_26_28,21792,200,0.009177679882525698,200,42
2022,EPSG5070_50KM_27_19,9430,200,0.021208907741251327,200,42
2022,EPSG5070_50KM_27_20,23560,200,0.008488964346349746,200,42
2022,EPSG5070_50KM_27_21,12267,200,0.016303904785196055,200,42
2022,EPSG5070_50KM_27_22,12188,200,0.016409583196586808,200,42
2022,EPSG5070_50KM_27_23,13549,200,0.0147612369916599,200,42
2022,EPSG5070_50KM_27_24,9498,200,0.021057064645188462,200,42
2022,EPSG5070_50KM_27_25,7616,200,0.026260504201680673,200,42
2022,EPSG5070_50KM_27_26,11024,200,0.018142235123367198,200,42
2022,EPSG5070_50KM_27_27,10237,200,0.019536973722770343,200,42
2022,EPSG5070_50KM_27_28,10880,200,0.01838235294117647,200,42
2022,EPSG5070_50KM_28_21,487,200,0.4106776180698152,200,42
2022,EPSG5070_50KM_28_22,6921,200,0.02889755815633579,200,42
2022,EPSG5070_50KM_28_23,3644,200,0.054884742041712405,200,42
2022,EPSG5070_50KM_28_24,8042,200,0.02486943546381497,200,42
2022,EPSG5070_50KM_28_25,11001,200,0.0181801654395055,200,42
2022,EPSG5070_50KM_28_26,8079,200,0.024755539051862854,200,42
2022,EPSG5070_50KM_28_27,14868,200,0.013451708366962604,200,42
2022,EPSG5070_50KM_28_28,1984,200,0.10080645161290322,200,42
2022,EPSG5070_50KM_29_23,5551,200,0.03602954422626554,200,42
2022,EPSG5070_50KM_29_24,8373,200,0.02388630120625821,200,42
2022,EPSG5070_50KM_29_25,11419,200,0.017514668534897977,200,42
2022,EPSG5070_50KM_29_26,17592,200,0.011368804001819008,200,42
2022,EPSG5070_50KM_29_27,12072,200,0.01656726308813784,200,42
2022,EPSG5070_50KM_29_28,4623,200,0.043261951113995244,200,42
2022,EPSG5070_50KM_30_24,4465,200,0.04479283314669653,200,42
2022,EPSG5070_50KM_30_25,21579,200,0.009268270077390055,200,42
2022,EPSG5070_50KM_30_26,19453,200,0.010281190561867064,200,42
2022,EPSG5070_50KM_30_27,9972,200,0.020056157240272765,200,42
2022,EPSG5070_50KM_30_28,1257,200,0.15910898965791567,200,42
2022,EPSG5070_50KM_31_25,361,200,0.554016620498615,200,42
2022,EPSG5070_50KM_31_26,7584,200,0.026371308016877638,200,42
2022,EPSG5070_50KM_31_27,1636,200,0.12224938875305623,200,42
2023,EPSG5070_50KM_19_23,22,22,1.0,200,42
2023,EPSG5070_50KM_19_24,16,16,1.0,200,42
2023,EPSG5070_50KM_19_25,21,21,1.0,200,42
2023,EPSG5070_50KM_19_27,45,45,1.0,200,42
2023,EPSG5070_50KM_20_18,76,76,1.0,200,42
2023,EPSG5070_50KM_20_19,686,200,0.2915451895043732,200,42
2023,EPSG5070_50KM_20_20,22,22,1.0,200,42
2023,EPSG5070_50KM_20_21,22,22,1.0,200,42
2023,EPSG5070_50KM_20_22,14,14,1.0,200,42
2023,EPSG5070_50KM_20_23,43,43,1.0,200,42
2023,EPSG5070_50KM_20_24,125,125,1.0,200,42
2023,EPSG5070_50KM_20_25,344,200,0.5813953488372093,200,42
2023,EPSG5070_50KM_20_26,2,2,1.0,200,42
2023,EPSG5070_50KM_21_18,1728,200,0.11574074074074074,200,42
2023,EPSG5070_50KM_21_19,2717,200,0.0736105999263894,200,42
2023,EPSG5070_50KM_21_20,653,200,0.30627871362940273,200,42
2023,EPSG5070_50KM_21_21,94,94,1.0,200,42
2023,EPSG5070_50KM_21_22,179,179,1.0,200,42
2023,EPSG5070_50KM_21_23,14,14,1.0,200,42
2023,EPSG5070_50KM_21_24,255,200,0.7843137254901961,200,42
2023,EPSG5070_50KM_21_25,603,200,0.33167495854063017,200,42
2023,EPSG5070_50KM_22_18,582,200,0.3436426116838488,200,42
2023,EPSG5070_50KM_22_19,3545,200,0.056417489421720736,200,42
2023,EPSG5070_50KM_22_20,890,200,0.2247191011235955,200,42
2023,EPSG5070_50KM_22_21,1835,200,0.10899182561307902,200,42
2023,EPSG5070_50KM_22_22,340,200,0.5882352941176471,200,42
2023,EPSG5070_50KM_22_23,310,200,0.6451612903225806,200,42
2023,EPSG5070_50KM_22_24,1,1,1.0,200,42
2023,EPSG5070_50KM_22_25,6,6,1.0,200,42
2023,EPSG5070_50KM_22_26,38,38,1.0,200,42
2023,EPSG5070_50KM_22_27,45,45,1.0,200,42
2023,EPSG5070_50KM_22_28,2,2,1.0,200,42
2023,EPSG5070_50KM_23_18,315,200,0.6349206349206349,200,42
2023,EPSG5070_50KM_23_19,1811,200,0.11043622308117063,200,42
2023,EPSG5070_50KM_23_20,4692,200,0.042625745950554135,200,42
2023,EPSG5070_50KM_23_21,2251,200,0.0888494002665482,200,42
2023,EPSG5070_50KM_23_22,1863,200,0.10735373054213634,200,42
2023,EPSG5070_50KM_23_23,28,28,1.0,200,42
2023,EPSG5070_50KM_23_24,128,128,1.0,200,42
2023,EPSG5070_50KM_23_25,75,75,1.0,200,42
2023,EPSG5070_50KM_24_18,306,200,0.6535947712418301,200,42
2023,EPSG5070_50KM_24_19,1620,200,0.12345679012345678,200,42
2023,EPSG5070_50KM_24_20,2845,200,0.070298769771529,200,42
2023,EPSG5070_50KM_24_21,1529,200,0.13080444735120994,200,42
2023,EPSG5070_50KM_24_22,236,200,0.847457627118644,200,42
2023,EPSG5070_50KM_24_23,317,200,0.6309148264984227,200,42
2023,EPSG5070_50KM_24_24,441,200,0.45351473922902497,200,42
2023,EPSG5070_50KM_24_25,1189,200,0.16820857863751051,200,42
2023,EPSG5070_50KM_24_26,16,16,1.0,200,42
2023,EPSG5070_50KM_25_18,3654,200,0.05473453749315818,200,42
2023,EPSG5070_50KM_25_19,3017,200,0.06629101756711965,200,42
2023,EPSG5070_50KM_25_20,2086,200,0.09587727708533078,200,42
2023,EPSG5070_50KM_25_21,268,200,0.746268656716418,200,42
2023,EPSG5070_50KM_25_22,943,200,0.21208907741251326,200,42
2023,EPSG5070_50KM_25_23,920,200,0.21739130434782608,200,42
2023,EPSG5070_50KM_25_24,1847,200,0.10828370330265295,200,42
2023,EPSG5070_50KM_25_25,614,200,0.3257328990228013,200,42
2023,EPSG5070_50KM_25_26,545,200,0.3669724770642202,200,42
2023,EPSG5070_50KM_25_27,21,21,1.0,200,42
2023,EPSG5070_50KM_25_28,9,9,1.0,200,42
2023,EPSG5070_50KM_26_18,1158,200,0.17271157167530224,200,42
2023,EPSG5070_50KM_26_19,6538,200,0.030590394616090547,200,42
2023,EPSG5070_50KM_26_20,2560,200,0.078125,200,42
2023,EPSG5070_50KM_26_21,1621,200,0.12338062924120913,200,42
2023,EPSG5070_50KM_26_22,269,200,0.7434944237918215,200,42
2023,EPSG5070_50KM_26_23,1182,200,0.1692047377326565,200,42
2023,EPSG5070_50KM_26_24,789,200,0.2534854245880862,200,42
2023,EPSG5070_50KM_26_25,410,200,0.4878048780487805,200,42
2023,EPSG5070_50KM_26_26,575,200,0.34782608695652173,200,42
2023,EPSG5070_50KM_26_27,673,200,0.2971768202080238,200,42
2023,EPSG5070_50KM_26_28,106,106,1.0,200,42
2023,EPSG5070_50KM_27_19,1948,200,0.1026694045174538,200,42
2023,EPSG5070_50KM_27_20,2303,200,0.08684324793747286,200,42
2023,EPSG5070_50KM_27_21,2490,200,0.08032128514056225,200,42
2023,EPSG5070_50KM_27_22,479,200,0.4175365344467641,200,42
2023,EPSG5070_50KM_27_23,625,200,0.32,200,42
2023,EPSG5070_50KM_27_24,89,89,1.0,200,42
2023,EPSG5070_50KM_27_25,809,200,0.24721878862793573,200,42
2023,EPSG5070_50KM_27_26,168,168,1.0,200,42
2023,EPSG5070_50KM_27_27,368,200,0.5434782608695652,200,42
2023,EPSG5070_50KM_27_28,400,200,0.5,200,42
2023,EPSG5070_50KM_28_21,151,151,1.0,200,42
2023,EPSG5070_50KM_28_22,1817,200,0.1100715465052284,200,42
2023,EPSG5070_50KM_28_23,428,200,0.4672897196261682,200,42
2023,EPSG5070_50KM_28_24,228,200,0.8771929824561403,200,42
2023,EPSG5070_50KM_28_25,293,200,0.6825938566552902,200,42
2023,EPSG5070_50KM_28_26,659,200,0.30349013657056145,200,42
2023,EPSG5070_50KM_28_27,775,200,0.25806451612903225,200,42
2023,EPSG5070_50KM_28_28,200,200,1.0,200,42
2023,EPSG5070_50KM_29_23,1049,200,0.19065776930409914,200,42
2023,EPSG5070_50KM_29_24,1563,200,0.12795905310300704,200,42
2023,EPSG5070_50KM_29_25,187,187,1.0,200,42
2023,EPSG5070_50KM_29_26,311,200,0.6430868167202572,200,42
2023,EPSG5070_50KM_29_27,1153,200,0.17346053772766695,200,42
2023,EPSG5070_50KM_29_28,641,200,0.31201248049922,200,42
2023,EPSG5070_50KM_30_24,975,200,0.20512820512820512,200,42
2023,EPSG5070_50KM_30_25,2576,200,0.07763975155279502,200,42
2023,EPSG5070_50KM_30_26,1004,200,0.199203187250996,200,42
2023,EPSG5070_50KM_30_27,38,38,1.0,200,42
2023,EPSG5070_50KM_31_25,192,192,1.0,200,42
2023,EPSG5070_50KM_31_26,1820,200,0.10989010989010989,200,42
2023,EPSG5070_50KM_31_27,5,5,1.0,200,42
2024,EPSG5070_50KM_18_26,279,200,0.7168458781362007,200,42
2024,EPSG5070_50KM_18_27,1576,200,0.12690355329949238,200,42
2024,EPSG5070_50KM_19_23,754,200,0.26525198938992045,200,42
2024,EPSG5070_50KM_19_24,9690,200,0.02063983488132095,200,42
2024,EPSG5070_50KM_19_25,11478,200,0.017424638438752395,200,42
2024,EPSG5070_50KM_19_26,15193,200,0.013163957085499901,200,42
2024,EPSG5070_50KM_19_27,17030,200,0.011743981209630064,200,42
2024,EPSG5070_50KM_20_18,53,53,1.0,200,42
2024,EPSG5070_50KM_20_19,3247,200,0.061595318755774564,200,42
2024,EPSG5070_50KM_20_20,4982,200,0.04014452027298274,200,42
2024,EPSG5070_50KM_20_21,8374,200,0.02388344877000239,200,42
2024,EPSG5070_50KM_20_22,12689,200,0.01576168334778154,200,42
2024,EPSG5070_50KM_20_23,9440,200,0.0211864406779661,200,42
2024,EPSG5070_50KM_20_24,16925,200,0.011816838995568686,200,42
2024,EPSG5070_50KM_20_25,18150,200,0.011019283746556474,200,42
2024,EPSG5070_50KM_20_26,5271,200,0.03794346423828496,200,42
2024,EPSG5070_50KM_20_27,9246,200,0.021630975556997622,200,42
2024,EPSG5070_50KM_21_18,11392,200,0.0175561797752809,200,42
2024,EPSG5070_50KM_21_19,8135,200,0.024585125998770743,200,42
2024,EPSG5070_50KM_21_20,18648,200,0.010725010725010725,200,42
2024,EPSG5070_50KM_21_21,14113,200,0.014171331396584708,200,42
2024,EPSG5070_50KM_21_22,14077,200,0.014207572636215103,200,42
2024,EPSG5070_50KM_21_23,4908,200,0.040749796251018745,200,42
2024,EPSG5070_50KM_21_24,9336,200,0.021422450728363324,200,42
2024,EPSG5070_50KM_21_25,7495,200,0.0266844563042028,200,42
2024,EPSG5070_50KM_21_26,19365,200,0.010327911179963851,200,42
2024,EPSG5070_50KM_21_27,11610,200,0.017226528854435832,200,42
2024,EPSG5070_50KM_22_18,14352,200,0.013935340022296544,200,42
2024,EPSG5070_50KM_22_19,25332,200,0.007895152376440865,200,42
2024,EPSG5070_50KM_22_20,14673,200,0.013630477748245075,200,42
2024,EPSG5070_50KM_22_21,18325,200,0.010914051841746248,200,42
2024,EPSG5070_50KM_22_22,9852,200,0.020300446609825416,200,42
2024,EPSG5070_50KM_22_23,18840,200,0.010615711252653927,200,42
2024,EPSG5070_50KM_22_24,5875,200,0.03404255319148936,200,42
2024,EPSG5070_50KM_22_25,666,200,0.3003003003003003,200,42
2024,EPSG5070_50KM_22_26,8572,200,0.02333177788147457,200,42
2024,EPSG5070_50KM_22_27,40798,200,0.004902201088288641,200,42
2024,EPSG5070_50KM_22_28,1248,200,0.16025641025641027,200,42
2024,EPSG5070_50KM_23_18,4085,200,0.04895960832313342,200,42
2024,EPSG5070_50KM_23_19,13232,200,0.015114873035066506,200,42
2024,EPSG5070_50KM_23_20,19821,200,0.01009030825891731,200,42
2024,EPSG5070_50KM_23_21,11266,200,0.017752529735487306,200,42
2024,EPSG5070_50KM_23_22,12733,200,0.015707217466425824,200,42
2024,EPSG5070_50KM_23_23,14433,200,0.013857132959190744,200,42
2024,EPSG5070_50KM_23_24,9671,200,0.020680384655154586,200,42
2024,EPSG5070_50KM_23_25,5863,200,0.034112229234180454,200,42
2024,EPSG5070_50KM_23_26,12028,200,0.016627868307283005,200,42
2024,EPSG5070_50KM_23_27,23684,200,0.00844451950684006,200,42
2024,EPSG5070_50KM_23_28,5272,200,0.03793626707132018,200,42
2024,EPSG5070_50KM_24_18,5260,200,0.03802281368821293,200,42
2024,EPSG5070_50KM_24_19,8808,200,0.022706630336058128,200,42
2024,EPSG5070_50KM_24_20,12460,200,0.016051364365971106,200,42
2024,EPSG5070_50KM_24_21,19660,200,0.01017293997965412,200,42
2024,EPSG5070_50KM_24_22,11845,200,0.016884761502743775,200,42
2024,EPSG5070_50KM_24_23,11746,200,0.017027073046143367,200,42
2024,EPSG5070_50KM_24_24,15788,200,0.01266784899923993,200,42
2024,EPSG5070_50KM_24_25,15894,200,0.012583364791745313,200,42
2024,EPSG5070_50KM_24_26,25866,200,0.007732158045310446,200,42
2024,EPSG5070_50KM_24_27,10540,200,0.018975332068311195,200,42
2024,EPSG5070_50KM_24_28,6235,200,0.03207698476343224,200,42
2024,EPSG5070_50KM_25_18,6339,200,0.031550717778829465,200,42
2024,EPSG5070_50KM_25_19,16925,200,0.011816838995568686,200,42
2024,EPSG5070_50KM_25_20,5313,200,0.03764351590438547,200,42
2024,EPSG5070_50KM_25_21,9178,200,0.021791239921551537,200,42
2024,EPSG5070_50KM_25_22,15643,200,0.012785271367384773,200,42
2024,EPSG5070_50KM_25_23,14544,200,0.013751375137513752,200,42
2024,EPSG5070_50KM_25_24,10759,200,0.018589088205223533,200,42
2024,EPSG5070_50KM_25_25,31314,200,0.0063869195886823785,200,42
2024,EPSG5070_50KM_25_26,23117,200,0.008651641649002898,200,42
2024,EPSG5070_50KM_25_27,18629,200,0.01073594932631918,200,42
2024,EPSG5070_50KM_25_28,12743,200,0.015694891312877657,200,42
2024,EPSG5070_50KM_26_18,7619,200,0.026250164063525396,200,42
2024,EPSG5070_50KM_26_19,12671,200,0.01578407386946571,200,42
2024,EPSG5070_50KM_26_20,7975,200,0.025078369905956112,200,42
2024,EPSG5070_50KM_26_21,7461,200,0.026806058169146225,200,42
2024,EPSG5070_50KM_26_22,11019,200,0.018150467374534893,200,42
2024,EPSG5070_50KM_26_23,9995,200,0.02001000500250125,200,42
2024,EPSG5070_50KM_26_24,27816,200,0.007190106413574921,200,42
2024,EPSG5070_50KM_26_25,22060,200,0.009066183136899365,200,42
2024,EPSG5070_50KM_26_26,15439,200,0.012954206878683852,200,42
2024,EPSG5070_50KM_26_27,19336,200,0.01034340091021928,200,42
2024,EPSG5070_50KM_26_28,12805,200,0.015618898867629832,200,42
2024,EPSG5070_50KM_27_19,5036,200,0.03971405877680699,200,42
2024,EPSG5070_50KM_27_20,5061,200,0.03951788184153329,200,42
2024,EPSG5070_50KM_27_21,9148,200,0.021862702229995628,200,42
2024,EPSG5070_50KM_27_22,4911,200,0.040724903278354714,200,42
2024,EPSG5070_50KM_27_23,15172,200,0.013182177695755339,200,42
2024,EPSG5070_50KM_27_24,19894,200,0.010053282396702523,200,42
2024,EPSG5070_50KM_27_25,19779,200,0.010111734668082309,200,42
2024,EPSG5070_50KM_27_26,14698,200,0.013607293509320996,200,42
2024,EPSG5070_50KM_27_27,17691,200,0.011305183426601096,200,42
2024,EPSG5070_50KM_27_28,10721,200,0.018654976214905326,200,42
2024,EPSG5070_50KM_28_21,76,76,1.0,200,42
2024,EPSG5070_50KM_28_22,1996,200,0.10020040080160321,200,42
2024,EPSG5070_50KM_28_23,12296,200,0.01626545217957059,200,42
2024,EPSG5070_50KM_28_24,14085,200,0.014199503017394392,200,42
2024,EPSG5070_50KM_28_25,12999,200,0.015385798907608278,200,42
2024,EPSG5070_50KM_28_26,15525,200,0.01288244766505636,200,42
2024,EPSG5070_50KM_28_27,19018,200,0.01051635292880429,200,42
2024,EPSG5070_50KM_28_28,2575,200,0.07766990291262135,200,42
2024,EPSG5070_50KM_29_23,4817,200,0.04151961801951422,200,42
2024,EPSG5070_50KM_29_24,4855,200,0.0411946446961895,200,42
2024,EPSG5070_50KM_29_25,13497,200,0.01481810772764318,200,42
2024,EPSG5070_50KM_29_26,11446,200,0.017473353136466887,200,42
2024,EPSG5070_50KM_29_27,9299,200,0.021507688998817078,200,42
2024,EPSG5070_50KM_29_28,7358,200,0.02718129926610492,200,42
2024,EPSG5070_50KM_30_24,709,200,0.2820874471086037,200,42
2024,EPSG5070_50KM_30_25,7240,200,0.027624309392265192,200,42
2024,EPSG5070_50KM_30_26,5848,200,0.03419972640218878,200,42
2024,EPSG5070_50KM_30_27,5099,200,0.03922337713277113,200,42
2024,EPSG5070_50KM_30_28,741,200,0.2699055330634278,200,42
2024,EPSG5070_50KM_31_26,1213,200,0.16488046166529266,200,42
2024,EPSG5070_50KM_31_27,397,200,0.5037783375314862,200,42
