representation,budget,fold,seed,bias_correction,affine_intercept,affine_slope
alphaearth,25,0,42,-56.35355318120606,71.27635694152914,0.30427022976869755
conventional,25,0,42,-106.40402518120605,70.3979132818622,0.24281178200374517
alphaearth,25,0,43,-55.86612318592041,-2.166770885076745,0.6726195604783717
conventional,25,0,43,-69.32773730592041,25.5766064650333,0.4652944545210527
alphaearth,25,0,44,-38.28703097564453,94.08618770670759,0.19215406120556217
conventional,25,0,44,-73.46572009564453,111.58438712557265,0.07027830731921672
alphaearth,50,0,42,-50.41934102824464,84.62634856171711,0.24149849001191018
conventional,50,0,42,-86.75268890824462,74.74668706967822,0.24665397557080515
alphaearth,50,0,43,-45.53575912299927,-11.046411415654724,0.7931379742667001
conventional,50,0,43,-70.87138488299928,62.69853546697939,0.30454776785488574
alphaearth,50,0,44,-33.919342942546386,63.263585749006054,0.4334909323650674
conventional,50,0,44,-66.11337442254639,112.74779774499348,0.12211509637918293
alphaearth,100,0,42,-56.31765877745361,74.04303058728131,0.2528645497253351
conventional,100,0,42,-77.94835683745362,80.47884986110657,0.19215691972447158
alphaearth,100,0,43,-54.98957144898316,35.80483806798119,0.48700045661864366
conventional,100,0,43,-77.34286436898316,79.61193281539786,0.21263006923470423
alphaearth,100,0,44,-40.909252221643065,45.69897732015828,0.5059588461887756
conventional,100,0,44,-75.92784048164306,103.00747436196988,0.14924083364030147
alphaearth,250,0,42,-54.603405804165035,67.93794937506556,0.3144635003669931
conventional,250,0,42,-69.18328888816502,68.9221573378414,0.2856579310235302
alphaearth,250,0,43,-54.17521421466992,47.49231970799714,0.41963822435826187
conventional,250,0,43,-71.67225751866991,70.25944883350581,0.2633683235090266
alphaearth,250,0,44,-49.68757661241187,60.16472775336529,0.3838705731081677
conventional,250,0,44,-74.92041047241186,87.16868200640951,0.2035992075315516
alphaearth,500,0,42,-54.50179228823606,56.74691574154385,0.37423140280286865
conventional,500,0,42,-70.56147335083605,76.14204385305251,0.2431681670833656
alphaearth,500,0,43,-56.00020469519738,45.181145493112474,0.42752029745589126
conventional,500,0,43,-74.72894658119739,60.658156242326854,0.3073800764770429
alphaearth,500,0,44,-54.30243522714135,59.74690637799282,0.36255126221405265
conventional,500,0,44,-77.09350756114137,66.36223918613238,0.2887892705405387
alphaearth,1000,0,42,-56.80022506521062,62.226607376232096,0.34045061332568144
conventional,1000,0,42,-74.90721732551062,86.79152801338937,0.1856998699716192
alphaearth,1000,0,43,-54.40682103744683,47.31091144988605,0.42848272523216724
conventional,1000,0,43,-73.54264062044685,67.6481161552768,0.2837109665305386
alphaearth,1000,0,44,-54.572917316063595,81.42276603564926,0.24997496236604275
conventional,1000,0,44,-76.4532933020636,77.13037269333236,0.24418194164312368
alphaearth,2500,0,42,-54.92073352498205,67.3083001922226,0.3175394128068382
conventional,2500,0,42,-73.72558465150206,87.66178412848231,0.184522468526908
alphaearth,2500,0,43,-55.07509278680127,44.882130664599046,0.43843305595252213
conventional,2500,0,43,-72.47226705300127,70.80664809509318,0.26671853965741615
alphaearth,2500,0,44,-55.10244125754782,68.60521349140447,0.3106403496665222
conventional,2500,0,44,-76.22572903058783,72.16628990946187,0.2601716615706933
alphaearth,25,1,42,-50.17082558597901,123.64794298725955,0.01587588485886752
conventional,25,1,42,-70.20336206597901,74.09237108892857,0.26625065491375344
alphaearth,25,1,43,-81.21453684287842,56.94221124574888,0.35090951702936635
conventional,25,1,43,-81.59026052287841,19.228733298168287,0.5271650791838502
alphaearth,25,1,44,-44.32741164008301,20.041041752848376,0.6340636815057302
conventional,25,1,44,-38.171412640083005,171.55384250006546,-0.23553346824816035
alphaearth,50,1,42,-35.015828662728275,92.65551362855302,0.24117640360077808
conventional,50,1,42,-59.28925726272828,135.38302996466422,-0.01116658098765893
alphaearth,50,1,43,-75.91449550716065,32.2905164377492,0.4254372126331022
conventional,50,1,43,-92.45164554716067,10.254368273749478,0.49865995586306006
alphaearth,50,1,44,-54.003752639113756,25.75823815953791,0.5378134643358993
conventional,50,1,44,-52.551252239113765,86.12240642938433,0.1896249936108719
alphaearth,100,1,42,-50.661059672649536,59.6521375975243,0.36796119656260184
conventional,100,1,42,-71.12707413264953,94.55718547935754,0.15034365106766706
alphaearth,100,1,43,-60.246042524750976,53.894317428361035,0.3765048086181536
conventional,100,1,43,-87.122723204751,38.64484125971584,0.40094144406038335
alphaearth,100,1,44,-53.247668350664064,52.53207216701028,0.3944992262566981
conventional,100,1,44,-72.84663154066406,83.51828718614951,0.19522693052493104
alphaearth,250,1,42,-45.81093100011987,64.51953527829481,0.3771116891616641
conventional,250,1,42,-66.56266742411987,82.53377074712697,0.24652701197961824
alphaearth,250,1,43,-67.09066873862108,45.45942119312133,0.3813465072365303
conventional,250,1,43,-88.38940903462108,60.83929150839755,0.2657016512244556
alphaearth,250,1,44,-58.410656005734126,43.02755465886157,0.4309201154024384
conventional,250,1,44,-77.19345475373413,75.61361127725742,0.2244568066669307
alphaearth,500,1,42,-53.813654554675175,63.7869638389641,0.3350128142290183
conventional,500,1,42,-73.41308412867517,74.83559521226374,0.24534591917960383
alphaearth,500,1,43,-60.51671198502941,47.743103753714315,0.3968363687300235
conventional,500,1,43,-84.52522436702941,62.13197569356843,0.27930864335135885
alphaearth,500,1,44,-56.348244985576905,52.39072169564241,0.3931850454658703
conventional,500,1,44,-73.4401479195769,70.10624610772763,0.2686955936584502
alphaearth,1000,1,42,-56.05776646617212,64.89310967599417,0.32454773842799495
conventional,1000,1,42,-73.62669977617212,74.68144351283377,0.24577103622521942
alphaearth,1000,1,43,-56.55657532146209,52.78722676797243,0.38911827918093966
conventional,1000,1,43,-77.96456504746209,67.03411165424387,0.2764587614238721
alphaearth,1000,1,44,-60.41697681292615,54.30514433968576,0.35977095959387
conventional,1000,1,44,-77.59062897792616,64.22621939423581,0.2777816358813534
alphaearth,2500,1,42,-56.90929005882522,59.42812434015363,0.3531795719515456
conventional,2500,1,42,-72.47621117430522,75.64878524170557,0.24204580845816623
alphaearth,2500,1,43,-55.588764610560276,59.55095923852926,0.3540037809153588
conventional,2500,1,43,-73.74384544816026,73.56965687208732,0.2498968418730426
alphaearth,2500,1,44,-57.498513637812415,61.43615798515966,0.33892077866910975
conventional,2500,1,44,-76.27344916661242,75.48461926775467,0.23618681369923766
alphaearth,25,2,42,-78.82229219907714,42.07430795499648,0.3924155100755042
conventional,25,2,42,-70.49854351907715,80.8501715613983,0.2061658201452603
alphaearth,25,2,43,-46.977093965810546,120.78239475808303,-0.020031394054107476
conventional,25,2,43,-79.54285616581053,205.08035135879527,-0.4445620989967086
alphaearth,25,2,44,-39.266801863359376,143.8209201350864,-0.09338120960709538
conventional,25,2,44,-65.15796774335936,123.94662443113612,0.02191722921556685
alphaearth,50,2,42,-73.7733400910681,40.16138659164674,0.3920715594571868
conventional,50,2,42,-81.88278433106811,76.48633216166417,0.19002782696669826
alphaearth,50,2,43,-30.904949020937497,104.55788704791331,0.2252031427191703
conventional,50,2,43,-63.16874490093749,142.61510421275725,0.006356970880661043
alphaearth,50,2,44,-42.31399067580811,147.718711421625,-0.12765426681711645
conventional,50,2,44,-63.73525722180811,71.05284752086165,0.2903709009897831
alphaearth,100,2,42,-62.19948592115173,59.294780386966444,0.3409869971786344
conventional,100,2,42,-74.95393952115172,91.53610837460892,0.1553546586606444
alphaearth,100,2,43,-31.717217995520627,65.99726736876615,0.43263417640702323
conventional,100,2,43,-57.74185048552064,83.06961117078589,0.2897259022942708
alphaearth,100,2,44,-56.50747458078554,94.2944225218077,0.13717101387981528
conventional,100,2,44,-72.72145534378552,58.03334110091015,0.315384409246521
alphaearth,250,2,42,-51.162179117953855,87.54557686782879,0.23796815279891076
conventional,250,2,42,-68.49461237795386,58.25173573023452,0.36422105621915957
alphaearth,250,2,43,-51.034770304753906,62.04063616561503,0.36262190219011137
conventional,250,2,43,-74.3110191487539,76.22881099725261,0.24986391086869597
alphaearth,250,2,44,-56.18303718919385,73.779160863089,0.24770811665997786
conventional,250,2,44,-75.34382916919384,77.71572944044503,0.2024650892041669
alphaearth,500,2,42,-53.34178091635376,85.76063382648941,0.21537362467851173
conventional,500,2,42,-70.51651821835377,76.3201296437669,0.24489912725227475
alphaearth,500,2,43,-51.994805920951634,71.85144595019919,0.2996227020965769
conventional,500,2,43,-74.68156505375164,78.52701133804497,0.23209366422914213
alphaearth,500,2,44,-47.80631738104993,70.73725836407816,0.3035640344336601
conventional,500,2,44,-68.42292688704993,90.77565345108685,0.1657623874248832
alphaearth,1000,2,42,-49.5590739900998,76.4771197414215,0.28340624746887383
conventional,1000,2,42,-69.14565728289979,80.33979489550137,0.23524700788593908
alphaearth,1000,2,43,-51.04839182178844,65.18167587706857,0.3361285023056293
conventional,1000,2,43,-73.16633843318844,72.52970571694742,0.26116542620706945
alphaearth,1000,2,44,-50.23927933774927,69.97572786836116,0.3139992263729557
conventional,1000,2,44,-68.43259938974926,82.23494598733838,0.22108930183890255
alphaearth,2500,2,42,-52.37459211734791,72.68552996262633,0.2930374990211639
conventional,2500,2,42,-71.38738743086792,82.39132447450947,0.21505674833741936
alphaearth,2500,2,43,-54.19725395888327,66.21738862989183,0.3167434620165767
conventional,2500,2,43,-74.06833562284328,75.88809420818397,0.2353353269949937
alphaearth,2500,2,44,-53.76072458121445,63.50704043086164,0.33123259605222954
conventional,2500,2,44,-72.85600758221445,78.26795052028815,0.22279084268374552
alphaearth,25,3,42,-46.9261596076123,246.28865455982486,-0.8115635557188077
conventional,25,3,42,-63.8554257676123,150.39163104540194,-0.1983396891642338
alphaearth,25,3,43,-22.57593614807617,85.89513134063355,0.3878182630433778
conventional,25,3,43,-28.95671710807616,72.53302274467696,0.44712869464127136
alphaearth,25,3,44,-50.144788080141595,84.81596772202816,0.19259969669288599
conventional,25,3,44,-71.23307280014158,72.74346978380203,0.2351558678685296
alphaearth,50,3,42,-52.89058838188476,103.32795302235664,0.07648119008078075
conventional,50,3,42,-48.23217618188477,91.0871920892077,0.1530601790250543
alphaearth,50,3,43,-27.21265289909668,90.85100342916877,0.3389819321630005
conventional,50,3,43,-44.76164037909667,48.16184890319606,0.5262819715127577
alphaearth,50,3,44,-57.90767738516358,36.6721027801222,0.46952560914488284
conventional,50,3,44,-79.29657724516358,50.66718341045676,0.34914545752333526
alphaearth,100,3,42,-49.51608155341979,45.34695852991532,0.4669247728241644
conventional,100,3,42,-57.310503713419806,86.60748027152341,0.22520076554988383
alphaearth,100,3,43,-31.195185288013917,77.30718706676637,0.39036476441229
conventional,100,3,43,-48.531763398013915,31.812649093442342,0.5886434460033378
alphaearth,100,3,44,-59.19729970481445,33.96630439584607,0.48862337243884785
conventional,100,3,44,-81.82238868481446,31.98754428812486,0.4443066043333022
alphaearth,250,3,42,-60.65818953330103,44.15990015803788,0.41682387911309504
conventional,250,3,42,-74.69624476130103,83.79318487342738,0.18209409622617242
alphaearth,250,3,43,-48.36189573906079,66.05878769513953,0.3465541734466004
conventional,250,3,43,-70.63737685306079,38.27551898221948,0.4482043220780304
alphaearth,250,3,44,-56.005731780121096,47.16704813443064,0.42782387840937064
conventional,250,3,44,-78.7980401321211,60.437526637241795,0.3144778568379997
alphaearth,500,3,42,-62.97816712594165,57.71310618671045,0.3418512002016298
conventional,500,3,42,-77.22673012294166,74.73897604288967,0.23105361655146975
alphaearth,500,3,43,-51.077548543788815,60.0243661623398,0.38113190467936336
conventional,500,3,43,-71.37407275464884,49.6850610584959,0.39416183319282283
alphaearth,500,3,44,-60.104367456268065,66.81936623495558,0.3106768442418673
conventional,500,3,44,-75.35566844326806,83.78286707804142,0.20183043675020193
alphaearth,1000,3,42,-57.5016933909942,59.99213800698801,0.3532015253820056
conventional,1000,3,42,-74.3804678764942,73.5248154350133,0.25500997673665116
alphaearth,1000,3,43,-55.58825039234516,62.86430250291348,0.34292927315407534
conventional,1000,3,43,-73.72547212177516,60.393354716541104,0.3240349654775561
alphaearth,1000,3,44,-58.81177124305481,65.6417994422411,0.31978971363491626
conventional,1000,3,44,-75.79732494505481,85.3750510646928,0.19393229115023639
alphaearth,2500,3,42,-56.665635122304366,61.56149167497541,0.34429152869988305
conventional,2500,3,42,-76.17074095498438,77.69220859631487,0.22995182909400014
alphaearth,2500,3,43,-57.7676000411063,59.442470640165226,0.34920893170239353
conventional,2500,3,43,-73.8341109245183,66.59825725711264,0.2841310764754764
alphaearth,2500,3,44,-56.91793865105422,65.8780107648036,0.325537708020373
conventional,2500,3,44,-75.37333461485422,83.4841130850888,0.20777395456878592
alphaearth,25,4,42,-64.36528110858643,-12.424315670596974,0.7139503225241726
conventional,25,4,42,-96.46890122858643,48.26666066220294,0.3226649385110109
alphaearth,25,4,43,-60.07642326858887,-4.919742862470358,0.7002594717006513
conventional,25,4,43,-92.98452474858888,61.68163314464645,0.28699926255759006
alphaearth,25,4,44,-36.23913596408448,99.65156669721584,0.2064881401941763
conventional,25,4,44,-71.12124800408446,120.82859272224464,0.06881208157709688
alphaearth,50,4,42,-67.14090394287965,21.47278547261368,0.5236129449164774
conventional,50,4,42,-87.16146870287963,37.14812917290683,0.3966506086767718
alphaearth,50,4,43,-66.75920014161866,19.469830207318804,0.5201472657003572
conventional,50,4,43,-96.55859406161863,66.21114465948514,0.2230499813424068
alphaearth,50,4,44,-48.42739153045289,69.17759643817597,0.3222587730674112
conventional,50,4,44,-78.02691099045288,92.59849976902387,0.1599956340167325
alphaearth,100,4,42,-56.59590709557311,46.50577257730775,0.4153969676158268
conventional,100,4,42,-73.49688383557313,76.73035272556974,0.2226791395895111
alphaearth,100,4,43,-52.162799958962395,75.95739423962831,0.2699158715504691
conventional,100,4,43,-82.21485127896241,70.732534813294,0.25587149553743704
alphaearth,100,4,44,-50.80652029597533,73.63166002568957,0.28393587110512825
conventional,100,4,44,-71.96578846897535,71.03063101123283,0.2664594914704049
alphaearth,250,4,42,-55.69026654097876,43.90967441881001,0.43439493299849974
conventional,250,4,42,-74.84532045697875,78.03582259193082,0.21699619440607099
alphaearth,250,4,43,-53.26546437664453,47.40911617404324,0.4251588631544268
conventional,250,4,43,-77.39140842864454,63.58604314338607,0.29249695460728975
alphaearth,250,4,44,-52.77381195924145,65.55023862377837,0.3158393712095071
conventional,250,4,44,-75.18174165244146,75.03159685072364,0.23107775312826623
alphaearth,500,4,42,-60.917641891997064,42.14769711363146,0.4240144534021033
conventional,500,4,42,-79.72121908399707,65.7453968029305,0.26435764683751234
alphaearth,500,4,43,-52.27975931351659,59.3080568740166,0.37047680968453506
conventional,500,4,43,-77.2843061245166,67.91533284066259,0.2821217987428682
alphaearth,500,4,44,-51.023794214822026,62.12298351872002,0.345994382068244
conventional,500,4,44,-72.14458464142201,77.66050545858944,0.22831243826504954
alphaearth,1000,4,42,-56.408025128028264,46.192364379494286,0.42087233204671876
conventional,1000,4,42,-75.30265927902825,69.61681820089287,0.26083483242662653
alphaearth,1000,4,43,-54.876170966227846,58.37771625779282,0.36190905312453037
conventional,1000,4,43,-77.35114136772783,72.34544829383347,0.25138080008755226
alphaearth,1000,4,44,-54.52331698427252,55.30154136272192,0.37409035492814074
conventional,1000,4,44,-72.95840785357251,72.60081872613543,0.24930577021334477
alphaearth,2500,4,42,-55.9924807975597,47.14389176722625,0.41827446005015484
conventional,2500,4,42,-74.6300876063717,71.0074278457095,0.2566915871355425
alphaearth,2500,4,43,-55.36839505638018,54.987036086657774,0.3789084969191262
conventional,2500,4,43,-75.67775234154018,74.97770799451317,0.23907227315226198
alphaearth,2500,4,44,-53.85589229425591,57.0009837888338,0.3764997193709541
conventional,2500,4,44,-72.41983204341591,68.61267567888198,0.28177135969315326
