representation,outer_fold,inner_fold,model,config,R2,RMSE,MAE,Bias,N
dem,0,1,random_forest,rf_sqrt,-0.010523447581450851,111.27217177776545,85.27727587585152,13.373543975942068,14919
dem,0,1,random_forest,rf_half,-0.010523447581450851,111.27217177776545,85.27727587585152,13.373543975942068,14919
dem,0,1,xgboost,xgb_depth6,0.07898566878009627,106.2298482331059,82.0739673403525,12.637927192454912,14919
dem,0,1,xgboost,xgb_depth8,0.06509844007547916,107.02772873361938,82.61869638544583,13.399941439838578,14919
dem,0,2,random_forest,rf_sqrt,-0.006869969695469713,109.95350347626221,80.7436761103039,2.517916749825358,15172
dem,0,2,random_forest,rf_half,-0.006869969695469491,109.95350347626221,80.7436761103039,2.517916749825358,15172
dem,0,2,xgboost,xgb_depth6,0.06989699897088852,105.67880671794552,77.49821665947216,1.3822944910412356,15172
dem,0,2,xgboost,xgb_depth8,0.05450497483009176,106.54964374904961,78.13605791235499,1.6169994844177022,15172
dem,0,3,random_forest,rf_sqrt,-0.021812907645616164,108.84687284230947,82.81710570875843,0.6449191666862504,15306
dem,0,3,random_forest,rf_half,-0.021812907645616164,108.84687284230947,82.81710570875843,0.6449191666862506,15306
dem,0,3,xgboost,xgb_depth6,0.056187457389708095,104.6099841681772,79.75424710304017,-0.40319473283295804,15306
dem,0,3,xgboost,xgb_depth8,0.0375358100109201,105.63857982507172,80.47226263527025,-0.7254118654784538,15306
dem,0,4,random_forest,rf_sqrt,0.03019613115119324,103.00938152555653,80.4971387345424,0.7217225656558571,14603
dem,0,4,random_forest,rf_half,0.03019613115119313,103.00938152555656,80.4971387345424,0.7217225656558568,14603
dem,0,4,xgboost,xgb_depth6,0.10315940730351791,99.05866072115428,77.78924035078316,-0.6023439887571743,14603
dem,0,4,xgboost,xgb_depth8,0.08284519871745533,100.17426058217714,78.54740355028599,-0.22391252227964797,14603
dem,1,0,random_forest,rf_sqrt,0.06250684630589687,105.41848326286612,81.95535707975603,1.2033137630163124,14677
dem,1,0,random_forest,rf_half,0.06250684630589687,105.41848326286612,81.95535707975603,1.2033137630163127,14677
dem,1,0,xgboost,xgb_depth6,0.1306952324167049,101.51231726098382,79.29836378800336,1.0143664566868464,14677
dem,1,0,xgboost,xgb_depth8,0.12083229620986535,102.08656099523157,79.74889054322836,0.7798336994486766,14677
dem,1,2,random_forest,rf_sqrt,-0.011232963371558213,110.59144197194269,81.36944294286346,1.4845349902929095,15250
dem,1,2,random_forest,rf_half,-0.011232963371558213,110.59144197194269,81.36944294286346,1.48453499029291,15250
dem,1,2,xgboost,xgb_depth6,0.06114724858042109,106.56010835825435,78.42837514541235,0.9103520021480888,15250
dem,1,2,xgboost,xgb_depth8,0.04684434399004844,107.36873254442177,79.01566154113928,1.1427926884208819,15250
dem,1,3,random_forest,rf_sqrt,0.012948841577679504,107.33118929018619,80.65147337149601,-2.6127299509472777,15446
dem,1,3,random_forest,rf_half,0.012948841577679615,107.33118929018617,80.65147337149601,-2.6127299509472777,15446
dem,1,3,xgboost,xgb_depth6,0.07208598845052672,104.0662671349807,78.53395432542555,-2.290902444928206,15446
dem,1,3,xgboost,xgb_depth8,0.0555042058150409,104.99197964875216,79.09054376558329,-2.5277556528440073,15446
dem,1,4,random_forest,rf_sqrt,0.03569437183290536,103.8506690181574,80.61728390322786,2.3475658898688514,14627
dem,1,4,random_forest,rf_half,0.03569437183290536,103.8506690181574,80.61728390322784,2.3475658898688514,14627
dem,1,4,xgboost,xgb_depth6,0.11779966339629411,99.33117148782813,77.52809070402449,0.7561536235547738,14627
dem,1,4,xgboost,xgb_depth8,0.10417759094962886,100.09512101426715,78.037389994801,1.046090358437133,14627
dem,2,0,random_forest,rf_sqrt,0.07449892496018018,104.68245877450657,81.28546028271559,3.255156324095071,14688
dem,2,0,random_forest,rf_half,0.07449892496018018,104.68245877450657,81.28546028271559,3.255156324095071,14688
dem,2,0,xgboost,xgb_depth6,0.1306508712504919,101.4571275893583,79.12239278473744,2.618824141372009,14688
dem,2,0,xgboost,xgb_depth8,0.11563461311222012,102.3296100607654,79.63829561683669,2.04641142023292,14688
dem,2,1,random_forest,rf_sqrt,-0.020551895532161746,112.36541365083256,85.81044278391808,14.858093200163552,15046
dem,2,1,random_forest,rf_half,-0.020551895532161746,112.36541365083256,85.81044278391808,14.858093200163548,15046
dem,2,1,xgboost,xgb_depth6,0.04978702275528368,108.42404029919746,82.87483121061003,13.537507537577765,15046
dem,2,1,xgboost,xgb_depth8,0.03381311024153477,109.33159355182453,83.57889601874172,14.14868318167918,15046
dem,2,3,random_forest,rf_sqrt,0.019131896923105574,108.11156538885771,80.87258867804931,-1.9811369431782873,15548
dem,2,3,random_forest,rf_half,0.019131896923105574,108.11156538885771,80.8725886780493,-1.9811369431782875,15548
dem,2,3,xgboost,xgb_depth6,0.0742503384023403,105.03006414933861,78.63761232794,-2.5296123281394096,15548
dem,2,3,xgboost,xgb_depth8,0.0531031644129466,106.22290694614847,79.56351583590505,-1.8669956859929269,15548
dem,2,4,random_forest,rf_sqrt,0.025044893925663003,103.94005461852284,80.59458184039744,-3.7796422126302276,14718
dem,2,4,random_forest,rf_half,0.025044893925663003,103.94005461852284,80.59458184039744,-3.7796422126302276,14718
dem,2,4,xgboost,xgb_depth6,0.10165481987924807,99.77282121087214,77.54436418768836,-4.594437545174282,14718
dem,2,4,xgboost,xgb_depth8,0.08768319357280063,100.54569243080736,78.0635255650527,-4.551597142506271,14718
dem,3,0,random_forest,rf_sqrt,0.062814718772225,106.25584990905112,82.49558902287328,4.409193328050608,14808
dem,3,0,random_forest,rf_half,0.062814718772225,106.25584990905112,82.49558902287328,4.409193328050609,14808
dem,3,0,xgboost,xgb_depth6,0.1290890209854214,102.42995986229924,80.04630167768086,3.097667206365526,14808
dem,3,0,xgboost,xgb_depth8,0.11625975583470893,103.18164229996476,80.5870117553603,3.5546163248359766,14808
dem,3,1,random_forest,rf_sqrt,0.006073751088691126,110.04011386827553,84.39421018615614,14.102015008575227,14995
dem,3,1,random_forest,rf_half,0.006073751088691237,110.04011386827551,84.39421018615614,14.102015008575224,14995
dem,3,1,xgboost,xgb_depth6,0.08146534671756256,105.78442353950511,81.48636957958736,13.203419944431387,14995
dem,3,1,xgboost,xgb_depth8,0.06862774664194493,106.52108927981016,82.03205673827016,13.564422017309132,14995
dem,3,2,random_forest,rf_sqrt,0.00392830321251425,109.31375072082186,79.87928246997755,-2.6989248792164617,15473
dem,3,2,random_forest,rf_half,0.00392830321251425,109.31375072082186,79.87928246997755,-2.6989248792164617,15473
dem,3,2,xgboost,xgb_depth6,0.07559111555737785,105.30804523877846,76.96180732264446,-2.9952534895392464,15473
dem,3,2,xgboost,xgb_depth8,0.0581720184803719,106.29560067738224,77.6100357638535,-3.509889980285336,15473
dem,3,4,random_forest,rf_sqrt,0.026216435846648567,103.76046078305895,80.72375718605356,-2.659055723413437,14724
dem,3,4,random_forest,rf_half,0.026216435846648567,103.76046078305895,80.72375718605356,-2.659055723413437,14724
dem,3,4,xgboost,xgb_depth6,0.09903769674860674,99.80538672365158,77.85001000404506,-4.191633579880548,14724
dem,3,4,xgboost,xgb_depth8,0.08584083828376177,100.53367992554902,78.38223273070861,-3.92275216405119,14724
dem,4,0,random_forest,rf_sqrt,0.011472815471846087,108.92813445572905,83.90229088519777,-3.8879356895128443,14597
dem,4,0,random_forest,rf_half,0.011472815471846087,108.92813445572905,83.90229088519777,-3.887935689512845,14597
dem,4,0,xgboost,xgb_depth6,0.08539578415798788,104.77613083180695,81.04435628491859,-4.254132176961645,14597
dem,4,0,xgboost,xgb_depth8,0.07021015614262593,105.6423750312641,81.75380290459967,-3.4181263613575323,14597
dem,4,1,random_forest,rf_sqrt,-0.0004428874307309538,110.64238925165463,84.76685231666939,14.92403343414548,14854
dem,4,1,random_forest,rf_half,-0.0004428874307309538,110.64238925165463,84.76685231666937,14.92403343414548,14854
dem,4,1,xgboost,xgb_depth6,0.07694671018144528,106.2768765848089,81.85301964362817,14.759968126952229,14854
dem,4,1,xgboost,xgb_depth8,0.05613174304143975,107.46847479266104,82.69790287602562,15.40847900080765,14854
dem,4,2,random_forest,rf_sqrt,-0.01745595484677276,111.03849271112671,81.08424550016792,-2.2359509694469186,15178
dem,4,2,random_forest,rf_half,-0.01745595484677276,111.03849271112671,81.08424550016792,-2.2359509694469186,15178
dem,4,2,xgboost,xgb_depth6,0.06335075777965726,106.53792695926577,77.62810576433402,-3.418834398183958,15178
dem,4,2,xgboost,xgb_depth8,0.04830443049080957,107.39023002862089,78.19648260639877,-2.941251641968562,15178
dem,4,3,random_forest,rf_sqrt,0.013466059635058758,107.49552739701635,80.04194639442439,-4.103157227682027,15371
dem,4,3,random_forest,rf_half,0.013466059635058758,107.49552739701635,80.04194639442437,-4.1031572276820265,15371
dem,4,3,xgboost,xgb_depth6,0.0786519592342827,103.88341969200408,77.43957653834143,-4.437457782839098,15371
dem,4,3,xgboost,xgb_depth8,0.0607963882065774,104.88521100031875,78.098622009496,-4.321984232078201,15371
sentinel1_c,0,1,random_forest,rf_sqrt,0.26526112482226094,94.88113616371733,66.8331147259455,7.702527429871076,14919
sentinel1_c,0,1,random_forest,rf_half,0.260271285269409,95.20277461087834,67.05311972898794,8.547774704039645,14919
sentinel1_c,0,1,xgboost,xgb_depth6,0.24077260599419337,96.44934926799853,67.52432884450953,8.115639512748729,14919
sentinel1_c,0,1,xgboost,xgb_depth8,0.21287072302767562,98.20563317666749,68.84141668604346,8.694559073839763,14919
sentinel1_c,0,2,random_forest,rf_sqrt,0.25057938779972133,94.86045312742112,64.15777089579254,0.9267972544236084,15172
sentinel1_c,0,2,random_forest,rf_half,0.2489054406653749,94.96633679854676,64.31814863592004,1.2986001819043325,15172
sentinel1_c,0,2,xgboost,xgb_depth6,0.2463946265620396,95.12493459169083,63.95179070545274,-0.12716757126848147,15172
sentinel1_c,0,2,xgboost,xgb_depth8,0.21865231068706048,96.86001768492241,65.44501853896259,0.2923453153527985,15172
sentinel1_c,0,3,random_forest,rf_sqrt,0.26612746929055686,92.2445210271842,64.95762580812232,-2.7095818906146096,15306
sentinel1_c,0,3,random_forest,rf_half,0.26554472306833166,92.28113806679055,64.88870368808175,-2.9501052259560425,15306
sentinel1_c,0,3,xgboost,xgb_depth6,0.2600329100066545,92.62675861070643,65.54990990483887,-2.1869116081138884,15306
sentinel1_c,0,3,xgboost,xgb_depth8,0.2406164198977021,93.83413724858214,66.46105877497807,-2.2650382724994094,15306
sentinel1_c,0,4,random_forest,rf_sqrt,0.2977890551338931,87.65337051994517,64.5189322201275,-0.6597048880743497,14603
sentinel1_c,0,4,random_forest,rf_half,0.2943821116339056,87.86574882338806,64.6165979006265,-0.4379534851853268,14603
sentinel1_c,0,4,xgboost,xgb_depth6,0.2962980670458194,87.74637735286738,64.4819187282507,-1.4136349611705452,14603
sentinel1_c,0,4,xgboost,xgb_depth8,0.2721525747793343,89.239062363851,65.45859131197516,-1.323241322576364,14603
sentinel1_c,1,0,random_forest,rf_sqrt,0.3161494431024139,90.03540312656206,65.28831303569422,0.9594258550315139,14677
sentinel1_c,1,0,random_forest,rf_half,0.3129391035601886,90.24649148207355,65.37100491796146,1.245059834688204,14677
sentinel1_c,1,0,xgboost,xgb_depth6,0.30276787406586037,90.91204055454709,65.65243602008078,0.04475311442386396,14677
sentinel1_c,1,0,xgboost,xgb_depth8,0.2781644164753154,92.50215586240438,66.86572363792143,0.11982149033980241,14677
sentinel1_c,1,2,random_forest,rf_sqrt,0.24908721827293212,95.2995083575898,64.65215061071984,1.013958787673489,15250
sentinel1_c,1,2,random_forest,rf_half,0.24559035325853484,95.5211469119046,64.85431862374831,1.206320050702434,15250
sentinel1_c,1,2,xgboost,xgb_depth6,0.23537755408462213,96.16553081805878,65.1807500294656,0.12195809174104576,15250
sentinel1_c,1,2,xgboost,xgb_depth8,0.2102719060174063,97.73153180047697,66.24218007833241,0.1273044926881573,15250
sentinel1_c,1,3,random_forest,rf_sqrt,0.2673510244413577,92.47068689481088,64.52562122870155,-3.0155634420273603,15446
sentinel1_c,1,3,random_forest,rf_half,0.26297163733556317,92.74664549359481,64.68682391947078,-2.892718725337826,15446
sentinel1_c,1,3,xgboost,xgb_depth6,0.2559058864163768,93.19015730007374,64.6380537119146,-3.6562184358194765,15446
sentinel1_c,1,3,xgboost,xgb_depth8,0.23631522511258474,94.40895196644898,65.67531918662864,-3.1391389165098507,15446
sentinel1_c,1,4,random_forest,rf_sqrt,0.2887300525213442,89.19061890245399,64.63321251200331,0.16673909387855257,14627
sentinel1_c,1,4,random_forest,rf_half,0.28743591166088434,89.27172226480079,64.66340069427199,0.41575119601453187,14627
sentinel1_c,1,4,xgboost,xgb_depth6,0.2889458567857983,89.177087347964,64.49350833670604,0.29710462826199013,14627
sentinel1_c,1,4,xgboost,xgb_depth8,0.2662555180892997,90.58877189085898,65.3919178064635,0.20656588407796192,14627
sentinel1_c,2,0,random_forest,rf_sqrt,0.3134536991871302,90.16134187745112,65.3507708929403,1.3572040730448456,14688
sentinel1_c,2,0,random_forest,rf_half,0.3086579242558418,90.47569869661986,65.56633056020851,1.5231050210132457,14688
sentinel1_c,2,0,xgboost,xgb_depth6,0.30766573994964364,90.54059882825145,65.51956629348763,1.337021819919556,14688
sentinel1_c,2,0,xgboost,xgb_depth8,0.282101790609105,92.19702043790855,66.75114895202307,1.852166798788859,14688
sentinel1_c,2,1,random_forest,rf_sqrt,0.2630045612419245,95.48771657797245,67.29685988061048,7.381184375026213,15046
sentinel1_c,2,1,random_forest,rf_half,0.25848758060903754,95.77988752404514,67.43136718830054,7.777632511556477,15046
sentinel1_c,2,1,xgboost,xgb_depth6,0.22428038499711178,97.96422219632849,68.71126521515572,8.411181403089218,15046
sentinel1_c,2,1,xgboost,xgb_depth8,0.207394819176428,99.02470594369126,69.54382133987615,8.01335166481386,15046
sentinel1_c,2,3,random_forest,rf_sqrt,0.2588237654160963,93.97830168762947,64.89987432529783,-3.215259346739864,15548
sentinel1_c,2,3,random_forest,rf_half,0.25626650210719293,94.14028766982801,64.88634588380533,-3.3441865886525792,15548
sentinel1_c,2,3,xgboost,xgb_depth6,0.2611347715489237,93.83167394749739,64.65595273393157,-3.5557330655194543,15548
sentinel1_c,2,3,xgboost,xgb_depth8,0.24218533283680221,95.02729194204814,65.73296482817412,-2.7381451022266794,15548
sentinel1_c,2,4,random_forest,rf_sqrt,0.29039720669370306,88.67440638303948,64.81873466255415,-2.0610304819479643,14718
sentinel1_c,2,4,random_forest,rf_half,0.28970014137307454,88.71794953254178,64.7892246848273,-1.7051148627172785,14718
sentinel1_c,2,4,xgboost,xgb_depth6,0.2858188485402998,88.96001013793851,64.7788510311177,-2.3938258633712106,14718
sentinel1_c,2,4,xgboost,xgb_depth8,0.266470580289647,90.15698921224859,65.62172081738267,-2.3554535181257705,14718
sentinel1_c,3,0,random_forest,rf_sqrt,0.30736810905911227,91.34638432725492,65.64263097682556,0.2631995576081232,14808
sentinel1_c,3,0,random_forest,rf_half,0.30618110097692774,91.42462392483401,65.55981349108977,-0.05446101073973178,14808
sentinel1_c,3,0,xgboost,xgb_depth6,0.2938373884737374,92.23430500347708,66.2590832290409,0.9087372750963275,14808
sentinel1_c,3,0,xgboost,xgb_depth8,0.27124025693371123,93.6984284626153,67.36174497767658,0.8366682441983538,14808
sentinel1_c,3,1,random_forest,rf_sqrt,0.2707289121444737,94.25804961936308,66.29823324379926,7.377117238864926,14995
sentinel1_c,3,1,random_forest,rf_half,0.26570443052242043,94.5821985562695,66.55686374928912,8.101607949661116,14995
sentinel1_c,3,1,xgboost,xgb_depth6,0.246365810542842,95.8195765509164,67.17376004192295,7.628174416187798,14995
sentinel1_c,3,1,xgboost,xgb_depth8,0.22292789429443005,97.29815627333258,68.2031696734636,8.107608832600349,14995
sentinel1_c,3,2,random_forest,rf_sqrt,0.24793332313071004,94.98557781361404,64.05675008760389,-0.7875497157125202,15473
sentinel1_c,3,2,random_forest,rf_half,0.2456466716473813,95.12986958440423,64.28021384485429,-0.4063290771171725,15473
sentinel1_c,3,2,xgboost,xgb_depth6,0.24493761794197733,95.1745676993517,63.72327872141101,-2.907304806089776,15473
sentinel1_c,3,2,xgboost,xgb_depth8,0.21918455292499628,96.78402830602404,65.04029812426369,-3.1110053219002785,15473
sentinel1_c,3,4,random_forest,rf_sqrt,0.29715073076135945,88.15191889339243,64.42024918536711,-2.3943459900529716,14724
sentinel1_c,3,4,random_forest,rf_half,0.29747826692959145,88.13137657545278,64.26831222564527,-2.036861150984661,14724
sentinel1_c,3,4,xgboost,xgb_depth6,0.2929707319504459,88.41365971395466,64.50876078201833,-2.5501873761945775,14724
sentinel1_c,3,4,xgboost,xgb_depth8,0.27212090280116463,89.70781846488893,65.33224530230912,-2.547963295495436,14724
sentinel1_c,4,0,random_forest,rf_sqrt,0.2981305128166485,91.78547051826773,65.90436766971045,-1.855285653217994,14597
sentinel1_c,4,0,random_forest,rf_half,0.29498508290138536,91.99090901858627,65.9790328645067,-1.6062140659699577,14597
sentinel1_c,4,0,xgboost,xgb_depth6,0.28488611850360557,92.64742677821373,66.3955392399688,-2.7430023682995195,14597
sentinel1_c,4,0,xgboost,xgb_depth8,0.26198792961068496,94.1190402161102,67.69464277389842,-2.263171123510151,14597
sentinel1_c,4,1,random_forest,rf_sqrt,0.2756730482037576,94.14401538800284,66.71526168260625,9.425663451687702,14854
sentinel1_c,4,1,random_forest,rf_half,0.27314937159393604,94.30787955094434,66.87374985147405,9.746463022566514,14854
sentinel1_c,4,1,xgboost,xgb_depth6,0.2533815617882331,95.58169998415484,67.35253999849915,9.8799433971142,14854
sentinel1_c,4,1,xgboost,xgb_depth8,0.22645128488221844,97.29022988205435,68.62940268257755,9.681411732587476,14854
sentinel1_c,4,2,random_forest,rf_sqrt,0.2368528620531386,96.16563170140587,64.59865929934531,-1.0310600545023048,15178
sentinel1_c,4,2,random_forest,rf_half,0.23468222086359358,96.3022979152222,64.77971615185945,-0.5335314535700889,15178
sentinel1_c,4,2,xgboost,xgb_depth6,0.23286916342581,96.4163017419076,64.56130625135573,-2.247120864311695,15178
sentinel1_c,4,2,xgboost,xgb_depth8,0.20345740454671513,98.2472156690147,66.05364391903424,-2.0432136056110752,15178
sentinel1_c,4,3,random_forest,rf_sqrt,0.2588426568046047,93.17289443207655,64.32784165388188,-4.964534096721526,15371
sentinel1_c,4,3,random_forest,rf_half,0.25573650553271277,93.36793163731566,64.37539098838799,-5.092895344742734,15371
sentinel1_c,4,3,xgboost,xgb_depth6,0.25319667038249005,93.52710724427207,64.68619583830147,-4.654571201101456,15371
sentinel1_c,4,3,xgboost,xgb_depth8,0.23113063052278837,94.8987865066772,65.7790839185891,-4.844125345053925,15371
palsar_l,0,1,random_forest,rf_sqrt,0.30007331403275295,92.6061102988462,63.50537716554989,5.356305929386785,14919
palsar_l,0,1,random_forest,rf_half,0.2934592496011724,93.04262929751695,63.863016085393966,6.392913346357338,14919
palsar_l,0,1,xgboost,xgb_depth6,0.2832118861276641,93.71492555816349,64.2348840426164,5.822093472276408,14919
palsar_l,0,1,xgboost,xgb_depth8,0.2582480806689197,95.33287850181402,65.44485661147917,6.222874492224838,14919
palsar_l,0,2,random_forest,rf_sqrt,0.27199283611208025,93.49539148105106,62.54870715604227,1.0103153549348225,15172
palsar_l,0,2,random_forest,rf_half,0.2669271606398367,93.82011100220575,62.81683591049656,1.5367680260809142,15172
palsar_l,0,2,xgboost,xgb_depth6,0.2631260617012252,94.06303259039096,62.721700421335534,0.36699370388091596,15172
palsar_l,0,2,xgboost,xgb_depth8,0.23667733193878837,95.73626005899456,64.10020825963751,0.5860294589936125,15172
palsar_l,0,3,random_forest,rf_sqrt,0.28222599926220493,91.22715384754355,62.98819974380811,-3.6249504117129487,15306
palsar_l,0,3,random_forest,rf_half,0.2798790327073599,91.37617871002826,63.08363812774009,-3.5484828122216028,15306
palsar_l,0,3,xgboost,xgb_depth6,0.28165649819501326,91.26333770213473,63.24083564544995,-3.2791647499686967,15306
palsar_l,0,3,xgboost,xgb_depth8,0.2571900743895147,92.80451666628983,64.3537913080075,-3.7787315823466407,15306
palsar_l,0,4,random_forest,rf_sqrt,0.32137583431333505,86.16868867590495,63.00677923402236,1.1620782421199982,14603
palsar_l,0,4,random_forest,rf_half,0.3160783352279207,86.50436134133969,63.233844831916166,1.609778319413032,14603
palsar_l,0,4,xgboost,xgb_depth6,0.31943340768652484,86.29192091877562,62.73164582288035,0.41918639244942973,14603
palsar_l,0,4,xgboost,xgb_depth8,0.29161882544902606,88.03762723751572,63.87692686489725,0.2753011459543803,14603
palsar_l,1,0,random_forest,rf_sqrt,0.3259822482338329,89.38576849925546,63.911761443936086,1.124193910662276,14677
palsar_l,1,0,random_forest,rf_half,0.31968248761216456,89.80252256156568,64.2222081347338,1.5688965192885898,14677
palsar_l,1,0,xgboost,xgb_depth6,0.3130337860590342,90.24027292286407,64.15654531118967,0.042546408766540776,14677
palsar_l,1,0,xgboost,xgb_depth8,0.28742207744035486,91.90706392881225,65.5139229052479,-0.34619317026241553,14677
palsar_l,1,2,random_forest,rf_sqrt,0.26470875715142195,94.30302165115988,63.35654934017855,1.0206858131312668,15250
palsar_l,1,2,random_forest,rf_half,0.25824035915014176,94.71690786518623,63.69263190265295,1.4070132048098698,15250
palsar_l,1,2,xgboost,xgb_depth6,0.251221744019108,95.16396397508825,63.838549738383975,0.27927990814709086,15250
palsar_l,1,2,xgboost,xgb_depth8,0.22897990256016343,96.5670047664581,64.9182529420265,0.35831565506177643,15250
palsar_l,1,3,random_forest,rf_sqrt,0.27553497565808427,91.95277117668026,63.149965091351234,-3.73899695078167,15446
palsar_l,1,3,random_forest,rf_half,0.2691090587072419,92.3596758371236,63.47609926321833,-3.10706481716462,15446
palsar_l,1,3,xgboost,xgb_depth6,0.2675963956420133,92.45520093612598,63.47360074302832,-3.6569138462698816,15446
palsar_l,1,3,xgboost,xgb_depth8,0.24360335429730617,93.95738205461937,64.7026301235827,-3.493260892974905,15446
palsar_l,1,4,random_forest,rf_sqrt,0.3144720878979267,87.56176740008135,63.12090296516878,0.9878424543634493,14627
palsar_l,1,4,random_forest,rf_half,0.3126516420362082,87.67795214645793,63.16885905494814,1.3982721831370892,14627
palsar_l,1,4,xgboost,xgb_depth6,0.307946427790767,87.9775381849665,63.22376678819321,0.5522425655131669,14627
palsar_l,1,4,xgboost,xgb_depth8,0.287263514967081,89.28252074543258,64.21417406161281,0.5329436450077312,14627
palsar_l,2,0,random_forest,rf_sqrt,0.32795941651722615,89.20376832312193,63.72638020185846,1.7293278250438695,14688
palsar_l,2,0,random_forest,rf_half,0.3241289182287965,89.45762900851918,63.8687611170546,2.1925094678768438,14688
palsar_l,2,0,xgboost,xgb_depth6,0.3165502347872624,89.95778435899082,63.990832074688996,1.4652344358051879,14688
palsar_l,2,0,xgboost,xgb_depth8,0.2931523961923763,91.48467425293421,65.11547910081353,1.4638709811997148,14688
palsar_l,2,1,random_forest,rf_sqrt,0.30374094590472067,92.81123163294438,63.61495103938348,4.905636347144682,15046
palsar_l,2,1,random_forest,rf_half,0.29635186707285055,93.3024134722118,63.89927375418629,5.683190959929791,15046
palsar_l,2,1,xgboost,xgb_depth6,0.25744447586979224,95.84723187373334,65.5209478099731,6.610647267082177,15046
palsar_l,2,1,xgboost,xgb_depth8,0.23832286904897482,97.07347267014184,66.3474986016783,6.581840905661508,15046
palsar_l,2,3,random_forest,rf_sqrt,0.2721914770893371,93.12695828962072,63.21768381200536,-3.6438083596236672,15548
palsar_l,2,3,random_forest,rf_half,0.26743967185985906,93.43047302272718,63.39592344005861,-3.672010625608912,15548
palsar_l,2,3,xgboost,xgb_depth6,0.27300661902711754,93.07479281344148,63.38078380636614,-3.2983296129892477,15548
palsar_l,2,3,xgboost,xgb_depth8,0.24992802836770145,94.54059219734081,64.54683043762189,-3.3543912808138097,15548
palsar_l,2,4,random_forest,rf_sqrt,0.31839656609145484,86.90735179931042,62.99690762517757,-1.039023996616953,14718
palsar_l,2,4,random_forest,rf_half,0.3161195737606902,87.05239389527686,63.08617648025464,-0.6401680816448222,14718
palsar_l,2,4,xgboost,xgb_depth6,0.3105637612834423,87.40528341118483,63.350759312559305,-1.3179869204293904,14718
palsar_l,2,4,xgboost,xgb_depth8,0.2883472929820903,88.80239614988034,64.31570891452363,-1.3369740502680296,14718
palsar_l,3,0,random_forest,rf_sqrt,0.3212479319440218,90.42649607043118,64.0929672397552,0.4974751915678963,14808
palsar_l,3,0,random_forest,rf_half,0.3185221700795432,90.60788346090213,64.15758269246732,0.5215411945106865,14808
palsar_l,3,0,xgboost,xgb_depth6,0.31565485516513425,90.79829950921518,64.41500300403453,0.6982136626905143,14808
palsar_l,3,0,xgboost,xgb_depth8,0.2926077941171462,92.31457083270912,65.48789303770252,0.1447366946077142,14808
palsar_l,3,1,random_forest,rf_sqrt,0.3057266112444107,91.96852274764981,63.17647255668666,4.771629798163999,14995
palsar_l,3,1,random_forest,rf_half,0.29896986909697676,92.41496287868587,63.50147599896337,5.757193132525836,14995
palsar_l,3,1,xgboost,xgb_depth6,0.27581447500989353,93.92882097862255,64.39152749254295,5.761093940826657,14995
palsar_l,3,1,xgboost,xgb_depth8,0.25065165210297113,95.54672995538847,65.54020517767788,6.099485106663941,14995
palsar_l,3,2,random_forest,rf_sqrt,0.26295917990872075,94.03191193192684,62.7895546418606,-0.2758353395333985,15473
palsar_l,3,2,random_forest,rf_half,0.257256946526234,94.39495750665594,63.160491386770275,0.30978307837853836,15473
palsar_l,3,2,xgboost,xgb_depth6,0.2609293919397636,94.16130341879169,62.74980581823678,-1.7048160694009418,15473
palsar_l,3,2,xgboost,xgb_depth8,0.2362831034590016,95.71845840613985,63.87602054077419,-1.9424412413178678,15473
palsar_l,3,4,random_forest,rf_sqrt,0.31888429102186433,86.77829641774582,62.954936603011255,-1.2245236752735362,14724
palsar_l,3,4,random_forest,rf_half,0.31937560524550557,86.74699255690793,62.92503017623537,-0.693754933420973,14724
palsar_l,3,4,xgboost,xgb_depth6,0.3123471545243698,87.19373751409228,63.12303357150335,-1.6503448911300078,14724
palsar_l,3,4,xgboost,xgb_depth8,0.29202233779180964,88.47293795182762,63.911316407809196,-1.7493733553673476,14724
palsar_l,4,0,random_forest,rf_sqrt,0.3157030193595438,90.62918388917885,64.66801182021538,-0.10888184276944567,14597
palsar_l,4,0,random_forest,rf_half,0.3102773751499548,90.98776421077409,64.91330221612465,0.4950769437649405,14597
palsar_l,4,0,xgboost,xgb_depth6,0.3003812066251196,91.638187532244,65.27219504013091,-1.6185109284578152,14597
palsar_l,4,0,xgboost,xgb_depth8,0.27341659531533036,93.3874451790272,66.6330849042051,-1.3103619987505724,14597
palsar_l,4,1,random_forest,rf_sqrt,0.3060961964338007,92.145690550517,63.67009827932862,6.848812926257607,14854
palsar_l,4,1,random_forest,rf_half,0.3013434101873226,92.46072082577902,63.86324543900993,7.672206356396736,14854
palsar_l,4,1,xgboost,xgb_depth6,0.28489336920561514,93.54289307281032,64.56010195096414,8.374632662801847,14854
palsar_l,4,1,xgboost,xgb_depth8,0.2571036167820693,95.34315455064208,65.8370177568676,8.438500528383706,14854
palsar_l,4,2,random_forest,rf_sqrt,0.26229170578385264,94.54924865960602,63.047504091550465,-0.5207310966582555,15178
palsar_l,4,2,random_forest,rf_half,0.25794316195590483,94.82750731137125,63.30158532098071,0.043842860815633496,15178
palsar_l,4,2,xgboost,xgb_depth6,0.2549511020708186,95.01849278145278,63.229988687635135,-1.7708582325483022,15178
palsar_l,4,2,xgboost,xgb_depth8,0.23251313233052684,96.43867290594042,64.23752915558767,-1.9895296823980277,15178
palsar_l,4,3,random_forest,rf_sqrt,0.2738552368027922,92.22443091865244,62.837434396637384,-3.9314622449327956,15371
palsar_l,4,3,random_forest,rf_half,0.2706263927589184,92.42924408498966,62.92124035449538,-4.054192712115502,15371
palsar_l,4,3,xgboost,xgb_depth6,0.26811900451708803,92.58798108932615,63.18697441940808,-3.8755471114076734,15371
palsar_l,4,3,xgboost,xgb_depth8,0.2453841913365914,94.01503861700716,64.22977372493942,-4.342524358208428,15371
sentinel1_c_palsar_l,0,1,random_forest,rf_sqrt,0.342344611715674,89.766141598021,60.719084353762035,5.494787860576369,14919
sentinel1_c_palsar_l,0,1,random_forest,rf_half,0.33931947526079953,89.97236150315311,60.80099116731151,6.20683827165418,14919
sentinel1_c_palsar_l,0,1,xgboost,xgb_depth6,0.3240022820798387,91.00934357557553,61.606504583143234,5.982100977122981,14919
sentinel1_c_palsar_l,0,1,xgboost,xgb_depth8,0.30831524029402146,92.05925805044556,62.26942150356252,6.039976642871809,14919
sentinel1_c_palsar_l,0,2,random_forest,rf_sqrt,0.31650069546751014,90.59232723502333,59.50256749339815,2.1231130028789913,15172
sentinel1_c_palsar_l,0,2,random_forest,rf_half,0.314013120424425,90.7570315293366,59.59905146429771,2.3591678047403377,15172
sentinel1_c_palsar_l,0,2,xgboost,xgb_depth6,0.30680575849248604,91.2325578302634,59.621994913920894,0.29045421704863744,15172
sentinel1_c_palsar_l,0,2,xgboost,xgb_depth8,0.2905734563700977,92.29455811536478,60.5286581055226,0.5131165968444029,15172
sentinel1_c_palsar_l,0,3,random_forest,rf_sqrt,0.33272343166295903,87.9595910366242,59.807700997246805,-4.319389296192086,15306
sentinel1_c_palsar_l,0,3,random_forest,rf_half,0.3315115685279585,88.03942797158331,59.77600587070323,-4.168010353579436,15306
sentinel1_c_palsar_l,0,3,xgboost,xgb_depth6,0.3268472639676945,88.3460367852931,60.312940249253316,-3.158284906821554,15306
sentinel1_c_palsar_l,0,3,xgboost,xgb_depth8,0.31090581820116026,89.38601080483728,61.113019029496265,-3.2478766047644956,15306
sentinel1_c_palsar_l,0,4,random_forest,rf_sqrt,0.37350191245157904,82.79320565577692,59.81907436680104,0.6343169535957975,14603
sentinel1_c_palsar_l,0,4,random_forest,rf_half,0.37194512273305413,82.89600855517119,59.77910183240675,0.7403771034503437,14603
sentinel1_c_palsar_l,0,4,xgboost,xgb_depth6,0.36814736518051816,83.1462609385259,59.682653433825394,-0.380107017835314,14603
sentinel1_c_palsar_l,0,4,xgboost,xgb_depth8,0.352426341955022,84.1742800680522,60.517124267805414,-0.26321885038957815,14603
sentinel1_c_palsar_l,1,0,random_forest,rf_sqrt,0.3805868714331865,85.68857370169121,60.71392740684543,2.2809737950271574,14677
sentinel1_c_palsar_l,1,0,random_forest,rf_half,0.37744587007000996,85.90555940084846,60.835436164649295,2.57889112498418,14677
sentinel1_c_palsar_l,1,0,xgboost,xgb_depth6,0.36568255533419314,86.71336476621508,60.966593887146985,0.3996836746538623,14677
sentinel1_c_palsar_l,1,0,xgboost,xgb_depth8,0.350386252223581,87.75266499942977,61.77770784180114,0.656269776173475,14677
sentinel1_c_palsar_l,1,2,random_forest,rf_sqrt,0.31577962801720716,90.96910294920451,59.82162850851058,1.6282728003130498,15250
sentinel1_c_palsar_l,1,2,random_forest,rf_half,0.31265155740065576,91.17680890227888,59.95034488874305,1.8846495007156325,15250
sentinel1_c_palsar_l,1,2,xgboost,xgb_depth6,0.2984240873210272,92.11561303917144,60.560536311135294,-0.42637177734606774,15250
sentinel1_c_palsar_l,1,2,xgboost,xgb_depth8,0.2823606542643884,93.16419432073123,61.496601697710496,-0.28435812206424377,15250
sentinel1_c_palsar_l,1,3,random_forest,rf_sqrt,0.32792741021484273,88.56542315134881,59.90715178203344,-3.680908819362741,15446
sentinel1_c_palsar_l,1,3,random_forest,rf_half,0.32570611334365696,88.71166316550138,59.9571015856103,-3.4464898178531254,15446
sentinel1_c_palsar_l,1,3,xgboost,xgb_depth6,0.3145247574019495,89.44416154383624,60.35254576541371,-3.7167177675253456,15446
sentinel1_c_palsar_l,1,3,xgboost,xgb_depth8,0.29724887167197556,90.56426902532252,61.42540287333279,-3.6138607279199815,15446
sentinel1_c_palsar_l,1,4,random_forest,rf_sqrt,0.36009641675519966,84.59782917025606,60.0006248652858,0.7144729545801557,14627
sentinel1_c_palsar_l,1,4,random_forest,rf_half,0.35919479352101435,84.65740730146098,59.9464977061504,0.9054783057471255,14627
sentinel1_c_palsar_l,1,4,xgboost,xgb_depth6,0.35524906522868294,84.91764434334786,59.92836589365575,0.3789265499468653,14627
sentinel1_c_palsar_l,1,4,xgboost,xgb_depth8,0.3371992949642144,86.09807247060627,60.790731352967235,0.5735344824062866,14627
sentinel1_c_palsar_l,2,0,random_forest,rf_sqrt,0.3770983805430572,85.88062195604287,60.79359329555371,2.010811132480073,14688
sentinel1_c_palsar_l,2,0,random_forest,rf_half,0.3737471327794456,86.1113334890562,60.85123336190222,2.1077745615875267,14688
sentinel1_c_palsar_l,2,0,xgboost,xgb_depth6,0.3654843270432093,86.67755015160647,60.85304113858042,0.8218613905956645,14688
sentinel1_c_palsar_l,2,0,xgboost,xgb_depth8,0.3525096775760589,87.55926188278649,61.689875575183834,1.296446381025249,14688
sentinel1_c_palsar_l,2,1,random_forest,rf_sqrt,0.3411462295876717,90.28375755626016,61.00991459943545,4.92850467508303,15046
sentinel1_c_palsar_l,2,1,random_forest,rf_half,0.33731807454920804,90.5456666843527,61.13776268311761,5.524077413145047,15046
sentinel1_c_palsar_l,2,1,xgboost,xgb_depth6,0.3192629691130465,91.77085884486378,62.093381860776695,5.757695627499117,15046
sentinel1_c_palsar_l,2,1,xgboost,xgb_depth8,0.30449050480427775,92.7612601334182,62.807720750115,5.47028271507682,15046
sentinel1_c_palsar_l,2,3,random_forest,rf_sqrt,0.3184888391636943,90.1162966535419,60.17865586519947,-3.842948594742958,15548
sentinel1_c_palsar_l,2,3,random_forest,rf_half,0.31684912991344816,90.22464099217106,60.28206227746686,-3.5425232073013477,15548
sentinel1_c_palsar_l,2,3,xgboost,xgb_depth6,0.3178933980340347,90.15565568177891,60.30449041180554,-3.4248665326290197,15548
sentinel1_c_palsar_l,2,3,xgboost,xgb_depth8,0.30033783187756957,91.30846577133543,61.20815299056757,-3.3625476869602045,15548
sentinel1_c_palsar_l,2,4,random_forest,rf_sqrt,0.3686519941066214,83.64212120067455,59.81785260372692,-0.9418891030857679,14718
sentinel1_c_palsar_l,2,4,random_forest,rf_half,0.36869626367186714,83.63918869338953,59.74812204038434,-0.6977467159220471,14718
sentinel1_c_palsar_l,2,4,xgboost,xgb_depth6,0.35780490712372115,84.35758204622938,60.179129081863955,-1.4582689121739676,14718
sentinel1_c_palsar_l,2,4,xgboost,xgb_depth8,0.3423859245991976,85.36428001336525,60.90885794384691,-1.3606920752708287,14718
sentinel1_c_palsar_l,3,0,random_forest,rf_sqrt,0.37134411536451306,87.02551707807629,60.90073668462372,-0.4005234556833931,14808
sentinel1_c_palsar_l,3,0,random_forest,rf_half,0.3699652541025418,87.12090343409227,60.934202841594946,-0.21213499686867263,14808
sentinel1_c_palsar_l,3,0,xgboost,xgb_depth6,0.36256778459630057,87.6308701490627,61.26091394735183,-0.1719308235452828,14808
sentinel1_c_palsar_l,3,0,xgboost,xgb_depth8,0.3487296201897371,88.5769624673596,62.048505473829366,0.14816223995717392,14808
sentinel1_c_palsar_l,3,1,random_forest,rf_sqrt,0.34426808441363266,89.37933354928134,60.488040022879325,4.532689096210605,14995
sentinel1_c_palsar_l,3,1,random_forest,rf_half,0.3406717477150677,89.62409718309412,60.58963860880473,5.29797435453023,14995
sentinel1_c_palsar_l,3,1,xgboost,xgb_depth6,0.3217383626089729,90.90181988374104,61.50174502916974,5.5905200425234325,14995
sentinel1_c_palsar_l,3,1,xgboost,xgb_depth8,0.30737182436852617,91.8594896436687,62.210512212670345,5.539099900099476,14995
sentinel1_c_palsar_l,3,2,random_forest,rf_sqrt,0.3103875614178425,90.95614368681697,59.6857322664761,0.9064640441081421,15473
sentinel1_c_palsar_l,3,2,random_forest,rf_half,0.30754927718947545,91.14312864236838,59.850430988523414,1.1606628237892198,15473
sentinel1_c_palsar_l,3,2,xgboost,xgb_depth6,0.30521110689566444,91.29687861585552,59.55952944737673,-1.8517623063564521,15473
sentinel1_c_palsar_l,3,2,xgboost,xgb_depth8,0.29064349975735626,92.24902236927764,60.35803394101399,-1.8281613668132808,15473
sentinel1_c_palsar_l,3,4,random_forest,rf_sqrt,0.3731362867017295,83.25057410544227,59.39958439473945,-1.634223219160367,14724
sentinel1_c_palsar_l,3,4,random_forest,rf_half,0.37169373828790886,83.34630781159366,59.392562852470185,-1.4631371012034962,14724
sentinel1_c_palsar_l,3,4,xgboost,xgb_depth6,0.36144300204449653,84.0234492886392,59.770180401043525,-1.8040975430097757,14724
sentinel1_c_palsar_l,3,4,xgboost,xgb_depth8,0.3499366271633879,84.7770929059556,60.358053639440556,-1.499799426450166,14724
sentinel1_c_palsar_l,4,0,random_forest,rf_sqrt,0.36666342429902155,87.18927012817471,61.443652630283545,0.0451355111982444,14597
sentinel1_c_palsar_l,4,0,random_forest,rf_half,0.36292188986120644,87.44643297484015,61.54724492524979,0.28466534558431245,14597
sentinel1_c_palsar_l,4,0,xgboost,xgb_depth6,0.3501595405854966,88.31798073462565,61.78641735644883,-1.99628171823061,14597
sentinel1_c_palsar_l,4,0,xgboost,xgb_depth8,0.3339072259244529,89.41556364181292,62.6006872184603,-2.05365754289217,14597
sentinel1_c_palsar_l,4,1,random_forest,rf_sqrt,0.34484534633267094,89.53592199992727,60.955545977946386,6.267175077418278,14854
sentinel1_c_palsar_l,4,1,random_forest,rf_half,0.340781147562094,89.81320705198199,61.08742265258712,6.943327452159819,14854
sentinel1_c_palsar_l,4,1,xgboost,xgb_depth6,0.32563046088112746,90.83942313813537,61.89549566879016,7.705357606221547,14854
sentinel1_c_palsar_l,4,1,xgboost,xgb_depth8,0.30951284838402093,91.91855658081069,62.74543169702526,7.541303623337534,14854
sentinel1_c_palsar_l,4,2,random_forest,rf_sqrt,0.30790871195369607,91.57932540585415,59.978147576769096,0.8058302630491084,15178
sentinel1_c_palsar_l,4,2,random_forest,rf_half,0.3059029280554819,91.71193467498466,60.03314953538925,1.018440516735669,15178
sentinel1_c_palsar_l,4,2,xgboost,xgb_depth6,0.2989682251853567,92.16894161024507,59.97522653429258,-1.8601048856398616,15178
sentinel1_c_palsar_l,4,2,xgboost,xgb_depth8,0.28242959880244056,93.24982104905835,61.01744228409697,-1.314508720735291,15178
sentinel1_c_palsar_l,4,3,random_forest,rf_sqrt,0.31774052799763086,89.39416376047801,59.82888831193882,-4.8039542671076685,15371
sentinel1_c_palsar_l,4,3,random_forest,rf_half,0.3157196519483976,89.526460161936,59.86010454673692,-4.72059384473854,15371
sentinel1_c_palsar_l,4,3,xgboost,xgb_depth6,0.3099826472899625,89.90097162917341,60.29041325253535,-4.471365226262714,15371
sentinel1_c_palsar_l,4,3,xgboost,xgb_depth8,0.2968444318647405,90.75281172014265,61.052443202259404,-4.800855596954414,15371
sentinel1_sentinel2,0,1,random_forest,rf_sqrt,0.40553334102056715,85.34481041869059,56.44748906763603,3.7720593246769947,14919
sentinel1_sentinel2,0,1,random_forest,rf_half,0.4061679939863696,85.29924116731081,56.350496832020696,5.056859107681912,14919
sentinel1_sentinel2,0,1,xgboost,xgb_depth6,0.4086722555949498,85.11919252108495,55.751728927319306,3.9026707012231032,14919
sentinel1_sentinel2,0,1,xgboost,xgb_depth8,0.40287376740850256,85.53550866667086,56.15946307905449,4.016484449821657,14919
sentinel1_sentinel2,0,2,random_forest,rf_sqrt,0.3692375529628975,87.02725646572969,55.5419597675204,2.0404609517112453,15172
sentinel1_sentinel2,0,2,random_forest,rf_half,0.3702099918390047,86.96014615281341,55.45545494155349,2.5943745216066394,15172
sentinel1_sentinel2,0,2,xgboost,xgb_depth6,0.369866608366494,86.98384977418543,55.04557659847182,0.4385791929569603,15172
sentinel1_sentinel2,0,2,xgboost,xgb_depth8,0.3635802390901369,87.41665938528205,55.33738149349799,0.503709435372375,15172
sentinel1_sentinel2,0,3,random_forest,rf_sqrt,0.41030147375254844,82.68853266756994,55.44368995151212,-2.572116578107562,15306
sentinel1_sentinel2,0,3,random_forest,rf_half,0.41500626597250545,82.35801511236956,55.085203202193696,-2.4311565546365097,15306
sentinel1_sentinel2,0,3,xgboost,xgb_depth6,0.4144630536918664,82.39624415806881,55.164022480240824,-1.4429212581346906,15306
sentinel1_sentinel2,0,3,xgboost,xgb_depth8,0.40864302328661317,82.80472640581009,55.388273420072316,-1.770562798496819,15306
sentinel1_sentinel2,0,4,random_forest,rf_sqrt,0.44140908127623013,78.17749652730089,55.55798304876552,-0.6021657521897891,14603
sentinel1_sentinel2,0,4,random_forest,rf_half,0.4460486326056141,77.8521557573056,55.1640022314876,-0.46938813756335607,14603
sentinel1_sentinel2,0,4,xgboost,xgb_depth6,0.44852268374762483,77.67811001414677,54.85285529122385,-0.7430513355999804,14603
sentinel1_sentinel2,0,4,xgboost,xgb_depth8,0.44267498368547087,78.08886170419315,55.165233546750684,-0.4410645091447462,14603
sentinel1_sentinel2,1,0,random_forest,rf_sqrt,0.4542636690516323,80.43112519735546,56.043877140729876,0.7906072913070094,14677
sentinel1_sentinel2,1,0,random_forest,rf_half,0.45316378791439726,80.51213515051558,55.94481925555227,1.2804321389720124,14677
sentinel1_sentinel2,1,0,xgboost,xgb_depth6,0.4522859521243595,80.57673227369645,55.57079049044045,-1.0899102265883367,14677
sentinel1_sentinel2,1,0,xgboost,xgb_depth8,0.44365767973374093,81.20892464717576,56.01873829252865,-0.6556450777139772,14677
sentinel1_sentinel2,1,2,random_forest,rf_sqrt,0.3669962633915831,87.49818584134849,55.795455084633964,1.7067852284748506,15250
sentinel1_sentinel2,1,2,random_forest,rf_half,0.3673026666799679,87.47700667968327,55.924805613279034,2.4678098564937283,15250
sentinel1_sentinel2,1,2,xgboost,xgb_depth6,0.36192959104003397,87.84766328841788,55.76244674048281,-0.6868045417252839,15250
sentinel1_sentinel2,1,2,xgboost,xgb_depth8,0.356391684981459,88.228061025136,56.235163986301544,-0.5675802691878572,15250
sentinel1_sentinel2,1,3,random_forest,rf_sqrt,0.4064072585367954,83.23393005426814,55.507305426172735,-1.770265285967491,15446
sentinel1_sentinel2,1,3,random_forest,rf_half,0.40806169417044624,83.11785614062973,55.321072455001115,-1.34243448437471,15446
sentinel1_sentinel2,1,3,xgboost,xgb_depth6,0.40975741741317473,82.99871706392855,54.889001651052766,-2.0810175161189286,15446
sentinel1_sentinel2,1,3,xgboost,xgb_depth8,0.40273006724979754,83.49134100043315,55.511393099609386,-1.6629206122790625,15446
sentinel1_sentinel2,1,4,random_forest,rf_sqrt,0.4292322731139814,79.89721701981811,55.67491695610863,0.597074948867037,14627
sentinel1_sentinel2,1,4,random_forest,rf_half,0.4321996096140637,79.68925951000335,55.36642035194099,1.0880363033835467,14627
sentinel1_sentinel2,1,4,xgboost,xgb_depth6,0.437139980813536,79.34181818302137,54.75568825173029,0.4677437603034572,14627
sentinel1_sentinel2,1,4,xgboost,xgb_depth8,0.4328001612844108,79.64710545383221,55.02672292435691,0.4879466171915246,14627
sentinel1_sentinel2,2,0,random_forest,rf_sqrt,0.4482636879919676,80.82602759269176,56.131522419278745,0.7333491066859177,14688
sentinel1_sentinel2,2,0,random_forest,rf_half,0.45152853208543364,80.58653282893951,55.917463593142166,0.9729681812232533,14688
sentinel1_sentinel2,2,0,xgboost,xgb_depth6,0.4509283589239904,80.63061228700536,55.42401873344317,-0.4440458103945721,14688
sentinel1_sentinel2,2,0,xgboost,xgb_depth8,0.4447865796297049,81.0803152404459,56.04806702581798,0.07165891009903294,14688
sentinel1_sentinel2,2,1,random_forest,rf_sqrt,0.405864059371035,85.73497397701165,56.44224589477524,2.856392894655153,15046
sentinel1_sentinel2,2,1,random_forest,rf_half,0.4077951085207332,85.59553350552801,56.30995397727692,3.9825360054486287,15046
sentinel1_sentinel2,2,1,xgboost,xgb_depth6,0.40250085840536487,85.97728977062741,56.40760248294355,2.832421400556849,15046
sentinel1_sentinel2,2,1,xgboost,xgb_depth8,0.3977251072604172,86.32020986102425,56.550291463141875,2.294176617753202,15046
sentinel1_sentinel2,2,3,random_forest,rf_sqrt,0.3959487513799266,84.84060229035906,55.892397649371865,-0.8903738897574741,15548
sentinel1_sentinel2,2,3,random_forest,rf_half,0.39921757727693363,84.61073324437929,55.65052350958497,-0.6557363046337656,15548
sentinel1_sentinel2,2,3,xgboost,xgb_depth6,0.39808556878974033,84.6904085055108,55.585561079088514,-0.04514577408723764,15548
sentinel1_sentinel2,2,3,xgboost,xgb_depth8,0.3952943360847595,84.88654703305691,55.757929798330366,-0.21048137301584197,15548
sentinel1_sentinel2,2,4,random_forest,rf_sqrt,0.43860099689157905,78.87265317697549,55.568386902313364,-0.7955224357687368,14718
sentinel1_sentinel2,2,4,random_forest,rf_half,0.4428017356476066,78.57701181389773,55.2003299294963,-0.43487730769681077,14718
sentinel1_sentinel2,2,4,xgboost,xgb_depth6,0.4429907673820356,78.56368190085334,55.10074640705028,-0.29029974969057937,14718
sentinel1_sentinel2,2,4,xgboost,xgb_depth8,0.4400542160532541,78.77050343911777,55.29320110778431,-0.3544354897345821,14718
sentinel1_sentinel2,3,0,random_forest,rf_sqrt,0.4441599644848617,81.83046745196,56.264600325434444,-1.1909294036992044,14808
sentinel1_sentinel2,3,0,random_forest,rf_half,0.44696612992304574,81.62364501111435,55.93622551479637,-0.9413082765096745,14808
sentinel1_sentinel2,3,0,xgboost,xgb_depth6,0.44386951251855866,81.85184474985404,56.00023157292802,-0.9315396431684918,14808
sentinel1_sentinel2,3,0,xgboost,xgb_depth8,0.4362554901186476,82.41025966200256,56.39977455821878,-0.9174655224712681,14808
sentinel1_sentinel2,3,1,random_forest,rf_sqrt,0.41059665220023367,84.7383981731229,56.08224952558665,2.8172611491334476,14995
sentinel1_sentinel2,3,1,random_forest,rf_half,0.4118981979497506,84.64478498194421,55.97513447121907,4.2704674336611985,14995
sentinel1_sentinel2,3,1,xgboost,xgb_depth6,0.4050599838908068,85.13547069187237,55.69349467968689,2.2363944226325723,14995
sentinel1_sentinel2,3,1,xgboost,xgb_depth8,0.40044409063132935,85.46509800081556,56.04681511002496,2.662165193286123,14995
sentinel1_sentinel2,3,2,random_forest,rf_sqrt,0.3671085978241314,87.13529258951601,55.834423431150704,2.0485373834156535,15473
sentinel1_sentinel2,3,2,random_forest,rf_half,0.36664773669512074,87.16701206095759,55.82173698250173,2.650930694617623,15473
sentinel1_sentinel2,3,2,xgboost,xgb_depth6,0.3694809282507415,86.97183027949335,55.10043065093977,-0.33447695529009297,15473
sentinel1_sentinel2,3,2,xgboost,xgb_depth8,0.36110699041154326,87.5474627444218,55.63032760612566,-0.2788816781574822,15473
sentinel1_sentinel2,3,4,random_forest,rf_sqrt,0.44193037732722396,78.54976015425349,55.34900205398701,-1.1389639619141283,14724
sentinel1_sentinel2,3,4,random_forest,rf_half,0.4481945204636223,78.1076688002349,54.869525168258235,-0.9449927893383311,14724
sentinel1_sentinel2,3,4,xgboost,xgb_depth6,0.4472635699531906,78.17352872151976,54.88259301305202,-0.15094929371339327,14724
sentinel1_sentinel2,3,4,xgboost,xgb_depth8,0.4388387847486438,78.76703452973828,55.150213470260596,-0.07263380997968814,14724
sentinel1_sentinel2,4,0,random_forest,rf_sqrt,0.43688970976057995,82.21337728661544,56.771524750371334,-1.0213092163250368,14597
sentinel1_sentinel2,4,0,random_forest,rf_half,0.43682852003715256,82.21784397569161,56.639978572187665,-0.6482572608641425,14597
sentinel1_sentinel2,4,0,xgboost,xgb_depth6,0.43090047932115494,82.64943085501876,56.575576644207906,-2.2233614830629476,14597
sentinel1_sentinel2,4,0,xgboost,xgb_depth8,0.41774581088500007,83.59918975137195,57.40612809663368,-2.1627971636753904,14597
sentinel1_sentinel2,4,1,random_forest,rf_sqrt,0.40883625883185304,85.05097360253977,56.69445220877946,4.2054629272331425,14854
sentinel1_sentinel2,4,1,random_forest,rf_half,0.40911886880058623,85.03064156534083,56.751686773636806,5.4328944194606885,14854
sentinel1_sentinel2,4,1,xgboost,xgb_depth6,0.4100381868352282,84.96446866950141,56.39762812675909,4.697759232374721,14854
sentinel1_sentinel2,4,1,xgboost,xgb_depth8,0.4014705218091067,85.57918916727252,56.93207060603264,4.814639501700871,14854
sentinel1_sentinel2,4,2,random_forest,rf_sqrt,0.3602999099387638,88.04484937341458,56.091455425015525,1.7691644174531287,15178
sentinel1_sentinel2,4,2,random_forest,rf_half,0.3601399138135848,88.05585918430259,56.09788378507296,2.267920524940816,15178
sentinel1_sentinel2,4,2,xgboost,xgb_depth6,0.3633791051186599,87.83269190214828,55.47581801179294,-0.6169865472111206,15178
sentinel1_sentinel2,4,2,xgboost,xgb_depth8,0.35629642575035647,88.31992857773359,55.80390352067358,-0.9732337991628889,15178
sentinel1_sentinel2,4,3,random_forest,rf_sqrt,0.3931916671781637,84.30632283203036,55.656181647362736,-2.6914140270511773,15371
sentinel1_sentinel2,4,3,random_forest,rf_half,0.3977605629053259,83.98833560683914,55.206568930098264,-2.6992181472652934,15371
sentinel1_sentinel2,4,3,xgboost,xgb_depth6,0.39479682202789,84.19474368435195,55.11683314758459,-3.497753659791037,15371
sentinel1_sentinel2,4,3,xgboost,xgb_depth8,0.3881739091514834,84.65417386325974,55.56448678898554,-3.244363158186371,15371
palsar_sentinel2,0,1,random_forest,rf_sqrt,0.40685596548289715,85.24981603320481,56.154230404172395,3.641067402987641,14919
palsar_sentinel2,0,1,random_forest,rf_half,0.4094297317672819,85.06465726381788,56.02194990419536,5.112449491454857,14919
palsar_sentinel2,0,1,xgboost,xgb_depth6,0.40960010223935206,85.05238645375395,55.51101948361909,4.096185851995006,14919
palsar_sentinel2,0,1,xgboost,xgb_depth8,0.4047048483850889,85.40426112730309,55.82583428962329,3.9808981479747927,14919
palsar_sentinel2,0,2,random_forest,rf_sqrt,0.37163847274307404,86.8614692719372,55.36284702289374,1.535650599070628,15172
palsar_sentinel2,0,2,random_forest,rf_half,0.3745123466645278,86.66260684901377,55.15761039537945,1.956194130838859,15172
palsar_sentinel2,0,2,xgboost,xgb_depth6,0.3715788846870314,86.86558774766442,54.61460505792116,-0.028843040998891376,15172
palsar_sentinel2,0,2,xgboost,xgb_depth8,0.3663803984280264,87.22413674983726,55.06650234887942,-0.21426090274510257,15172
palsar_sentinel2,0,3,random_forest,rf_sqrt,0.4054633187898147,83.02704692315108,55.49430761816255,-3.0453581280488167,15306
palsar_sentinel2,0,3,random_forest,rf_half,0.40893464355822695,82.78430683226625,55.22556966423945,-2.9477381564622673,15306
palsar_sentinel2,0,3,xgboost,xgb_depth6,0.40944399629803796,82.74862930420578,55.116637901451796,-2.194002996512239,15306
palsar_sentinel2,0,3,xgboost,xgb_depth8,0.3999397976380279,83.41183513573999,55.75258508398781,-2.0436287149822077,15306
palsar_sentinel2,0,4,random_forest,rf_sqrt,0.4416757501250058,78.15883350305464,55.47436094903853,-0.07922869423791189,14603
palsar_sentinel2,0,4,random_forest,rf_half,0.44750781648957516,77.74955151594638,55.030487203789924,0.16149395414946188,14603
palsar_sentinel2,0,4,xgboost,xgb_depth6,0.4500413815821165,77.57107849690618,54.67282365783632,-0.19991016609813494,14603
palsar_sentinel2,0,4,xgboost,xgb_depth8,0.44349437519085533,78.03143660793545,54.96329879803962,-0.39163532269725104,14603
palsar_sentinel2,1,0,random_forest,rf_sqrt,0.45172843602434876,80.6177312218,56.09525477872559,1.0939038340764544,14677
palsar_sentinel2,1,0,random_forest,rf_half,0.45273465810502744,80.54371991099191,55.948243129437,1.7366807786520846,14677
palsar_sentinel2,1,0,xgboost,xgb_depth6,0.44984622239374605,80.75599280155684,55.50407025026363,-0.44735317977223726,14677
palsar_sentinel2,1,0,xgboost,xgb_depth8,0.4455090736558822,81.07368866395467,55.765872112573895,-0.38663631012930255,14677
palsar_sentinel2,1,2,random_forest,rf_sqrt,0.36898893217705075,87.36035700601045,55.65632725907412,1.1631491880546219,15250
palsar_sentinel2,1,2,random_forest,rf_half,0.3712723353700026,87.20215082211065,55.50535349584937,1.6115079773018728,15250
palsar_sentinel2,1,2,xgboost,xgb_depth6,0.3641421495022118,87.6952217416651,55.43469215125289,-1.0295404500469538,15250
palsar_sentinel2,1,2,xgboost,xgb_depth8,0.357875985316081,88.12626578072248,55.73437424011106,-0.8705203499898287,15250
palsar_sentinel2,1,3,random_forest,rf_sqrt,0.3994592774875043,83.71963792495582,55.556786739721325,-2.3441854099960957,15446
palsar_sentinel2,1,3,random_forest,rf_half,0.4028115235617713,83.48564748713129,55.34372610998438,-2.0292367547201624,15446
palsar_sentinel2,1,3,xgboost,xgb_depth6,0.40049370942636253,83.64750327246206,55.466075005274284,-1.5614322905651534,15446
palsar_sentinel2,1,3,xgboost,xgb_depth8,0.39102067071002744,84.30578684452308,55.95462471188478,-1.0586573607390353,15446
palsar_sentinel2,1,4,random_forest,rf_sqrt,0.4305661278824635,79.80380457317283,55.46252742845184,0.9588527432122326,14627
palsar_sentinel2,1,4,random_forest,rf_half,0.43572853300128866,79.44123607932146,55.113180654803806,1.5022803348305787,14627
palsar_sentinel2,1,4,xgboost,xgb_depth6,0.4410669988219098,79.06455376356611,54.4387677249771,0.828314915794218,14627
palsar_sentinel2,1,4,xgboost,xgb_depth8,0.4332320659977077,79.6167753047278,54.86231100967398,0.4871395805518628,14627
palsar_sentinel2,2,0,random_forest,rf_sqrt,0.4473751911979199,80.89108111240128,56.11500311446086,1.1265723259486455,14688
palsar_sentinel2,2,0,random_forest,rf_half,0.44991431799207204,80.7050333820848,55.862110149601946,1.3115291868895032,14688
palsar_sentinel2,2,0,xgboost,xgb_depth6,0.4489288579893661,80.77729121149778,55.407083855666464,-0.10333459307118098,14688
palsar_sentinel2,2,0,xgboost,xgb_depth8,0.441486610820901,81.32091291623745,55.92667534842554,0.4603009662816849,14688
palsar_sentinel2,2,1,random_forest,rf_sqrt,0.40678932275081114,85.66818931116208,56.17314076775774,2.4564219592896963,15046
palsar_sentinel2,2,1,random_forest,rf_half,0.407674790977942,85.60422823380183,56.122635503676214,3.68728247535479,15046
palsar_sentinel2,2,1,xgboost,xgb_depth6,0.4022909981093321,85.9923873951849,55.943231839494594,2.0276688618291843,15046
palsar_sentinel2,2,1,xgboost,xgb_depth8,0.39871621976161986,86.24915570787991,56.24092787125293,2.182049159317291,15046
palsar_sentinel2,2,3,random_forest,rf_sqrt,0.39112995337754874,85.1783365518351,55.96343553904615,-1.4472266265198626,15548
palsar_sentinel2,2,3,random_forest,rf_half,0.3949054501148943,84.91383789824688,55.6328142910214,-1.6511667576331277,15548
palsar_sentinel2,2,3,xgboost,xgb_depth6,0.3991553773665889,84.61511306943251,55.33989983029755,-0.9827733915247118,15548
palsar_sentinel2,2,3,xgboost,xgb_depth8,0.39336104342266565,85.02213330989046,55.84409155144143,-0.8216589571343793,15548
palsar_sentinel2,2,4,random_forest,rf_sqrt,0.4383371755581348,78.89118353092518,55.52112396650243,-0.5500873752910295,14718
palsar_sentinel2,2,4,random_forest,rf_half,0.44208135817290883,78.62778981268595,55.14034890938794,-0.3261283199435217,14718
palsar_sentinel2,2,4,xgboost,xgb_depth6,0.4438985522239104,78.49963628271288,54.906201661387186,-0.565551415248293,14718
palsar_sentinel2,2,4,xgboost,xgb_depth8,0.43749080713179733,78.95060162717225,55.26942156404987,-0.5384438853234882,14718
palsar_sentinel2,3,0,random_forest,rf_sqrt,0.4416636891747199,82.01401175477895,56.41741656049214,-0.6747998070583501,14808
palsar_sentinel2,3,0,random_forest,rf_half,0.4456643655312179,81.71965386936532,56.05581603107889,-0.4091906560814901,14808
palsar_sentinel2,3,0,xgboost,xgb_depth6,0.4410860489496802,82.05642556925977,56.043040810204836,-0.6596825419810277,14808
palsar_sentinel2,3,0,xgboost,xgb_depth8,0.43475420820634036,82.51991817805686,56.35371070764814,-0.6803287593395351,14808
palsar_sentinel2,3,1,random_forest,rf_sqrt,0.4104809608895187,84.74671422304473,55.83576539523046,2.511774180177602,14995
palsar_sentinel2,3,1,random_forest,rf_half,0.4135865244565641,84.52319825455494,55.64410772212768,3.8417970915679542,14995
palsar_sentinel2,3,1,xgboost,xgb_depth6,0.4106376835060741,84.73544859058447,55.28347852187927,2.591811474162578,14995
palsar_sentinel2,3,1,xgboost,xgb_depth8,0.4025016053833004,85.31832534760694,55.90383007060715,2.996582285651998,14995
palsar_sentinel2,3,2,random_forest,rf_sqrt,0.3665947483906411,87.17065832216221,55.807157464440486,1.5321410734498753,15473
palsar_sentinel2,3,2,random_forest,rf_half,0.36775521217146023,87.0907688934583,55.69076248163539,1.8820495792276482,15473
palsar_sentinel2,3,2,xgboost,xgb_depth6,0.3719570852479892,86.80088560319774,54.96441243652446,-0.5466211024710582,15473
palsar_sentinel2,3,2,xgboost,xgb_depth8,0.36536392321803723,87.25531168495154,55.56647767067038,-0.07431793974051024,15473
palsar_sentinel2,3,4,random_forest,rf_sqrt,0.44207678868053724,78.5394555877428,55.224892612026956,-0.9896444433406664,14724
palsar_sentinel2,3,4,random_forest,rf_half,0.4481933044418136,78.10775486369374,54.75065123074275,-0.823706017767462,14724
palsar_sentinel2,3,4,xgboost,xgb_depth6,0.451277183935064,77.88918883934168,54.50122267984398,-0.4091672564452451,14724
palsar_sentinel2,3,4,xgboost,xgb_depth8,0.4446529316428942,78.35792257413965,54.91751018695452,-0.6936527481729622,14724
palsar_sentinel2,4,0,random_forest,rf_sqrt,0.4367962516484618,82.22019938557919,56.80772786974068,-0.470432097597074,14597
palsar_sentinel2,4,0,random_forest,rf_half,0.4362706939348858,82.25855263167638,56.770642738271924,-0.17240318848938013,14597
palsar_sentinel2,4,0,xgboost,xgb_depth6,0.4296233536976233,82.74211636056968,56.625052189687345,-1.3994802745118642,14597
palsar_sentinel2,4,0,xgboost,xgb_depth8,0.41922728580151736,83.49276803235657,57.30807794423921,-1.407563601798151,14597
palsar_sentinel2,4,1,random_forest,rf_sqrt,0.4087133745786503,85.0598128475524,56.35122011128039,3.9441108270748644,14854
palsar_sentinel2,4,1,random_forest,rf_half,0.409269295355706,85.01981732337963,56.311784029680744,5.160667149672368,14854
palsar_sentinel2,4,1,xgboost,xgb_depth6,0.4086886823633761,85.06158888407411,56.003619156262516,4.3662486338480955,14854
palsar_sentinel2,4,1,xgboost,xgb_depth8,0.40027461965244426,85.66464299111098,56.562283729170254,4.068299729797749,14854
palsar_sentinel2,4,2,random_forest,rf_sqrt,0.3622124176298481,87.91313726433792,55.94034024222342,1.36765346122007,15178
palsar_sentinel2,4,2,random_forest,rf_half,0.36381167637152934,87.80284654669195,55.72591589066242,1.783226504102277,15178
palsar_sentinel2,4,2,xgboost,xgb_depth6,0.3690489315488663,87.44069260447026,55.08514261844848,-0.8340594595433196,15178
palsar_sentinel2,4,2,xgboost,xgb_depth8,0.35703251201455144,88.26941644385408,55.58973483769354,-1.0215825072755156,15178
palsar_sentinel2,4,3,random_forest,rf_sqrt,0.38768508250680755,84.6879849038213,55.862137783842876,-2.6322673060840143,15371
palsar_sentinel2,4,3,random_forest,rf_half,0.391366249866992,84.43303389496585,55.45599587150018,-2.9786712494584586,15371
palsar_sentinel2,4,3,xgboost,xgb_depth6,0.3896185377268615,84.55417313179062,55.33332041365604,-2.7158877431188837,15371
palsar_sentinel2,4,3,xgboost,xgb_depth8,0.37965925190320504,85.24119587429888,55.83753691439176,-3.133665975508784,15371
sentinel1_palsar_sentinel2,0,1,random_forest,rf_sqrt,0.4129011880587823,84.81427768414305,55.70104136714197,3.988064336286193,14919
sentinel1_palsar_sentinel2,0,1,random_forest,rf_half,0.4143084108451426,84.71257062315331,55.54171110360409,4.99648217721279,14919
sentinel1_palsar_sentinel2,0,1,xgboost,xgb_depth6,0.41850351086883564,84.40864244334087,54.87159616229246,3.5361813514646157,14919
sentinel1_palsar_sentinel2,0,1,xgboost,xgb_depth8,0.41229263462385213,84.85822314174742,55.34835690612108,4.142977651031001,14919
sentinel1_palsar_sentinel2,0,2,random_forest,rf_sqrt,0.3797654444176417,86.29792577565745,54.794482411519375,2.106329736294486,15172
sentinel1_palsar_sentinel2,0,2,random_forest,rf_half,0.3813824729169095,86.18535765406662,54.712529000931134,2.647797207056334,15172
sentinel1_palsar_sentinel2,0,2,xgboost,xgb_depth6,0.3815971137874479,86.17040454952505,54.20466761898983,0.6326795233867595,15172
sentinel1_palsar_sentinel2,0,2,xgboost,xgb_depth8,0.37845782946507,86.38884705970086,54.46503241868936,0.5534190633925001,15172
sentinel1_palsar_sentinel2,0,3,random_forest,rf_sqrt,0.4155959023178015,82.31649883702376,54.770015672657706,-3.098532136235232,15306
sentinel1_palsar_sentinel2,0,3,random_forest,rf_half,0.4190294287835049,82.07432715963658,54.43121279375283,-3.1072729465649456,15306
sentinel1_palsar_sentinel2,0,3,xgboost,xgb_depth6,0.4186923411804868,82.09813406798709,54.439212160761684,-2.331347376158413,15306
sentinel1_palsar_sentinel2,0,3,xgboost,xgb_depth8,0.4108957984625561,82.64685355137986,54.87621896948048,-2.0606411177486916,15306
sentinel1_palsar_sentinel2,0,4,random_forest,rf_sqrt,0.4510754726873337,77.49811545698476,54.878137172584964,-0.25521780142281003,14603
sentinel1_palsar_sentinel2,0,4,random_forest,rf_half,0.45378051326124735,77.30692847234403,54.58582871752253,-0.083469437175617,14603
sentinel1_palsar_sentinel2,0,4,xgboost,xgb_depth6,0.45846696766519424,76.97457503065702,54.2067315821602,-0.3839161233568138,14603
sentinel1_palsar_sentinel2,0,4,xgboost,xgb_depth8,0.4535857881675228,77.32070705207224,54.27730464048894,-0.23375206632242054,14603
sentinel1_palsar_sentinel2,1,0,random_forest,rf_sqrt,0.46204241971027327,79.85584815310095,55.30267919792209,1.385918916823528,14677
sentinel1_palsar_sentinel2,1,0,random_forest,rf_half,0.46230200217375805,79.83657927412224,55.22497386736885,1.9930498858525825,14677
sentinel1_palsar_sentinel2,1,0,xgboost,xgb_depth6,0.4611354126011906,79.92313907046248,54.805904060263984,-0.03857488336521031,14677
sentinel1_palsar_sentinel2,1,0,xgboost,xgb_depth8,0.45497583882768833,80.37862794478933,55.23961404629968,0.26515735135367846,14677
sentinel1_palsar_sentinel2,1,2,random_forest,rf_sqrt,0.37882943128963853,86.67649617768372,54.97770661954669,1.6885919638704743,15250
sentinel1_palsar_sentinel2,1,2,random_forest,rf_half,0.37823587354346744,86.71789802771299,55.04187994461609,2.3059449468304183,15250
sentinel1_palsar_sentinel2,1,2,xgboost,xgb_depth6,0.3781809018102097,86.72173141693128,54.7298510975514,-0.7833941231718536,15250
sentinel1_palsar_sentinel2,1,2,xgboost,xgb_depth8,0.3689051846270144,87.36615403042681,55.23743381209125,-0.6297496022275941,15250
sentinel1_palsar_sentinel2,1,3,random_forest,rf_sqrt,0.4100721095555757,82.97658842802683,54.871184760261194,-2.3705425611948385,15446
sentinel1_palsar_sentinel2,1,3,random_forest,rf_half,0.4130733057948456,82.76525195397282,54.642837372980054,-2.227036054927707,15446
sentinel1_palsar_sentinel2,1,3,xgboost,xgb_depth6,0.41533126414865207,82.60589595869499,54.492269763319506,-1.8556320263150419,15446
sentinel1_palsar_sentinel2,1,3,xgboost,xgb_depth8,0.40963665737526356,83.00720714572697,54.902043416999696,-1.5548666502105275,15446
sentinel1_palsar_sentinel2,1,4,random_forest,rf_sqrt,0.4388395445320965,79.22194075557303,54.929684808248304,0.720188819763004,14627
sentinel1_palsar_sentinel2,1,4,random_forest,rf_half,0.4425036763629412,78.96287489032305,54.591127051609924,1.2715790539796297,14627
sentinel1_palsar_sentinel2,1,4,xgboost,xgb_depth6,0.44938845534697647,78.47378573929178,53.92233131509295,0.6248109029947885,14627
sentinel1_palsar_sentinel2,1,4,xgboost,xgb_depth8,0.44054537502651414,79.1014386270119,54.32876969745155,0.4800635994816241,14627
sentinel1_palsar_sentinel2,2,0,random_forest,rf_sqrt,0.45712383644150545,80.17442198727538,55.440834755001276,1.24314765709846,14688
sentinel1_palsar_sentinel2,2,0,random_forest,rf_half,0.46001587343461414,79.96058222136828,55.15709621295804,1.5085626713287792,14688
sentinel1_palsar_sentinel2,2,0,xgboost,xgb_depth6,0.45834433398273433,80.08424696059308,54.81065935675215,0.005010668165577382,14688
sentinel1_palsar_sentinel2,2,0,xgboost,xgb_depth8,0.45232881732744357,80.52771868879084,55.1703361151142,0.5479239933710833,14688
sentinel1_palsar_sentinel2,2,1,random_forest,rf_sqrt,0.4141684358430786,85.13369668183988,55.64201043644943,2.826374283916548,15046
sentinel1_palsar_sentinel2,2,1,random_forest,rf_half,0.41624064521573534,84.98299540897149,55.532789648905855,3.9676601501634883,15046
sentinel1_palsar_sentinel2,2,1,xgboost,xgb_depth6,0.41566341936609497,85.02500095541782,55.259633057448575,2.5877134509195248,15046
sentinel1_palsar_sentinel2,2,1,xgboost,xgb_depth8,0.40805379291709987,85.57683672694533,55.66040563876153,2.4125381752307655,15046
sentinel1_palsar_sentinel2,2,3,random_forest,rf_sqrt,0.40249782983245264,84.37943115620352,55.18894711689864,-1.5865874026178175,15548
sentinel1_palsar_sentinel2,2,3,random_forest,rf_half,0.4051401220252464,84.19265179408474,54.997326529029706,-1.5089139666606892,15548
sentinel1_palsar_sentinel2,2,3,xgboost,xgb_depth6,0.40794448185921905,83.993961793283,54.695880546673024,-0.7679332985416617,15548
sentinel1_palsar_sentinel2,2,3,xgboost,xgb_depth8,0.4032056201375379,84.32943917000847,55.16429269419541,-0.24894727920055576,15548
sentinel1_palsar_sentinel2,2,4,random_forest,rf_sqrt,0.4473047359023017,78.25885748308498,54.83868698143593,-0.6312876578412794,14718
sentinel1_palsar_sentinel2,2,4,random_forest,rf_half,0.45155596718623103,77.9573000450127,54.48714710024507,-0.274276230726897,14718
sentinel1_palsar_sentinel2,2,4,xgboost,xgb_depth6,0.4543917829398202,77.75549362531534,54.33648929648079,-0.36437244205818825,14718
sentinel1_palsar_sentinel2,2,4,xgboost,xgb_depth8,0.4470853959300468,78.27438465877087,54.6447111279303,-0.4598006685811793,14718
sentinel1_palsar_sentinel2,3,0,random_forest,rf_sqrt,0.45253882270872237,81.21135997770759,55.56045000190311,-0.7538360192260112,14808
sentinel1_palsar_sentinel2,3,0,random_forest,rf_half,0.4557372724186437,80.97378061963371,55.292338364714155,-0.5951550321764199,14808
sentinel1_palsar_sentinel2,3,0,xgboost,xgb_depth6,0.45480046275709884,81.04343852757171,55.17431516101285,-0.8679495334360429,14808
sentinel1_palsar_sentinel2,3,0,xgboost,xgb_depth8,0.44811559993767014,81.53877431780349,55.511287154630224,-1.0337873528752597,14808
sentinel1_palsar_sentinel2,3,1,random_forest,rf_sqrt,0.41836257503676055,84.17829452223339,55.26816328676511,2.8045339567223024,14995
sentinel1_palsar_sentinel2,3,1,random_forest,rf_half,0.4193136495264025,84.10944356831227,55.16992506352057,3.9432188761392637,14995
sentinel1_palsar_sentinel2,3,1,xgboost,xgb_depth6,0.4153623039890255,84.39512448634346,54.89577337862109,2.1785039838824045,14995
sentinel1_palsar_sentinel2,3,1,xgboost,xgb_depth8,0.41081237893960665,84.72288925940312,55.10467546180455,2.561558447235466,14995
sentinel1_palsar_sentinel2,3,2,random_forest,rf_sqrt,0.3773608102931886,86.42665845799803,55.088568842882786,2.01494106453729,15473
sentinel1_palsar_sentinel2,3,2,random_forest,rf_half,0.37791116000819724,86.38845382607293,54.99460589669787,2.3594565726457994,15473
sentinel1_palsar_sentinel2,3,2,xgboost,xgb_depth6,0.3813336510227404,86.15048822763903,54.290592088482754,-0.18010311136638213,15473
sentinel1_palsar_sentinel2,3,2,xgboost,xgb_depth8,0.37646352980128317,86.48891043089885,54.60834865503947,-0.10723496575237616,15473
sentinel1_palsar_sentinel2,3,4,random_forest,rf_sqrt,0.451865339036733,77.84743441910535,54.5861527947108,-1.1793142597428408,14724
sentinel1_palsar_sentinel2,3,4,random_forest,rf_half,0.4561664715791667,77.5414041751638,54.23506944275388,-1.0181563654447152,14724
sentinel1_palsar_sentinel2,3,4,xgboost,xgb_depth6,0.45828362953562407,77.39032164626023,54.0534255409972,-0.5708786644495358,14724
sentinel1_palsar_sentinel2,3,4,xgboost,xgb_depth8,0.4535662335747386,77.72655795902566,54.30570522793191,-0.5288092263353039,14724
sentinel1_palsar_sentinel2,4,0,random_forest,rf_sqrt,0.44620562087820725,81.53048561005657,56.11113680601872,-0.3725089141358654,14597
sentinel1_palsar_sentinel2,4,0,random_forest,rf_half,0.44629939560957754,81.52358248557766,56.05542497803553,0.11942274635425014,14597
sentinel1_palsar_sentinel2,4,0,xgboost,xgb_depth6,0.440759583107068,81.93039199436787,55.76292572010898,-1.8372006894723074,14597
sentinel1_palsar_sentinel2,4,0,xgboost,xgb_depth8,0.43197947816270077,82.57104302726893,56.4277863204725,-1.6270190696987423,14597
sentinel1_palsar_sentinel2,4,1,random_forest,rf_sqrt,0.4167965952488536,84.476404368878,55.81928575500671,3.997307451356471,14854
sentinel1_palsar_sentinel2,4,1,random_forest,rf_half,0.4172788165197673,84.44147252269327,55.89248344774322,5.182018554815365,14854
sentinel1_palsar_sentinel2,4,1,xgboost,xgb_depth6,0.4189186479717434,84.3225757497288,55.444993574512196,4.591524890562052,14854
sentinel1_palsar_sentinel2,4,1,xgboost,xgb_depth8,0.4070062638979901,85.18251295011234,56.09648207678521,4.3302471572703904,14854
sentinel1_palsar_sentinel2,4,2,random_forest,rf_sqrt,0.3707825838731279,87.32048040235712,55.39972329162201,1.9372266983045834,15178
sentinel1_palsar_sentinel2,4,2,random_forest,rf_half,0.37213732306991254,87.22642688621849,55.2790425341173,2.3268870070791414,15178
sentinel1_palsar_sentinel2,4,2,xgboost,xgb_depth6,0.37501336902735694,87.0264188526693,54.69369216913359,-0.6518068224943971,15178
sentinel1_palsar_sentinel2,4,2,xgboost,xgb_depth8,0.36915434885395193,87.43338764242098,55.117260707764515,-0.3473101221877436,15178
sentinel1_palsar_sentinel2,4,3,random_forest,rf_sqrt,0.39804420362724857,83.96855500439129,55.0936607569796,-3.0010159138329238,15371
sentinel1_palsar_sentinel2,4,3,random_forest,rf_half,0.4016034422930477,83.71994271369418,54.72900116456825,-3.1056544987393684,15371
sentinel1_palsar_sentinel2,4,3,xgboost,xgb_depth6,0.40235880385258205,83.66708579546533,54.3049346551093,-3.066074839422325,15371
sentinel1_palsar_sentinel2,4,3,xgboost,xgb_depth8,0.3954896550760324,84.14653705938552,54.79053980603653,-3.434947381832811,15371
alphaearth,0,1,random_forest,rf_sqrt,0.5490100568196953,74.33559051252979,45.01451731221838,3.0961896746363484,14919
alphaearth,0,1,random_forest,rf_half,0.5462554852783729,74.5622596348861,44.78739737953582,3.159937571745806,14919
alphaearth,0,1,xgboost,xgb_depth6,0.5403362184600682,75.04703003027132,44.64497236669035,1.8189911615446817,14919
alphaearth,0,1,xgboost,xgb_depth8,0.5407868592309972,75.01023406576287,44.650663690212916,1.6510139894993787,14919
alphaearth,0,2,random_forest,rf_sqrt,0.5216836107794209,75.78443356454332,43.614258421183465,1.087956431096696,15172
alphaearth,0,2,random_forest,rf_half,0.5238325716772112,75.61400127288469,43.30459477776126,1.4209793492416702,15172
alphaearth,0,2,xgboost,xgb_depth6,0.5239192222614182,75.60712102961637,42.60593337002373,0.29747330523306187,15172
alphaearth,0,2,xgboost,xgb_depth8,0.5215713736136275,75.79332446950758,42.813901616532604,0.15758601348700554,15172
alphaearth,0,3,random_forest,rf_sqrt,0.5747333796158448,70.2200140500743,43.80122786918893,-1.28959312914811,15306
alphaearth,0,3,random_forest,rf_half,0.5779611827652201,69.95301906857205,43.25605480665598,-0.8916686704468268,15306
alphaearth,0,3,xgboost,xgb_depth6,0.5822017081966633,69.60069785582488,42.73540023996159,-0.9601799680726009,15306
alphaearth,0,3,xgboost,xgb_depth8,0.5811382011458268,69.68922596753332,42.93652832082197,-0.6145630728682745,15306
alphaearth,0,4,random_forest,rf_sqrt,0.6165812111371396,64.7696453412409,43.34804641736886,0.44879580933951274,14603
alphaearth,0,4,random_forest,rf_half,0.617999903167253,64.64970685747161,42.94066385229794,0.9540315933263852,14603
alphaearth,0,4,xgboost,xgb_depth6,0.6153479605966043,64.87372614676632,42.861597557497085,1.4972655950539822,14603
alphaearth,0,4,xgboost,xgb_depth8,0.6126602421983087,65.09998100066534,43.02859089751464,1.464467305056401,14603
alphaearth,1,0,random_forest,rf_sqrt,0.6085626559507791,68.11830596917707,44.5963255403167,1.138706225380962,14677
alphaearth,1,0,random_forest,rf_half,0.6103835357163969,67.95968565676763,44.09951195450118,1.4534799316720375,14677
alphaearth,1,0,xgboost,xgb_depth6,0.6112030344859332,67.88817662148709,43.64099180419702,1.4433647436963712,14677
alphaearth,1,0,xgboost,xgb_depth8,0.6048061515160524,68.44438079818428,44.048548880810735,1.4702082890478916,14677
alphaearth,1,2,random_forest,rf_sqrt,0.519185393311486,76.25788185227215,43.67039489615213,1.129130858475718,15250
alphaearth,1,2,random_forest,rf_half,0.5205898973624217,76.14642222471548,43.293810410710236,1.3409127872698912,15250
alphaearth,1,2,xgboost,xgb_depth6,0.5184025517496653,76.31993649755671,43.05048045752913,-0.017052969365380883,15250
alphaearth,1,2,xgboost,xgb_depth8,0.513284176607578,76.724425391928,43.43391229944003,0.010952687635116773,15250
alphaearth,1,3,random_forest,rf_sqrt,0.5711739147033243,70.74515591386289,43.846072972775765,-0.30153922368494057,15446
alphaearth,1,3,random_forest,rf_half,0.57361075148901,70.5438621800304,43.346042300901296,-0.08979629478934792,15446
alphaearth,1,3,xgboost,xgb_depth6,0.5795190205679643,70.05341122082385,42.660129212501396,-1.2094475987069506,15446
alphaearth,1,3,xgboost,xgb_depth8,0.5769866874095209,70.26404177455495,42.91640162912726,-0.9413743691237356,15446
alphaearth,1,4,random_forest,rf_sqrt,0.6013915314745311,66.76905175174964,43.38830422538319,0.8576911676986986,14627
alphaearth,1,4,random_forest,rf_half,0.6024094206626769,66.68374631452993,42.99383438205377,1.1132702350287476,14627
alphaearth,1,4,xgboost,xgb_depth6,0.5978014755691108,67.06905456289195,43.01075260986254,1.9514391156767548,14627
alphaearth,1,4,xgboost,xgb_depth8,0.596267725226796,67.19681398622404,43.156585801501244,1.841221871081131,14627
alphaearth,2,0,random_forest,rf_sqrt,0.6026355272053996,68.59302701692569,44.693737593582675,1.1279006603545847,14688
alphaearth,2,0,random_forest,rf_half,0.6058266369982812,68.31704725055424,44.121207447802576,1.2922243168542553,14688
alphaearth,2,0,xgboost,xgb_depth6,0.6107371630563464,67.89017415008514,43.38603888631146,1.0451920846059874,14688
alphaearth,2,0,xgboost,xgb_depth8,0.6058403374454455,68.31585997825572,43.587334071851224,0.6485439778269454,14688
alphaearth,2,1,random_forest,rf_sqrt,0.5515534987949373,74.48527543283902,44.67379136002527,2.8742620654817332,15046
alphaearth,2,1,random_forest,rf_half,0.5506438409467067,74.56078253321559,44.346209047050564,2.747214368393339,15046
alphaearth,2,1,xgboost,xgb_depth6,0.5495142733994414,74.65443717344978,43.993581590746366,1.2127709319547164,15046
alphaearth,2,1,xgboost,xgb_depth8,0.5463677199092237,74.91470670314189,44.29737781110376,1.5588839289649974,15046
alphaearth,2,3,random_forest,rf_sqrt,0.5570279595203129,72.65324347868574,43.92344027436054,-0.9898535760900783,15548
alphaearth,2,3,random_forest,rf_half,0.5584493888975017,72.5365832564398,43.50813523050278,-0.6323884408398515,15548
alphaearth,2,3,xgboost,xgb_depth6,0.5621858174915857,72.22902670548126,43.061329106290394,-0.7094119534058587,15548
alphaearth,2,3,xgboost,xgb_depth8,0.560725175459534,72.34941214494752,43.21142523178313,-0.3548545624609442,15548
alphaearth,2,4,random_forest,rf_sqrt,0.6138925690520987,65.41008472399663,43.3486629788187,0.17507911210536953,14718
alphaearth,2,4,random_forest,rf_half,0.6159218338473476,65.23797039211897,42.88827297768011,0.7073792798876402,14718
alphaearth,2,4,xgboost,xgb_depth6,0.6161516536662298,65.2184493370844,42.684364304389675,0.7302427284369768,14718
alphaearth,2,4,xgboost,xgb_depth8,0.614620623649329,65.3483861141724,42.73826654693723,0.6688266793372973,14718
alphaearth,3,0,random_forest,rf_sqrt,0.5985793485268571,69.54084691696056,44.69529528592636,-0.7579431726971538,14808
alphaearth,3,0,random_forest,rf_half,0.6021883510951576,69.22753500531886,44.12202056692662,-0.3818551870817721,14808
alphaearth,3,0,xgboost,xgb_depth6,0.6028967519902886,69.1658692651806,43.84847418484973,-0.2589985741398817,14808
alphaearth,3,0,xgboost,xgb_depth8,0.6019431969476985,69.24886269078132,43.97928328191131,-0.007017890179110328,14808
alphaearth,3,1,random_forest,rf_sqrt,0.5580179148367042,73.37975953967522,44.23996537663535,2.729823808887893,14995
alphaearth,3,1,random_forest,rf_half,0.5574479526464902,73.42705807848651,43.87388119618135,2.671443265279143,14995
alphaearth,3,1,xgboost,xgb_depth6,0.554713007286551,73.65359604801992,43.686010643424595,0.27874806544000186,14995
alphaearth,3,1,xgboost,xgb_depth8,0.5507268159012504,73.9825335553264,44.01349816713148,0.8406003572258655,14995
alphaearth,3,2,random_forest,rf_sqrt,0.5224471611163266,75.69029737186914,43.680908469805274,1.0619518265995158,15473
alphaearth,3,2,random_forest,rf_half,0.524651462606347,75.51540864924355,43.31032414872188,1.4119793878872389,15473
alphaearth,3,2,xgboost,xgb_depth6,0.5222136491480647,75.70880048691035,42.73337139833503,-0.12892444589174515,15473
alphaearth,3,2,xgboost,xgb_depth8,0.5190763596876344,75.95695720863232,43.11390316478945,-0.03905177351856438,15473
alphaearth,3,4,random_forest,rf_sqrt,0.613727211741568,65.35032156231102,43.25873225737902,0.009548435348940116,14724
alphaearth,3,4,random_forest,rf_half,0.6150462215590737,65.23864992854585,42.90394041847845,0.46224073986634556,14724
alphaearth,3,4,xgboost,xgb_depth6,0.6146566261029264,65.27165422083381,42.72561437904357,1.0762640638492575,14724
alphaearth,3,4,xgboost,xgb_depth8,0.6130109052518611,65.41088650420988,42.8972201517047,1.1426942540129335,14724
alphaearth,4,0,random_forest,rf_sqrt,0.5932470531943628,69.87327692435554,44.99275824823997,-0.27764498980816016,14597
alphaearth,4,0,random_forest,rf_half,0.5959667698840447,69.63928446136767,44.43223055894278,0.20580955035054818,14597
alphaearth,4,0,xgboost,xgb_depth6,0.5946780418144184,69.75025881075405,44.081073135360796,0.7013508472228307,14597
alphaearth,4,0,xgboost,xgb_depth8,0.5934578405758071,69.85516972461254,44.33723852742873,0.7779526027847381,14597
alphaearth,4,1,random_forest,rf_sqrt,0.5612842658648776,73.26844933315319,44.438211767989294,2.9345326975259143,14854
alphaearth,4,1,random_forest,rf_half,0.5614200249912107,73.25711211691029,44.046818604210195,3.0492884293432163,14854
alphaearth,4,1,xgboost,xgb_depth6,0.54705216193573,74.44739237356963,44.66613367076613,2.500474324988739,14854
alphaearth,4,1,xgboost,xgb_depth8,0.5481617988088278,74.3561454116927,44.650665842644926,2.531475534213758,14854
alphaearth,4,2,random_forest,rf_sqrt,0.5156226350163668,76.6139173833121,44.02591269245697,1.2052801961980868,15178
alphaearth,4,2,random_forest,rf_half,0.5185243503899076,76.3840906565136,43.593746126173016,1.5654884069009127,15178
alphaearth,4,2,xgboost,xgb_depth6,0.5177391931053154,76.44634623994529,43.133700061533396,0.06306764099428504,15178
alphaearth,4,2,xgboost,xgb_depth8,0.5173387450742533,76.47807848539928,43.27962817686239,-0.0008321725346288403,15178
alphaearth,4,3,random_forest,rf_sqrt,0.5527922180339189,72.37507975448618,44.07558227911326,-0.8864268953571274,15371
alphaearth,4,3,random_forest,rf_half,0.5547159518529923,72.2192456574434,43.567820393079664,-0.4778257782571822,15371
alphaearth,4,3,xgboost,xgb_depth6,0.5573497454770112,72.0053454607133,43.123453688826146,-0.5302342264354567,15371
alphaearth,4,3,xgboost,xgb_depth8,0.5550790849088447,72.18979193641218,43.28173114570744,-0.4983965160470643,15371
