representation,outer_fold,feature,importance_mean,importance_sd,heldout_n
dem,0,elevation,15.497071543773757,0.24260754720352365,5000
dem,0,slope,1.2142130021109903,0.07569537991355445,5000
dem,0,aspect_sin,0.6474142155783843,0.18850786624807223,5000
dem,0,aspect_cos,0.3479395179274765,0.1073129759303695,5000
dem,1,elevation,19.575253449576024,0.5882977169353809,5000
dem,1,slope,-0.06785294106440176,0.2556897572757195,5000
dem,1,aspect_sin,-0.12726792580849158,0.31491560885937214,5000
dem,1,aspect_cos,-1.2038127926131352,0.2203873938583763,5000
dem,2,elevation,12.902976152616953,0.26794677434223496,5000
dem,2,slope,2.170235833983521,0.1480084692441992,5000
dem,2,aspect_sin,1.2824192591265557,0.37460880106072364,5000
dem,2,aspect_cos,-0.34589946214769896,0.13714958414092013,5000
dem,3,elevation,13.478630535190149,0.8344425367446711,5000
dem,3,slope,2.5798618995536438,0.29832312237634384,5000
dem,3,aspect_sin,3.0647157034295796,0.17322182664369937,5000
dem,3,aspect_cos,0.22147873443978008,0.10045826489484448,5000
dem,4,elevation,15.250672353389854,0.3460065433055944,5000
dem,4,slope,1.7539380914595928,0.230199569968453,5000
dem,4,aspect_sin,0.9769153617064035,0.22796902098048125,5000
dem,4,aspect_cos,0.2926117084399256,0.09731108431626148,5000
sentinel1_c,0,VV,1.5122410503387727,0.16123802315642877,5000
sentinel1_c,0,VH,10.18237430995093,0.3436367746754218,5000
sentinel1_c,0,VV_minus_VH,1.6911407420646754,0.12409688196852138,5000
sentinel1_c,0,elevation,6.880004872597003,0.2671046319598616,5000
sentinel1_c,0,slope,1.2715049818223036,0.11750807612929196,5000
sentinel1_c,0,aspect_sin,-0.28309993414655327,0.13442314512859146,5000
sentinel1_c,0,aspect_cos,-0.2885136652402925,0.12457903198830911,5000
sentinel1_c,1,VV,0.2547781909749271,0.11067123433998992,5000
sentinel1_c,1,VH,8.220362208194237,0.2607166566518061,5000
sentinel1_c,1,VV_minus_VH,1.6424491420266445,0.012159822068196323,5000
sentinel1_c,1,elevation,10.690119774590121,0.27901352290652276,5000
sentinel1_c,1,slope,-0.28383125855487396,0.024399532472379422,5000
sentinel1_c,1,aspect_sin,-0.41801886419867645,0.10081454460071858,5000
sentinel1_c,1,aspect_cos,-0.42168011618329143,0.2134461892882428,5000
sentinel1_c,2,VV,1.51610531761186,0.18302359762709783,5000
sentinel1_c,2,VH,8.145283074748292,0.3795898202101484,5000
sentinel1_c,2,VV_minus_VH,1.3455065104333244,0.05132457856207765,5000
sentinel1_c,2,elevation,7.443765495698837,0.2749158494049264,5000
sentinel1_c,2,slope,0.35401277674563875,0.09414650123825327,5000
sentinel1_c,2,aspect_sin,-0.041656345267739425,0.09203779418316509,5000
sentinel1_c,2,aspect_cos,-0.21300398250955274,0.08624647125677798,5000
sentinel1_c,3,VV,1.1148350798917808,0.052415924222110284,5000
sentinel1_c,3,VH,9.047964392090762,0.2862059355565112,5000
sentinel1_c,3,VV_minus_VH,1.2579326689729697,0.24729945011794144,5000
sentinel1_c,3,elevation,4.4182433441502225,0.2881061227716758,5000
sentinel1_c,3,slope,0.691785033258185,0.14091105977500615,5000
sentinel1_c,3,aspect_sin,0.32045919273259454,0.022716571124148013,5000
sentinel1_c,3,aspect_cos,0.1732942281533004,0.11708017944623215,5000
sentinel1_c,4,VV,0.5405190860513187,0.06044751294505538,5000
sentinel1_c,4,VH,8.758149782354081,0.2658107766355467,5000
sentinel1_c,4,VV_minus_VH,1.6239422836806057,0.3016694284258007,5000
sentinel1_c,4,elevation,6.618634470592558,0.10307182698354406,5000
sentinel1_c,4,slope,0.7756532589530328,0.10478037752262294,5000
sentinel1_c,4,aspect_sin,-0.35756251310197246,0.036625659541543495,5000
sentinel1_c,4,aspect_cos,-0.2975192665777513,0.12543205900435186,5000
palsar_l,0,palsar_hh_db,3.1256273769892764,0.060900085865900074,5000
palsar_l,0,palsar_hv_db,11.410277052344881,0.21101494874632637,5000
palsar_l,0,palsar_hh_minus_hv_db,0.03003074358882903,0.025936875459474776,5000
palsar_l,0,palsar_rfdi,0.06662169008473029,0.009363200000453582,5000
palsar_l,0,elevation,5.229474617892213,0.23243614824431091,5000
palsar_l,0,slope,1.0689298290741458,0.1906538811109545,5000
palsar_l,0,aspect_sin,-0.3868558146253018,0.041917679690718294,5000
palsar_l,0,aspect_cos,-0.34588658735612415,0.08354240444686875,5000
palsar_l,1,palsar_hh_db,2.680158215575574,0.04907319442395678,5000
palsar_l,1,palsar_hv_db,9.77810464971995,0.06328269593628118,5000
palsar_l,1,palsar_hh_minus_hv_db,0.24314984146535798,0.08152820440041074,5000
palsar_l,1,palsar_rfdi,0.24703610971103748,0.009320870766569836,5000
palsar_l,1,elevation,7.999282862003895,0.35434613871277065,5000
palsar_l,1,slope,0.1328346891365347,0.15770895685694658,5000
palsar_l,1,aspect_sin,-0.2737165611995067,0.21072226646824516,5000
palsar_l,1,aspect_cos,-0.24651993684849552,0.24103462828580816,5000
palsar_l,2,palsar_hh_db,2.690548326119407,0.15419644866164148,5000
palsar_l,2,palsar_hv_db,8.992815226498891,0.0765076721510162,5000
palsar_l,2,palsar_hh_minus_hv_db,-0.06504990875539345,0.17560123048933082,5000
palsar_l,2,palsar_rfdi,-0.008467474422909996,0.1785214614131978,5000
palsar_l,2,elevation,5.814928607986924,0.3831996577630493,5000
palsar_l,2,slope,0.7977685764214092,0.17534264653100895,5000
palsar_l,2,aspect_sin,-0.10154225742111105,0.12294404745589003,5000
palsar_l,2,aspect_cos,-0.23871733438241924,0.1082424411980913,5000
palsar_l,3,palsar_hh_db,2.722958801504381,0.20657563528203435,5000
palsar_l,3,palsar_hv_db,9.574844683227647,0.302198124158878,5000
palsar_l,3,palsar_hh_minus_hv_db,-0.5467497446150844,0.03942195358642478,5000
palsar_l,3,palsar_rfdi,-0.665819392730422,0.002868864076194107,5000
palsar_l,3,elevation,3.78982960964998,0.3553010570439922,5000
palsar_l,3,slope,0.8176484800554675,0.221444058276561,5000
palsar_l,3,aspect_sin,0.26251587446057556,0.13524199844409523,5000
palsar_l,3,aspect_cos,0.11906828347994274,0.039765235538491324,5000
palsar_l,4,palsar_hh_db,2.282265854888943,0.05791080812047368,5000
palsar_l,4,palsar_hv_db,10.067465291446561,0.1606347377994642,5000
palsar_l,4,palsar_hh_minus_hv_db,0.017963959972471837,0.12084447565606708,5000
palsar_l,4,palsar_rfdi,0.04411235777200299,0.12413835816054934,5000
palsar_l,4,elevation,6.1892394740394066,0.037097911738066994,5000
palsar_l,4,slope,1.1227237197410556,0.16039974654921435,5000
palsar_l,4,aspect_sin,-0.28807816602697756,0.08450628692889176,5000
palsar_l,4,aspect_cos,-0.1553416950050206,0.0978342732764699,5000
sentinel1_c_palsar_l,0,VV,0.6204112653024509,0.15718594928240137,5000
sentinel1_c_palsar_l,0,VH,3.3939422330150677,0.287701255417139,5000
sentinel1_c_palsar_l,0,VV_minus_VH,0.5158314757697345,0.026853099375468585,5000
sentinel1_c_palsar_l,0,palsar_hh_db,1.3590437810178362,0.08194415019015185,5000
sentinel1_c_palsar_l,0,palsar_hv_db,7.444970685032217,0.16219618991790535,5000
sentinel1_c_palsar_l,0,palsar_hh_minus_hv_db,0.11530173147462126,0.08104182935185555,5000
sentinel1_c_palsar_l,0,palsar_rfdi,0.2145778830395623,0.024565372973801212,5000
sentinel1_c_palsar_l,0,elevation,5.507237956103348,0.18975460352638726,5000
sentinel1_c_palsar_l,0,slope,1.378852238976748,0.06418290433523491,5000
sentinel1_c_palsar_l,0,aspect_sin,0.013927105248654925,0.06293905968512462,5000
sentinel1_c_palsar_l,0,aspect_cos,0.037033095485322555,0.05643440563618659,5000
sentinel1_c_palsar_l,1,VV,0.3760906603197706,0.16626952444516108,5000
sentinel1_c_palsar_l,1,VH,2.9235788073725644,0.09715187361977724,5000
sentinel1_c_palsar_l,1,VV_minus_VH,0.7069326218661681,0.013378448370884725,5000
sentinel1_c_palsar_l,1,palsar_hh_db,1.2302843206295364,0.023241749587365756,5000
sentinel1_c_palsar_l,1,palsar_hv_db,7.460140870067822,0.09339422867582911,5000
sentinel1_c_palsar_l,1,palsar_hh_minus_hv_db,0.20247645897912037,0.06194143735530007,5000
sentinel1_c_palsar_l,1,palsar_rfdi,0.22237307940443904,0.034661379663283746,5000
sentinel1_c_palsar_l,1,elevation,7.715334734788172,0.3629354914036996,5000
sentinel1_c_palsar_l,1,slope,0.859187554392785,0.03355037618283456,5000
sentinel1_c_palsar_l,1,aspect_sin,0.2614308584196105,0.1532813316244165,5000
sentinel1_c_palsar_l,1,aspect_cos,0.18928100791735383,0.13633312096651995,5000
sentinel1_c_palsar_l,2,VV,0.955786957407407,0.10448900934935537,5000
sentinel1_c_palsar_l,2,VH,3.036031653581915,0.2617704618051504,5000
sentinel1_c_palsar_l,2,VV_minus_VH,0.5276444281171422,0.026049443885603485,5000
sentinel1_c_palsar_l,2,palsar_hh_db,1.1291944479617182,0.1435035440228409,5000
sentinel1_c_palsar_l,2,palsar_hv_db,6.084899847972655,0.29391666171194336,5000
sentinel1_c_palsar_l,2,palsar_hh_minus_hv_db,0.13654560013180136,0.07729174428538015,5000
sentinel1_c_palsar_l,2,palsar_rfdi,0.13428691393275946,0.08132483731841529,5000
sentinel1_c_palsar_l,2,elevation,5.802951913146941,0.2907091143607599,5000
sentinel1_c_palsar_l,2,slope,0.8473428147510115,0.01994551570552934,5000
sentinel1_c_palsar_l,2,aspect_sin,0.132411588860928,0.0589412319585678,5000
sentinel1_c_palsar_l,2,aspect_cos,0.06461402947622237,0.05926970345379044,5000
sentinel1_c_palsar_l,3,VV,1.1087983113434632,0.15649525098823,5000
sentinel1_c_palsar_l,3,VH,3.6370047634464933,0.21283623626567666,5000
sentinel1_c_palsar_l,3,VV_minus_VH,0.3472708970559258,0.05769735175927677,5000
sentinel1_c_palsar_l,3,palsar_hh_db,1.2000186986309747,0.14894388070793954,5000
sentinel1_c_palsar_l,3,palsar_hv_db,6.547807931450336,0.2693075114115207,5000
sentinel1_c_palsar_l,3,palsar_hh_minus_hv_db,-0.11582995991329408,0.03679701799433633,5000
sentinel1_c_palsar_l,3,palsar_rfdi,-0.18518145908100792,0.044656855754403264,5000
sentinel1_c_palsar_l,3,elevation,3.8324760198880057,0.25918011797370843,5000
sentinel1_c_palsar_l,3,slope,0.9135159982635059,0.17310569106959334,5000
sentinel1_c_palsar_l,3,aspect_sin,0.5394322845116287,0.08370683194234037,5000
sentinel1_c_palsar_l,3,aspect_cos,0.40732342106111236,0.01810265207219791,5000
sentinel1_c_palsar_l,4,VV,0.6782685277749559,0.023978152143921957,5000
sentinel1_c_palsar_l,4,VH,3.6146654178769353,0.1577954587317935,5000
sentinel1_c_palsar_l,4,VV_minus_VH,0.7231141828730804,0.07237558949847071,5000
sentinel1_c_palsar_l,4,palsar_hh_db,1.103482759089161,0.05823678784245143,5000
sentinel1_c_palsar_l,4,palsar_hv_db,7.602759146063842,0.16638980284548158,5000
sentinel1_c_palsar_l,4,palsar_hh_minus_hv_db,0.041279878108701006,0.06626713943210961,5000
sentinel1_c_palsar_l,4,palsar_rfdi,0.12955563464849718,0.06795060620708203,5000
sentinel1_c_palsar_l,4,elevation,6.026420315160948,0.11787899597645353,5000
sentinel1_c_palsar_l,4,slope,1.58098715864773,0.10391295754784294,5000
sentinel1_c_palsar_l,4,aspect_sin,0.22629253841603733,0.0059271921388543095,5000
sentinel1_c_palsar_l,4,aspect_cos,0.18512226917219246,0.015210245015226751,5000
sentinel1_sentinel2,0,VV,1.0241816614700952,0.0352770937529479,5000
sentinel1_sentinel2,0,VH,2.149292028543362,0.052691517604498556,5000
sentinel1_sentinel2,0,VV_minus_VH,0.40360652096006316,0.017312207606041356,5000
sentinel1_sentinel2,0,B2,11.870660813390396,0.4089763399406279,5000
sentinel1_sentinel2,0,B3,22.242062103781674,0.7408614503466382,5000
sentinel1_sentinel2,0,B4,15.477386809977219,0.3026398747985681,5000
sentinel1_sentinel2,0,B5,14.85122955368353,0.26334824296545467,5000
sentinel1_sentinel2,0,B6,11.275439674837537,0.1700058843339165,5000
sentinel1_sentinel2,0,B7,4.77439228168988,0.16534468329374324,5000
sentinel1_sentinel2,0,B8,2.774862290451092,0.27204017329818964,5000
sentinel1_sentinel2,0,B8A,3.8110151938518677,0.2737780680941711,5000
sentinel1_sentinel2,0,B11,9.506025417528889,0.3692256238697899,5000
sentinel1_sentinel2,0,B12,24.830017252088968,0.3591689665152132,5000
sentinel1_sentinel2,0,NDVI,2.6817319549208207,0.18039754530842841,5000
sentinel1_sentinel2,0,EVI,0.46986176330437956,0.13743885249707263,5000
sentinel1_sentinel2,0,NDMI,7.511125781219235,0.24277561170851678,5000
sentinel1_sentinel2,0,NBR,4.483049079141547,0.3514211646789903,5000
sentinel1_sentinel2,0,NDRE,2.496468028451171,0.1366000324118866,5000
sentinel1_sentinel2,0,elevation,6.922400338293893,0.08795246262676411,5000
sentinel1_sentinel2,0,slope,1.4299684431192172,0.010726137296268291,5000
sentinel1_sentinel2,0,aspect_sin,0.2966299390369566,0.09396356379310428,5000
sentinel1_sentinel2,0,aspect_cos,0.13833722794644623,0.1182362728815655,5000
sentinel1_sentinel2,1,VV,0.7899987422424365,0.17467527784528908,5000
sentinel1_sentinel2,1,VH,2.6522237417840935,0.07655735516949985,5000
sentinel1_sentinel2,1,VV_minus_VH,0.37064795499709646,0.10062432440374997,5000
sentinel1_sentinel2,1,B2,8.314640716502103,0.14117367232324984,5000
sentinel1_sentinel2,1,B3,5.858616368294231,0.04684344023264592,5000
sentinel1_sentinel2,1,B4,7.40928312266109,0.3373751343842626,5000
sentinel1_sentinel2,1,B5,9.456314016434655,0.2724819824569292,5000
sentinel1_sentinel2,1,B6,12.077793875563813,0.2970469834538479,5000
sentinel1_sentinel2,1,B7,6.880238727583769,0.2979129521890798,5000
sentinel1_sentinel2,1,B8,2.12240045893518,0.09298969876085568,5000
sentinel1_sentinel2,1,B8A,7.681734990328001,0.294284412626417,5000
sentinel1_sentinel2,1,B11,5.158186793176786,0.09802803080725976,5000
sentinel1_sentinel2,1,B12,14.707312971986203,0.4656019898747469,5000
sentinel1_sentinel2,1,NDVI,1.3648547595767535,0.0939678611800124,5000
sentinel1_sentinel2,1,EVI,1.0559394752541682,0.10641260781631418,5000
sentinel1_sentinel2,1,NDMI,5.897324982104441,0.08248773847094654,5000
sentinel1_sentinel2,1,NBR,10.035244083152904,0.31380692724223486,5000
sentinel1_sentinel2,1,NDRE,1.944041985287048,0.050428421118796564,5000
sentinel1_sentinel2,1,elevation,10.529020760794452,0.35015127491459935,5000
sentinel1_sentinel2,1,slope,0.25956658549789796,0.06428456947695291,5000
sentinel1_sentinel2,1,aspect_sin,1.2811152151097691,0.13785422505641218,5000
sentinel1_sentinel2,1,aspect_cos,-0.017423245843583384,0.05414417372142423,5000
sentinel1_sentinel2,2,VV,1.4266495150572542,0.10190835416525582,5000
sentinel1_sentinel2,2,VH,1.2519897233833603,0.06573054510730038,5000
sentinel1_sentinel2,2,VV_minus_VH,0.3481982548426951,0.021510513791838715,5000
sentinel1_sentinel2,2,B2,2.7152537852186733,0.05219054903750155,5000
sentinel1_sentinel2,2,B3,1.7875677507064627,0.09388730710671703,5000
sentinel1_sentinel2,2,B4,0.7916316018519657,0.10044679309014222,5000
sentinel1_sentinel2,2,B5,4.217456341647865,0.18652050794312278,5000
sentinel1_sentinel2,2,B6,0.1986149436511558,0.012522619546737314,5000
sentinel1_sentinel2,2,B7,0.11425723364331475,0.018745570754648062,5000
sentinel1_sentinel2,2,B8,0.18384097997929416,0.08902770467248405,5000
sentinel1_sentinel2,2,B8A,0.17370055884997745,0.025780514916399155,5000
sentinel1_sentinel2,2,B11,1.5700138813878464,0.06620286020893688,5000
sentinel1_sentinel2,2,B12,2.354741392941231,0.2680425363292921,5000
sentinel1_sentinel2,2,NDVI,0.32159539062137316,0.03922963591235793,5000
sentinel1_sentinel2,2,EVI,0.18696496427219245,0.028954533289263788,5000
sentinel1_sentinel2,2,NDMI,0.7175161157997204,0.07427450773787181,5000
sentinel1_sentinel2,2,NBR,0.49166062622409373,0.03907790435631985,5000
sentinel1_sentinel2,2,NDRE,1.7159112299730026,0.01779605852112916,5000
sentinel1_sentinel2,2,elevation,7.592581309630432,0.34820335619040227,5000
sentinel1_sentinel2,2,slope,1.1009110373708968,0.1668793127448993,5000
sentinel1_sentinel2,2,aspect_sin,0.21981525766333712,0.09929861196254235,5000
sentinel1_sentinel2,2,aspect_cos,0.1275727624382057,0.0479860424638067,5000
sentinel1_sentinel2,3,VV,1.8729357415552432,0.13841326432591952,5000
sentinel1_sentinel2,3,VH,1.3225145945572763,0.06821931567988301,5000
sentinel1_sentinel2,3,VV_minus_VH,0.19577028036475022,0.04722453160548465,5000
sentinel1_sentinel2,3,B2,2.2102233663809443,0.1926109052248349,5000
sentinel1_sentinel2,3,B3,1.922815989304392,0.1513927741835998,5000
sentinel1_sentinel2,3,B4,0.7726575596159554,0.12746765769787693,5000
sentinel1_sentinel2,3,B5,3.9561214212169395,0.23911344425120312,5000
sentinel1_sentinel2,3,B6,0.32117033698414826,0.027684703547110695,5000
sentinel1_sentinel2,3,B7,0.12341331772371689,0.022475752940842912,5000
sentinel1_sentinel2,3,B8,0.1412568095550597,0.06957617919600544,5000
sentinel1_sentinel2,3,B8A,0.17314401943557792,0.07829402589483025,5000
sentinel1_sentinel2,3,B11,2.107652694080239,0.042542387889132095,5000
sentinel1_sentinel2,3,B12,3.879417304854608,0.30564599439814616,5000
sentinel1_sentinel2,3,NDVI,0.28924445551391403,0.07608596085663073,5000
sentinel1_sentinel2,3,EVI,0.05294831190694064,0.007437382204398954,5000
sentinel1_sentinel2,3,NDMI,0.42987447727933176,0.06580732510219392,5000
sentinel1_sentinel2,3,NBR,0.26038336475266516,0.05897747337544503,5000
sentinel1_sentinel2,3,NDRE,1.4951385074432249,0.21247840690683487,5000
sentinel1_sentinel2,3,elevation,4.768760616537397,0.3889309416314073,5000
sentinel1_sentinel2,3,slope,1.3501828922802588,0.17023421265530245,5000
sentinel1_sentinel2,3,aspect_sin,0.3433022721061955,0.012357938206965709,5000
sentinel1_sentinel2,3,aspect_cos,0.3323923424746103,0.02247579231929666,5000
sentinel1_sentinel2,4,VV,1.0041402952826008,0.1307342352387813,5000
sentinel1_sentinel2,4,VH,1.341358816373211,0.10809402373469959,5000
sentinel1_sentinel2,4,VV_minus_VH,0.2262436163239888,0.014685444740917852,5000
sentinel1_sentinel2,4,B2,2.7666874803480113,0.1306409786975917,5000
sentinel1_sentinel2,4,B3,2.3456211531527296,0.10504050010738286,5000
sentinel1_sentinel2,4,B4,1.0268556492810177,0.08842070919971465,5000
sentinel1_sentinel2,4,B5,4.399569638715671,0.18666200628591664,5000
sentinel1_sentinel2,4,B6,0.2709661627152921,0.05585195164683217,5000
sentinel1_sentinel2,4,B7,0.16461391291420568,0.017756513589850868,5000
sentinel1_sentinel2,4,B8,0.049887773048401605,0.02987464427666924,5000
sentinel1_sentinel2,4,B8A,0.010044482281164354,0.018584530542835372,5000
sentinel1_sentinel2,4,B11,1.6279890330407198,0.030656225159301505,5000
sentinel1_sentinel2,4,B12,3.0623489353351894,0.1693133638689368,5000
sentinel1_sentinel2,4,NDVI,0.26592174237573357,0.035483592562503226,5000
sentinel1_sentinel2,4,EVI,0.07469428821079778,0.026046107384118153,5000
sentinel1_sentinel2,4,NDMI,0.5131726914063156,0.07841900614797666,5000
sentinel1_sentinel2,4,NBR,0.26454327254424,0.06602929142629901,5000
sentinel1_sentinel2,4,NDRE,1.717658195028979,0.18920884234605725,5000
sentinel1_sentinel2,4,elevation,7.82061780177681,0.46216466485983326,5000
sentinel1_sentinel2,4,slope,2.0998685149246277,0.09340146694096879,5000
sentinel1_sentinel2,4,aspect_sin,0.3764305006656154,0.05796104081572229,5000
sentinel1_sentinel2,4,aspect_cos,0.31725120921930267,0.023525779582150033,5000
palsar_sentinel2,0,palsar_hh_db,0.8687543053153964,0.08102063232459418,5000
palsar_sentinel2,0,palsar_hv_db,3.2822557615699233,0.11168759900241855,5000
palsar_sentinel2,0,palsar_hh_minus_hv_db,0.10341771600121774,0.10365035100663932,5000
palsar_sentinel2,0,palsar_rfdi,-0.003503250284377183,0.021932927109791868,5000
palsar_sentinel2,0,B2,10.605131348692424,0.2725119285930647,5000
palsar_sentinel2,0,B3,17.516595333391518,0.5699346669100855,5000
palsar_sentinel2,0,B4,9.918750080545129,0.26209148419864775,5000
palsar_sentinel2,0,B5,14.86501642373461,0.32156962072632583,5000
palsar_sentinel2,0,B6,6.829465896374866,0.2899770685064268,5000
palsar_sentinel2,0,B7,5.019007863104477,0.30432630326469945,5000
palsar_sentinel2,0,B8,1.7614602364137586,0.09796041478758889,5000
palsar_sentinel2,0,B8A,5.744708177349305,0.15085555315187435,5000
palsar_sentinel2,0,B11,11.739076126922825,0.42088890059722966,5000
palsar_sentinel2,0,B12,14.949155018869481,0.17342352380562548,5000
palsar_sentinel2,0,NDVI,2.856027187147191,0.17614807859327414,5000
palsar_sentinel2,0,EVI,0.8937270003601062,0.0792167499915264,5000
palsar_sentinel2,0,NDMI,6.934295163651072,0.12665719924290672,5000
palsar_sentinel2,0,NBR,8.195460556251325,0.2637463970727317,5000
palsar_sentinel2,0,NDRE,1.7022067822345832,0.09641831128805027,5000
palsar_sentinel2,0,elevation,7.156016630487055,0.28862730005141285,5000
palsar_sentinel2,0,slope,1.4411080334948707,0.08209579805974936,5000
palsar_sentinel2,0,aspect_sin,0.41431762884022777,0.10094697340008178,5000
palsar_sentinel2,0,aspect_cos,0.052654247597520985,0.02993761298513994,5000
palsar_sentinel2,1,palsar_hh_db,0.3997000686109544,0.0268878690122132,5000
palsar_sentinel2,1,palsar_hv_db,3.584314760701664,0.0890740371613878,5000
palsar_sentinel2,1,palsar_hh_minus_hv_db,0.06093118464047601,0.03380551022451774,5000
palsar_sentinel2,1,palsar_rfdi,0.042819931575313795,0.03004091541227183,5000
palsar_sentinel2,1,B2,2.0290011496160694,0.020461329614224626,5000
palsar_sentinel2,1,B3,1.4997978940521506,0.0686327890659326,5000
palsar_sentinel2,1,B4,1.2434177392202297,0.03812515847229287,5000
palsar_sentinel2,1,B5,3.331070549168994,0.07062955834564383,5000
palsar_sentinel2,1,B6,0.3215767027276352,0.050304420210683966,5000
palsar_sentinel2,1,B7,0.1794839742096741,0.03637478602338821,5000
palsar_sentinel2,1,B8,0.19817963986979711,0.021388986863235662,5000
palsar_sentinel2,1,B8A,0.11131859845033414,0.06392627315073336,5000
palsar_sentinel2,1,B11,1.6266368998586909,0.0738301347535454,5000
palsar_sentinel2,1,B12,2.1265924082439702,0.10629051629082376,5000
palsar_sentinel2,1,NDVI,0.33919134152935254,0.09312923753403914,5000
palsar_sentinel2,1,EVI,0.11176778074342053,0.06881325938818171,5000
palsar_sentinel2,1,NDMI,1.1185097226007201,0.026779454952243303,5000
palsar_sentinel2,1,NBR,0.452624101720905,0.046957543905578825,5000
palsar_sentinel2,1,NDRE,1.0662920040057504,0.12743998248673766,5000
palsar_sentinel2,1,elevation,9.532313412314727,0.26260823825975876,5000
palsar_sentinel2,1,slope,0.872201504104415,0.10396309083025994,5000
palsar_sentinel2,1,aspect_sin,0.22740307558706263,0.08390810606336521,5000
palsar_sentinel2,1,aspect_cos,0.06334539212600514,0.03266015291948801,5000
palsar_sentinel2,2,palsar_hh_db,0.4921385628951924,0.04884717545321938,5000
palsar_sentinel2,2,palsar_hv_db,2.7955750345786847,0.09976939256170068,5000
palsar_sentinel2,2,palsar_hh_minus_hv_db,0.04156922572469076,0.027473043847202536,5000
palsar_sentinel2,2,palsar_rfdi,0.025375164840345594,0.026213523377387252,5000
palsar_sentinel2,2,B2,2.8196481797678956,0.10456616819127681,5000
palsar_sentinel2,2,B3,1.5749192790964817,0.10462379992228249,5000
palsar_sentinel2,2,B4,0.9576896549146975,0.05897498628051343,5000
palsar_sentinel2,2,B5,3.1133261324859234,0.2386018379218846,5000
palsar_sentinel2,2,B6,0.1916804465345431,0.007530289138700579,5000
palsar_sentinel2,2,B7,0.13178816034647411,0.01373579446468412,5000
palsar_sentinel2,2,B8,0.09556493331650036,0.014753715845334612,5000
palsar_sentinel2,2,B8A,0.2044412391540694,0.025229618647973438,5000
palsar_sentinel2,2,B11,1.7638892914157889,0.12430512885981107,5000
palsar_sentinel2,2,B12,2.2656191730868045,0.27157147971689044,5000
palsar_sentinel2,2,NDVI,0.6032244556555261,0.036691912562238006,5000
palsar_sentinel2,2,EVI,0.2742922380270774,0.0462879477469012,5000
palsar_sentinel2,2,NDMI,1.3301497323864784,0.12136467596494395,5000
palsar_sentinel2,2,NBR,0.6436301508573337,0.06817084908946308,5000
palsar_sentinel2,2,NDRE,1.8452493565565316,0.030976294651478317,5000
palsar_sentinel2,2,elevation,7.096493125416131,0.3870887441166807,5000
palsar_sentinel2,2,slope,1.3926874433970937,0.07756201343370324,5000
palsar_sentinel2,2,aspect_sin,0.2642460030093569,0.028410478815823304,5000
palsar_sentinel2,2,aspect_cos,0.14608673323824917,0.022915235834879935,5000
palsar_sentinel2,3,palsar_hh_db,0.36283805211326126,0.0692101135763802,5000
palsar_sentinel2,3,palsar_hv_db,3.3952724440910154,0.03957091385952882,5000
palsar_sentinel2,3,palsar_hh_minus_hv_db,-0.01974092702077712,0.015437652361851087,5000
palsar_sentinel2,3,palsar_rfdi,-0.07076077202547519,0.021403125634067505,5000
palsar_sentinel2,3,B2,2.2068022668543392,0.15405018375945326,5000
palsar_sentinel2,3,B3,1.3735661650779083,0.11985559592135664,5000
palsar_sentinel2,3,B4,0.9430457626037972,0.1560781550730432,5000
palsar_sentinel2,3,B5,2.790873572942298,0.30587292609082317,5000
palsar_sentinel2,3,B6,0.16784972055476524,0.04166150515164836,5000
palsar_sentinel2,3,B7,0.10497922456170745,0.017142177758433647,5000
palsar_sentinel2,3,B8,-0.035735635247827226,0.03459039782361972,5000
palsar_sentinel2,3,B8A,0.11493962326864941,0.006266987683722375,5000
palsar_sentinel2,3,B11,1.76123774609601,0.11215199390755339,5000
palsar_sentinel2,3,B12,2.5667887243506633,0.19452654807736847,5000
palsar_sentinel2,3,NDVI,0.46217179221414045,0.08154786446239845,5000
palsar_sentinel2,3,EVI,0.10238537937693575,0.03694710163012523,5000
palsar_sentinel2,3,NDMI,1.1551747499316747,0.08169101205738634,5000
palsar_sentinel2,3,NBR,0.2702600764983316,0.06103406353370852,5000
palsar_sentinel2,3,NDRE,1.4865677512438538,0.23488630755759712,5000
palsar_sentinel2,3,elevation,4.461763434564223,0.3571371355744436,5000
palsar_sentinel2,3,slope,1.5194385495571698,0.1765299798196888,5000
palsar_sentinel2,3,aspect_sin,0.22645546158783722,0.06038829541329834,5000
palsar_sentinel2,3,aspect_cos,0.2487641611946335,0.01034629707502004,5000
palsar_sentinel2,4,palsar_hh_db,0.5459962959725857,0.02433746510374246,5000
palsar_sentinel2,4,palsar_hv_db,3.3759048851661313,0.013198735781480397,5000
palsar_sentinel2,4,palsar_hh_minus_hv_db,0.05548860729970784,0.06902818550788996,5000
palsar_sentinel2,4,palsar_rfdi,0.01665530745943992,0.05963569890646313,5000
palsar_sentinel2,4,B2,3.0073200584858313,0.17391976313072194,5000
palsar_sentinel2,4,B3,1.8811664863348578,0.14275485596048187,5000
palsar_sentinel2,4,B4,1.4792016841284645,0.09876264776502251,5000
palsar_sentinel2,4,B5,3.300609276632386,0.14834241369650364,5000
palsar_sentinel2,4,B6,0.17029374812808365,0.08154444046789623,5000
palsar_sentinel2,4,B7,0.11924669507923606,0.04502933148464387,5000
palsar_sentinel2,4,B8,0.00691226638650259,0.023106525579272074,5000
palsar_sentinel2,4,B8A,0.06010753712799044,0.027570245754456074,5000
palsar_sentinel2,4,B11,1.5979466454377065,0.07314972369936118,5000
palsar_sentinel2,4,B12,2.5839230666432087,0.044384232296042735,5000
palsar_sentinel2,4,NDVI,0.6354252434640083,0.07104524325506091,5000
palsar_sentinel2,4,EVI,0.1950804765203363,0.037873193096173374,5000
palsar_sentinel2,4,NDMI,0.9826824270502499,0.12646851652795427,5000
palsar_sentinel2,4,NBR,0.4975459291157354,0.012898665009650779,5000
palsar_sentinel2,4,NDRE,2.0331097914992617,0.1345825201794829,5000
palsar_sentinel2,4,elevation,7.822318292947031,0.3394356051859934,5000
palsar_sentinel2,4,slope,2.0785065783483674,0.15644783701537907,5000
palsar_sentinel2,4,aspect_sin,0.4101891834262498,0.02408605357275383,5000
palsar_sentinel2,4,aspect_cos,0.3477273928857632,0.011559810220228112,5000
sentinel1_palsar_sentinel2,0,VV,0.8889280393372255,0.04676967026566519,5000
sentinel1_palsar_sentinel2,0,VH,1.338203206414723,0.09069388697895352,5000
sentinel1_palsar_sentinel2,0,VV_minus_VH,0.1146264257708746,0.039296164674252565,5000
sentinel1_palsar_sentinel2,0,palsar_hh_db,0.5256222491343058,0.08996176519588091,5000
sentinel1_palsar_sentinel2,0,palsar_hv_db,4.213467807043467,0.07070134707939667,5000
sentinel1_palsar_sentinel2,0,palsar_hh_minus_hv_db,-0.0190857196958234,0.13743091196076318,5000
sentinel1_palsar_sentinel2,0,palsar_rfdi,-0.0004976648098183508,0.03343270718358977,5000
sentinel1_palsar_sentinel2,0,B2,8.518834977633693,0.3251168389475,5000
sentinel1_palsar_sentinel2,0,B3,13.456767500066116,0.5889740651122826,5000
sentinel1_palsar_sentinel2,0,B4,8.464604192922351,0.2560115513807848,5000
sentinel1_palsar_sentinel2,0,B5,17.85823227433862,0.4292434891441425,5000
sentinel1_palsar_sentinel2,0,B6,4.437791223112678,0.25329544264259174,5000
sentinel1_palsar_sentinel2,0,B7,5.129642256826102,0.28676174993821707,5000
sentinel1_palsar_sentinel2,0,B8,2.301330803194162,0.19937661117726413,5000
sentinel1_palsar_sentinel2,0,B8A,2.281568933894846,0.08520872944245235,5000
sentinel1_palsar_sentinel2,0,B11,8.095728324333871,0.3573197739646365,5000
sentinel1_palsar_sentinel2,0,B12,18.500593446060318,0.4444541115818165,5000
sentinel1_palsar_sentinel2,0,NDVI,1.423772888439932,0.0701094249158727,5000
sentinel1_palsar_sentinel2,0,EVI,0.5817857562949627,0.10770339302423454,5000
sentinel1_palsar_sentinel2,0,NDMI,4.254250466250383,0.07140773283442425,5000
sentinel1_palsar_sentinel2,0,NBR,3.57989295457692,0.2907303740684986,5000
sentinel1_palsar_sentinel2,0,NDRE,1.5041076986547541,0.19596312239860214,5000
sentinel1_palsar_sentinel2,0,elevation,7.218309739338163,0.11919024568848695,5000
sentinel1_palsar_sentinel2,0,slope,1.3995925616119251,0.04072396618031269,5000
sentinel1_palsar_sentinel2,0,aspect_sin,0.3760907372586975,0.12877560613416816,5000
sentinel1_palsar_sentinel2,0,aspect_cos,0.07185763164853635,0.10160803550428962,5000
sentinel1_palsar_sentinel2,1,VV,0.7485787072346994,0.07141223066950018,5000
sentinel1_palsar_sentinel2,1,VH,1.8023749231654023,0.04121311124350009,5000
sentinel1_palsar_sentinel2,1,VV_minus_VH,0.46973675946461907,0.024087346395253895,5000
sentinel1_palsar_sentinel2,1,palsar_hh_db,0.591134609912217,0.08310273080340898,5000
sentinel1_palsar_sentinel2,1,palsar_hv_db,2.4815038889754533,0.11807723863840368,5000
sentinel1_palsar_sentinel2,1,palsar_hh_minus_hv_db,-0.014929881189767494,0.12787009061023547,5000
sentinel1_palsar_sentinel2,1,palsar_rfdi,-0.04668135412055582,0.019432655892507467,5000
sentinel1_palsar_sentinel2,1,B2,6.482687967867814,0.20520605586228474,5000
sentinel1_palsar_sentinel2,1,B3,8.789178354616533,0.339186670047109,5000
sentinel1_palsar_sentinel2,1,B4,11.722062723541393,0.5222857158324491,5000
sentinel1_palsar_sentinel2,1,B5,7.741136562018208,0.15837715928151969,5000
sentinel1_palsar_sentinel2,1,B6,7.872228428526621,0.13109938769785473,5000
sentinel1_palsar_sentinel2,1,B7,4.787241110554646,0.2595047704173358,5000
sentinel1_palsar_sentinel2,1,B8,2.071564615097197,0.15017572013379346,5000
sentinel1_palsar_sentinel2,1,B8A,6.28133408582823,0.2766036760468093,5000
sentinel1_palsar_sentinel2,1,B11,4.536492698615855,0.021009781527584797,5000
sentinel1_palsar_sentinel2,1,B12,13.887882994012978,0.4462796522600479,5000
sentinel1_palsar_sentinel2,1,NDVI,0.9079281073571366,0.041307937427744156,5000
sentinel1_palsar_sentinel2,1,EVI,1.0825010424078652,0.09891140188862496,5000
sentinel1_palsar_sentinel2,1,NDMI,5.822787674045467,0.20712493803210982,5000
sentinel1_palsar_sentinel2,1,NBR,12.805455710713565,0.31222489657351005,5000
sentinel1_palsar_sentinel2,1,NDRE,1.6666963892407314,0.051202722063971,5000
sentinel1_palsar_sentinel2,1,elevation,10.238965546770382,0.3599786495042518,5000
sentinel1_palsar_sentinel2,1,slope,0.16358938539571946,0.013849022578533696,5000
sentinel1_palsar_sentinel2,1,aspect_sin,0.6269027203443519,0.19482870696514104,5000
sentinel1_palsar_sentinel2,1,aspect_cos,-0.2641165842367741,0.0626917442106724,5000
sentinel1_palsar_sentinel2,2,VV,0.8144711297928353,0.08618777103373401,5000
sentinel1_palsar_sentinel2,2,VH,0.8852195021313491,0.17146050710458577,5000
sentinel1_palsar_sentinel2,2,VV_minus_VH,0.28058562858917924,0.03568724696365151,5000
sentinel1_palsar_sentinel2,2,palsar_hh_db,0.7213122315061232,0.183752490031647,5000
sentinel1_palsar_sentinel2,2,palsar_hv_db,2.037311605491974,0.13333136606058693,5000
sentinel1_palsar_sentinel2,2,palsar_hh_minus_hv_db,0.08209686254983713,0.0998964200037717,5000
sentinel1_palsar_sentinel2,2,palsar_rfdi,-0.013807543910895484,0.032552541109208334,5000
sentinel1_palsar_sentinel2,2,B2,9.292834101596094,0.14690035344734864,5000
sentinel1_palsar_sentinel2,2,B3,10.057710808709922,0.45274537975315143,5000
sentinel1_palsar_sentinel2,2,B4,7.95337964493756,0.3289423354613121,5000
sentinel1_palsar_sentinel2,2,B5,14.742211807734302,0.5177072672374404,5000
sentinel1_palsar_sentinel2,2,B6,6.974117291093663,0.32915042096712455,5000
sentinel1_palsar_sentinel2,2,B7,2.8446011077101807,0.12350872573710496,5000
sentinel1_palsar_sentinel2,2,B8,1.1872612987056215,0.15283310322936236,5000
sentinel1_palsar_sentinel2,2,B8A,7.656626720904332,0.4812150692144574,5000
sentinel1_palsar_sentinel2,2,B11,7.595469955745291,0.23848299334161274,5000
sentinel1_palsar_sentinel2,2,B12,16.64625789304826,0.4098444913202384,5000
sentinel1_palsar_sentinel2,2,NDVI,1.3577759405623813,0.06175339557425427,5000
sentinel1_palsar_sentinel2,2,EVI,0.6768795307054111,0.15981157214029687,5000
sentinel1_palsar_sentinel2,2,NDMI,6.223183462229798,0.38928063232257415,5000
sentinel1_palsar_sentinel2,2,NBR,7.836082587266617,0.21353098599565778,5000
sentinel1_palsar_sentinel2,2,NDRE,1.7958995801080277,0.12539670954679535,5000
sentinel1_palsar_sentinel2,2,elevation,10.021008134831357,0.4618459053234913,5000
sentinel1_palsar_sentinel2,2,slope,1.5585471492291465,0.15129848349981703,5000
sentinel1_palsar_sentinel2,2,aspect_sin,0.7826252791408592,0.16607076104604926,5000
sentinel1_palsar_sentinel2,2,aspect_cos,0.17554284013210975,0.014610791586993303,5000
sentinel1_palsar_sentinel2,3,VV,1.017243204658513,0.058353077700519035,5000
sentinel1_palsar_sentinel2,3,VH,1.4696192152981287,0.19361874693037828,5000
sentinel1_palsar_sentinel2,3,VV_minus_VH,0.4108549353398369,0.06483472495484688,5000
sentinel1_palsar_sentinel2,3,palsar_hh_db,0.8066643574464791,0.10701020143588474,5000
sentinel1_palsar_sentinel2,3,palsar_hv_db,2.2392381635402407,0.07147965724429807,5000
sentinel1_palsar_sentinel2,3,palsar_hh_minus_hv_db,0.03768487170867729,0.0753437592418802,5000
sentinel1_palsar_sentinel2,3,palsar_rfdi,-0.02469245161405335,0.016008252425520612,5000
sentinel1_palsar_sentinel2,3,B2,7.866259416181033,0.2987896278984137,5000
sentinel1_palsar_sentinel2,3,B3,10.014917236480997,0.2985283515344856,5000
sentinel1_palsar_sentinel2,3,B4,5.4823536336880165,0.17993947730280316,5000
sentinel1_palsar_sentinel2,3,B5,17.248575422876286,0.1674735675400431,5000
sentinel1_palsar_sentinel2,3,B6,5.506183717326394,0.0879728670188654,5000
sentinel1_palsar_sentinel2,3,B7,3.717975857998534,0.2827064545733156,5000
sentinel1_palsar_sentinel2,3,B8,0.3222939272568179,0.1361921899407115,5000
sentinel1_palsar_sentinel2,3,B8A,8.205257387241181,0.7542271351061891,5000
sentinel1_palsar_sentinel2,3,B11,9.83634147790581,0.2929783923212906,5000
sentinel1_palsar_sentinel2,3,B12,8.82582028304968,0.2639467799057299,5000
sentinel1_palsar_sentinel2,3,NDVI,0.8415728123265893,0.20628068686434692,5000
sentinel1_palsar_sentinel2,3,EVI,0.3434941181497919,0.03978666626089175,5000
sentinel1_palsar_sentinel2,3,NDMI,4.933761033284384,0.21424421327206952,5000
sentinel1_palsar_sentinel2,3,NBR,3.9139853814920733,0.20090766616750824,5000
sentinel1_palsar_sentinel2,3,NDRE,1.766855302154222,0.07358329050875893,5000
sentinel1_palsar_sentinel2,3,elevation,6.085339960370026,0.31141252272747894,5000
sentinel1_palsar_sentinel2,3,slope,1.249762839895638,0.07966438585354674,5000
sentinel1_palsar_sentinel2,3,aspect_sin,0.7648481251858925,0.16568449389174117,5000
sentinel1_palsar_sentinel2,3,aspect_cos,0.16416179222192304,0.02317165046017949,5000
sentinel1_palsar_sentinel2,4,VV,0.9916666983480317,0.13889255311523924,5000
sentinel1_palsar_sentinel2,4,VH,0.7215894419471974,0.06347118048577818,5000
sentinel1_palsar_sentinel2,4,VV_minus_VH,0.20995121102538405,0.031438197746265356,5000
sentinel1_palsar_sentinel2,4,palsar_hh_db,0.2964070038719531,0.02708661268765268,5000
sentinel1_palsar_sentinel2,4,palsar_hv_db,3.308713157339909,0.0714330151533848,5000
sentinel1_palsar_sentinel2,4,palsar_hh_minus_hv_db,0.04521770998186033,0.040762250543551856,5000
sentinel1_palsar_sentinel2,4,palsar_rfdi,0.051054510910816475,0.0616299405906336,5000
sentinel1_palsar_sentinel2,4,B2,1.8959254747406173,0.10335173404805997,5000
sentinel1_palsar_sentinel2,4,B3,1.2656925824234406,0.07986527126575935,5000
sentinel1_palsar_sentinel2,4,B4,0.8923256180353624,0.025658435475485207,5000
sentinel1_palsar_sentinel2,4,B5,3.051257322180381,0.15947736023909764,5000
sentinel1_palsar_sentinel2,4,B6,0.1265217360835559,0.026432664934208427,5000
sentinel1_palsar_sentinel2,4,B7,0.10522754355844673,0.025036866902948485,5000
sentinel1_palsar_sentinel2,4,B8,0.02267773754987464,0.05048672655890783,5000
sentinel1_palsar_sentinel2,4,B8A,0.042182759805513115,0.01861335673111661,5000
sentinel1_palsar_sentinel2,4,B11,0.8882615359105728,0.03679844042125771,5000
sentinel1_palsar_sentinel2,4,B12,2.3289193325585367,0.03582042898884432,5000
sentinel1_palsar_sentinel2,4,NDVI,0.4273837109747565,0.026251160956985476,5000
sentinel1_palsar_sentinel2,4,EVI,0.16380200971518377,0.006730071440600844,5000
sentinel1_palsar_sentinel2,4,NDMI,0.4860876489402415,0.05627476555890461,5000
sentinel1_palsar_sentinel2,4,NBR,0.3008088762916022,0.03321888494166848,5000
sentinel1_palsar_sentinel2,4,NDRE,1.5151490278338002,0.13492867026077454,5000
sentinel1_palsar_sentinel2,4,elevation,7.661388629796154,0.35607787115965417,5000
sentinel1_palsar_sentinel2,4,slope,2.0252007862404233,0.11744056042535893,5000
sentinel1_palsar_sentinel2,4,aspect_sin,0.3330404431347536,0.008577127061421936,5000
sentinel1_palsar_sentinel2,4,aspect_cos,0.3694884862741124,0.011418289739970012,5000
alphaearth,0,A00,0.05926693058219238,0.018174289329883648,5000
alphaearth,0,A01,0.022212871748825098,0.01172962489112233,5000
alphaearth,0,A02,0.5025321160862148,0.07952874094372059,5000
alphaearth,0,A03,0.012171597409377455,0.008904654399190935,5000
alphaearth,0,A04,-0.010742889305352795,0.015880475717916103,5000
alphaearth,0,A05,0.04137227702274515,0.021333708974363666,5000
alphaearth,0,A06,0.00829864097151282,0.014112107510076181,5000
alphaearth,0,A07,1.8424130628320512,0.017323624515317385,5000
alphaearth,0,A08,0.03755780333322889,0.0034664794567634038,5000
alphaearth,0,A09,0.06412029943276328,0.016362158368272733,5000
alphaearth,0,A10,0.2231839828202027,0.001710855813464582,5000
alphaearth,0,A11,0.045905496201863606,0.008858805374705962,5000
alphaearth,0,A12,0.008815604459551688,0.017404375688386722,5000
alphaearth,0,A13,0.036366673576983054,0.02161050324641308,5000
alphaearth,0,A14,0.021096019962646057,0.004119557061468859,5000
alphaearth,0,A15,0.043441460888696305,0.008176679259756597,5000
alphaearth,0,A16,0.028526069525961855,0.003186154350652242,5000
alphaearth,0,A17,0.04298044490530136,0.010055491264422577,5000
alphaearth,0,A18,0.09209560276026707,0.013438878443013263,5000
alphaearth,0,A19,0.025814946078734618,0.010006227398732486,5000
alphaearth,0,A20,6.986334280677558,0.07212703114721478,5000
alphaearth,0,A21,-0.022354032164183007,0.00905616223010387,5000
alphaearth,0,A22,0.07794877613200886,0.020384956678358546,5000
alphaearth,0,A23,0.006051075480887865,0.017411423215144613,5000
alphaearth,0,A24,0.4769426213922732,0.09665965602488938,5000
alphaearth,0,A25,0.13776810366310124,0.015074863141282615,5000
alphaearth,0,A26,0.18397668000386128,0.05823943245518178,5000
alphaearth,0,A27,0.013264305770780046,0.008372045831708664,5000
alphaearth,0,A28,1.8834355992183067,0.14007727690057858,5000
alphaearth,0,A29,0.5708975360811005,0.0008913905253380938,5000
alphaearth,0,A30,0.039011957805594,0.012147167725558608,5000
alphaearth,0,A31,0.020011457311753134,0.011365246052758909,5000
alphaearth,0,A32,0.36234317931890797,0.011382690075430876,5000
alphaearth,0,A33,0.018727227246183514,0.007188454938447135,5000
alphaearth,0,A34,0.07434679566365787,0.03149433400603604,5000
alphaearth,0,A35,0.12831369030031206,0.034502277127799554,5000
alphaearth,0,A36,1.55802306101846,0.09810652760718086,5000
alphaearth,0,A37,0.018626868218428665,0.03733410416791662,5000
alphaearth,0,A38,0.061565746105803974,0.00838554440947733,5000
alphaearth,0,A39,0.42976297286112697,0.027356977691248292,5000
alphaearth,0,A40,7.645251058251081,0.056525731366261905,5000
alphaearth,0,A41,0.18326628711078286,0.029525224719564057,5000
alphaearth,0,A42,0.2376865515341393,0.0223366051818854,5000
alphaearth,0,A43,0.03301362871756434,0.010289723495961285,5000
alphaearth,0,A44,0.04067913802163995,0.030042313150523706,5000
alphaearth,0,A45,0.15951778081233195,0.009057002629860735,5000
alphaearth,0,A46,0.5095669970283202,0.07321654096362051,5000
alphaearth,0,A47,0.4723355475414242,0.012592870683509871,5000
alphaearth,0,A48,0.009534477726840388,0.005950571838769833,5000
alphaearth,0,A49,0.020610267245208053,0.02231138747070132,5000
alphaearth,0,A50,0.44965431673720957,0.014708682709966212,5000
alphaearth,0,A51,0.294253447995582,0.04839875791767452,5000
alphaearth,0,A52,0.08756567703302191,0.009051494323975815,5000
alphaearth,0,A53,0.17602771127371378,0.016951466633763082,5000
alphaearth,0,A54,0.12972926357394007,0.009817321459217982,5000
alphaearth,0,A55,1.4253916128479602,0.05554302836068051,5000
alphaearth,0,A56,0.058058823029767836,0.022710839511668773,5000
alphaearth,0,A57,0.06762322555936844,0.008402434202992873,5000
alphaearth,0,A58,0.1461654328775713,0.028569141902517546,5000
alphaearth,0,A59,0.1172744778799218,0.0021173091047781726,5000
alphaearth,0,A60,0.4310744314277836,0.05672373381656742,5000
alphaearth,0,A61,0.5892922967853972,0.031789236702420696,5000
alphaearth,0,A62,0.005527920233750668,0.011966243573456537,5000
alphaearth,0,A63,0.017989952660371955,0.00846644229796305,5000
alphaearth,0,elevation,0.03002108832819772,0.007888046040931086,5000
alphaearth,0,slope,0.03984705060485302,0.004228214354633079,5000
alphaearth,0,aspect_sin,0.01608531023426944,0.0065165344809011835,5000
alphaearth,0,aspect_cos,0.01681946346947427,0.009512716755543979,5000
alphaearth,1,A00,0.20130818671169473,0.08633060382748227,5000
alphaearth,1,A01,0.06906625713322967,0.04375936434402464,5000
alphaearth,1,A02,1.595138563864353,0.13361537787555608,5000
alphaearth,1,A03,0.19395007361026728,0.1430911922039375,5000
alphaearth,1,A04,0.900207070499557,0.19689793297389002,5000
alphaearth,1,A05,0.44525716219176087,0.011274916995337812,5000
alphaearth,1,A06,0.452389530536441,0.04190183436301387,5000
alphaearth,1,A07,1.69251388049085,0.11341666209468404,5000
alphaearth,1,A08,0.4043852267136477,0.06066892360270896,5000
alphaearth,1,A09,0.08457289904558252,0.031088990951610728,5000
alphaearth,1,A10,-0.10015972493310699,0.06819957891294538,5000
alphaearth,1,A11,0.3715227660120585,0.04015516713958028,5000
alphaearth,1,A12,0.14556764459136673,0.04481459374289709,5000
alphaearth,1,A13,0.4155041346235701,0.024078063470756233,5000
alphaearth,1,A14,0.12402078644386923,0.06654482658428525,5000
alphaearth,1,A15,0.39432490820621524,0.05961936297596335,5000
alphaearth,1,A16,0.17448865600258992,0.049884261906573475,5000
alphaearth,1,A17,0.1902527337516915,0.015984028487440977,5000
alphaearth,1,A18,0.3480807978063372,0.03218449990613047,5000
alphaearth,1,A19,0.14208385320547734,0.033639689255823196,5000
alphaearth,1,A20,4.278099928292714,0.3521556068273264,5000
alphaearth,1,A21,0.0584538872797585,0.03651660818325279,5000
alphaearth,1,A22,0.07777099822076157,0.060483022274435166,5000
alphaearth,1,A23,0.22290859899902196,0.03263896497608773,5000
alphaearth,1,A24,1.068838675042618,0.13443911067506376,5000
alphaearth,1,A25,0.15707176962440883,0.09244888862219415,5000
alphaearth,1,A26,0.24073058498374186,0.08757444496865394,5000
alphaearth,1,A27,0.15600564242839235,0.00789943410313359,5000
alphaearth,1,A28,1.349304071378943,0.16842839077105945,5000
alphaearth,1,A29,0.04962167304312004,0.031520783695662066,5000
alphaearth,1,A30,0.25764972797415453,0.021854087550765688,5000
alphaearth,1,A31,0.1002407739054263,0.027195320468494977,5000
alphaearth,1,A32,0.2760621290833238,0.10719820133848816,5000
alphaearth,1,A33,0.09111173050938248,0.03354873269208004,5000
alphaearth,1,A34,0.9683441718112533,0.25602228848921676,5000
alphaearth,1,A35,0.05188073037892119,0.022685379482731697,5000
alphaearth,1,A36,2.863286089369936,0.14312291755811268,5000
alphaearth,1,A37,0.24052178426760898,0.03339951541022164,5000
alphaearth,1,A38,0.2057807033313992,0.05911523132633936,5000
alphaearth,1,A39,2.4063886877168983,0.09972562892592539,5000
alphaearth,1,A40,5.919946926151984,0.20114080881540797,5000
alphaearth,1,A41,0.010836823340090026,0.05954940873858446,5000
alphaearth,1,A42,0.4984679224707283,0.0655641776889314,5000
alphaearth,1,A43,0.0648840785155187,0.08513910026252205,5000
alphaearth,1,A44,0.0908809711093852,0.01260876904936947,5000
alphaearth,1,A45,0.21712298379821485,0.09517704198773742,5000
alphaearth,1,A46,0.10047283273197156,0.05987651189824546,5000
alphaearth,1,A47,0.7199643268830821,0.0604824357205563,5000
alphaearth,1,A48,0.2632410752459104,0.04247829101040795,5000
alphaearth,1,A49,0.09091974073674673,0.08189639868256089,5000
alphaearth,1,A50,0.9009123785459346,0.03534788687537647,5000
alphaearth,1,A51,1.743046938848508,0.10042872180154462,5000
alphaearth,1,A52,0.5754163541569947,0.12922417034370198,5000
alphaearth,1,A53,0.12796945528250583,0.03432916252480393,5000
alphaearth,1,A54,0.14356020631839783,0.06577164928660162,5000
alphaearth,1,A55,1.9109116240101496,0.23555044144305481,5000
alphaearth,1,A56,0.12348525679952142,0.00891145852515733,5000
alphaearth,1,A57,0.12215036349052848,0.05229462617820321,5000
alphaearth,1,A58,0.7267969552236337,0.10513677219370007,5000
alphaearth,1,A59,0.12255835113244966,0.025765277830943487,5000
alphaearth,1,A60,1.117175580336801,0.20998646847790844,5000
alphaearth,1,A61,0.38239947610424946,0.10964582146802178,5000
alphaearth,1,A62,0.3903440745157288,0.007459958914694351,5000
alphaearth,1,A63,0.34702025910110973,0.00826344561306905,5000
alphaearth,1,elevation,0.8532115319096931,0.019250610237376703,5000
alphaearth,1,slope,0.13619218960919474,0.027388099919330593,5000
alphaearth,1,aspect_sin,0.3296704756788766,0.019866728993339106,5000
alphaearth,1,aspect_cos,0.05232513867182339,0.04559525393387668,5000
alphaearth,2,A00,0.03148842392112291,0.01930207510374816,5000
alphaearth,2,A01,0.02339816388546012,0.010654716508941458,5000
alphaearth,2,A02,0.7488980603411809,0.10131243002746003,5000
alphaearth,2,A03,0.10785999963830288,0.03132964318723391,5000
alphaearth,2,A04,0.04709266312514634,0.0643737952263224,5000
alphaearth,2,A05,0.2618857403009874,0.08433196664868135,5000
alphaearth,2,A06,0.371070069280871,0.03850193916890752,5000
alphaearth,2,A07,1.0714154436696124,0.1638978353509715,5000
alphaearth,2,A08,0.5960897694756065,0.06808859245443943,5000
alphaearth,2,A09,0.10823310045033452,0.024938417161784864,5000
alphaearth,2,A10,0.018916079084803528,0.012989677352521073,5000
alphaearth,2,A11,0.2508402757479284,0.023120285680358347,5000
alphaearth,2,A12,0.34153497032328534,0.07729789059069796,5000
alphaearth,2,A13,-0.05239327804538144,0.09399913161875298,5000
alphaearth,2,A14,0.23357892849825626,0.0417708527339437,5000
alphaearth,2,A15,0.07836771085769574,0.0471232581070854,5000
alphaearth,2,A16,0.009725753887456298,0.019315425398718646,5000
alphaearth,2,A17,0.13717079255930287,0.0565341291449162,5000
alphaearth,2,A18,0.31866688909067403,0.03645878110299116,5000
alphaearth,2,A19,0.02369606060581475,0.02531586573687903,5000
alphaearth,2,A20,4.204311358424675,0.2671809171969376,5000
alphaearth,2,A21,-0.0013199186826966525,0.018785363363392767,5000
alphaearth,2,A22,0.039411804018802364,0.06738265716518865,5000
alphaearth,2,A23,0.158455419786236,0.030512118360344148,5000
alphaearth,2,A24,0.9277705848547791,0.11384318611616942,5000
alphaearth,2,A25,0.39165592641723873,0.05764074477173835,5000
alphaearth,2,A26,0.1132737651697558,0.028761882169715373,5000
alphaearth,2,A27,0.23262135131382422,0.04171727142813168,5000
alphaearth,2,A28,1.2954686206966575,0.15172878464000708,5000
alphaearth,2,A29,0.24407509195142532,0.06835618068699999,5000
alphaearth,2,A30,0.22316762087453887,0.03683147102172947,5000
alphaearth,2,A31,0.09901166672844397,0.011879953629747265,5000
alphaearth,2,A32,0.49871951331543585,0.08500477032508427,5000
alphaearth,2,A33,0.02398496085253517,0.03307585947523746,5000
alphaearth,2,A34,0.10334890871398272,0.01770058484665178,5000
alphaearth,2,A35,0.1065469356975323,0.03208741019352173,5000
alphaearth,2,A36,2.743741841639841,0.18061756947581653,5000
alphaearth,2,A37,0.33229144625564305,0.060828205638563095,5000
alphaearth,2,A38,0.008092301188881379,0.012279695272268047,5000
alphaearth,2,A39,1.8737244450793895,0.21304766748181878,5000
alphaearth,2,A40,5.25393251678022,0.2198523485995621,5000
alphaearth,2,A41,0.3066878608182246,0.020565574688058877,5000
alphaearth,2,A42,0.5116772295963207,0.16673560376337232,5000
alphaearth,2,A43,0.014140019608741264,0.025865983220699336,5000
alphaearth,2,A44,-0.004274457742776387,0.01920780782501695,5000
alphaearth,2,A45,0.2462379337621504,0.18379783427423219,5000
alphaearth,2,A46,0.3861516004955803,0.05804121202154542,5000
alphaearth,2,A47,0.8093597153061959,0.11798626848645022,5000
alphaearth,2,A48,0.022986769142761432,0.029186121202589944,5000
alphaearth,2,A49,0.1550895854007924,0.08263172465081228,5000
alphaearth,2,A50,0.2073073007098524,0.045630000002216654,5000
alphaearth,2,A51,1.5097155636325017,0.10576880292287824,5000
alphaearth,2,A52,0.23609103051682703,0.04630512210881372,5000
alphaearth,2,A53,0.15469829129672044,0.012940001020330558,5000
alphaearth,2,A54,0.04081834099163947,0.037607781397307,5000
alphaearth,2,A55,2.181145747869664,0.19249157821066556,5000
alphaearth,2,A56,0.033789774940312135,0.01891186455711549,5000
alphaearth,2,A57,0.07922634797132844,0.04123536708846144,5000
alphaearth,2,A58,-0.03207941697134705,0.04623286875717183,5000
alphaearth,2,A59,0.10375550391971444,0.047274709986348834,5000
alphaearth,2,A60,0.7714937111117356,0.07604937806136877,5000
alphaearth,2,A61,0.3869603072863252,0.02226158953300988,5000
alphaearth,2,A62,0.13192205063411203,0.015134422529177176,5000
alphaearth,2,A63,0.13293558971467215,0.016437425834737673,5000
alphaearth,2,elevation,1.0945046432029006,0.16875970054290146,5000
alphaearth,2,slope,0.12786549448634807,0.016700999766915386,5000
alphaearth,2,aspect_sin,0.06659029415878119,0.015168400635067452,5000
alphaearth,2,aspect_cos,-0.014612050569738244,0.0095702733093285,5000
alphaearth,3,A00,0.048653013186433704,0.01957994160435197,5000
alphaearth,3,A01,0.001576980467068741,0.011201919071858222,5000
alphaearth,3,A02,0.408953836294008,0.07540096294130486,5000
alphaearth,3,A03,0.021463715775316434,0.012581273453882911,5000
alphaearth,3,A04,0.03891206118521021,0.02207144318844271,5000
alphaearth,3,A05,0.08803659847188783,0.021856671819801127,5000
alphaearth,3,A06,0.02752740182778742,0.007707956281566856,5000
alphaearth,3,A07,0.9764979857575705,0.07153768358776581,5000
alphaearth,3,A08,-0.019186239605327653,0.027719694837854643,5000
alphaearth,3,A09,0.03761530694603247,0.00924639965003328,5000
alphaearth,3,A10,0.22830693959064755,0.031395740107240284,5000
alphaearth,3,A11,0.019990230809971383,0.013387459776954469,5000
alphaearth,3,A12,0.001653738647921917,0.007950593309270601,5000
alphaearth,3,A13,0.0106827474314836,0.006322019560740741,5000
alphaearth,3,A14,0.017059354470996862,0.004809665717450615,5000
alphaearth,3,A15,0.011177031286261277,0.015012550709817137,5000
alphaearth,3,A16,0.03265308829966784,0.009173176450594081,5000
alphaearth,3,A17,0.03065758913053192,0.009075598585198984,5000
alphaearth,3,A18,0.01660439597788847,0.024795017088066987,5000
alphaearth,3,A19,-0.006680942646407099,0.0028942913991712956,5000
alphaearth,3,A20,5.488730346817586,0.5214853131169059,5000
alphaearth,3,A21,-0.006496001196197199,0.008093685371222093,5000
alphaearth,3,A22,0.06914867426017206,0.005110025301884836,5000
alphaearth,3,A23,0.05280483724701431,0.02225224691924369,5000
alphaearth,3,A24,0.46071536894469506,0.1197299924802761,5000
alphaearth,3,A25,0.011047961064226305,0.037636278490563314,5000
alphaearth,3,A26,0.22445738375819246,0.0647273290714229,5000
alphaearth,3,A27,0.015183244162481438,0.011428107560837904,5000
alphaearth,3,A28,2.3842007249388693,0.07435337975840282,5000
alphaearth,3,A29,0.2952308337302014,0.05851143817557251,5000
alphaearth,3,A30,0.025215573711326062,0.018526727031160057,5000
alphaearth,3,A31,0.06545273605658035,0.02189848046553382,5000
alphaearth,3,A32,0.3954466519272917,0.0733439071368284,5000
alphaearth,3,A33,0.02759713260604239,0.018216725563161885,5000
alphaearth,3,A34,0.017914926717125468,0.017727909861116206,5000
alphaearth,3,A35,0.17602194880154323,0.03637893286929607,5000
alphaearth,3,A36,1.3709553382641861,0.14227318435839398,5000
alphaearth,3,A37,0.045987313682322416,0.0142756340608059,5000
alphaearth,3,A38,0.023372092416195756,0.017206544821991625,5000
alphaearth,3,A39,0.3678096250542116,0.0904164802127265,5000
alphaearth,3,A40,7.4459523851221405,0.328511033703313,5000
alphaearth,3,A41,0.2322866668184768,0.08322329621470172,5000
alphaearth,3,A42,0.16675875712508534,0.040451968191638404,5000
alphaearth,3,A43,-0.02531868492884352,0.0025357626731101323,5000
alphaearth,3,A44,0.042173291705400594,0.007305293219495855,5000
alphaearth,3,A45,0.12846920783250462,0.03127156655593781,5000
alphaearth,3,A46,0.43274343553017997,0.0798961993833431,5000
alphaearth,3,A47,0.22302706504403602,0.03352511286275213,5000
alphaearth,3,A48,-0.031080065757834063,0.018810445287121738,5000
alphaearth,3,A49,0.0657328460542459,0.024000804566806238,5000
alphaearth,3,A50,0.3331398338548676,0.055901526965428536,5000
alphaearth,3,A51,0.24239236873472692,0.06755417730999476,5000
alphaearth,3,A52,0.08511128194781747,0.019586918974983852,5000
alphaearth,3,A53,0.1092882451858183,0.00989983559964896,5000
alphaearth,3,A54,0.15945854830331996,0.04054258280140554,5000
alphaearth,3,A55,1.4302923048370673,0.016389234675741472,5000
alphaearth,3,A56,0.0063955933126654445,0.004312521062397377,5000
alphaearth,3,A57,0.01660371944193173,0.006051704627832773,5000
alphaearth,3,A58,0.0329971100390433,0.01203242567028822,5000
alphaearth,3,A59,0.09773925671984311,0.030465719665184708,5000
alphaearth,3,A60,0.3879315904868245,0.05819211285468492,5000
alphaearth,3,A61,0.32650781783408434,0.049374700996916945,5000
alphaearth,3,A62,0.08181669130231246,0.017770633449908424,5000
alphaearth,3,A63,0.01588846788594367,0.004381429551258578,5000
alphaearth,3,elevation,0.03977770363641753,0.02144895807810621,5000
alphaearth,3,slope,-0.0035857017140585867,0.012814665573524663,5000
alphaearth,3,aspect_sin,-0.0033896913428984967,0.009865579159392034,5000
alphaearth,3,aspect_cos,-0.008191201070895696,0.0045125579742631835,5000
alphaearth,4,A00,0.06301720985260317,0.0021320696626937006,5000
alphaearth,4,A01,0.028796292088188125,0.016109657921549978,5000
alphaearth,4,A02,0.4074480688158862,0.06559115756772557,5000
alphaearth,4,A03,0.04895755187524268,0.02600018101496153,5000
alphaearth,4,A04,0.0273127239442393,0.002929499941714159,5000
alphaearth,4,A05,0.12315422048441367,0.008692956619699141,5000
alphaearth,4,A06,0.006309975835984953,0.00754256150191368,5000
alphaearth,4,A07,1.607127898156411,0.10815962403760132,5000
alphaearth,4,A08,0.03769834433644329,0.007569012568533327,5000
alphaearth,4,A09,-0.008304318646324305,0.033944749215979786,5000
alphaearth,4,A10,0.2501248482257239,0.02013802515825375,5000
alphaearth,4,A11,0.044736186379064215,0.008813761640146403,5000
alphaearth,4,A12,0.018711113067179024,0.012347419187968977,5000
alphaearth,4,A13,0.021945252376932938,0.006031476220193718,5000
alphaearth,4,A14,0.03183174933661329,0.015348245814720492,5000
alphaearth,4,A15,0.050805090823729415,0.011149242161335443,5000
alphaearth,4,A16,0.04456130350041576,0.015192788207995939,5000
alphaearth,4,A17,0.04805835515046416,0.01211624815756536,5000
alphaearth,4,A18,0.1256113785687442,0.012750085781033805,5000
alphaearth,4,A19,0.007334720759426243,0.008636187994273084,5000
alphaearth,4,A20,7.349163881615094,0.2084958426266623,5000
alphaearth,4,A21,0.022398857833792363,0.008451805987990401,5000
alphaearth,4,A22,0.08012827495072372,0.055081125591396364,5000
alphaearth,4,A23,0.05716012760444755,0.014173865512201405,5000
alphaearth,4,A24,0.7404685710281408,0.04040626849649975,5000
alphaearth,4,A25,0.17483405446866604,0.011253784364556863,5000
alphaearth,4,A26,0.29269918981119264,0.03920413966091104,5000
alphaearth,4,A27,0.033535997062988564,0.012214550265269181,5000
alphaearth,4,A28,2.570081213083592,0.10287448740981397,5000
alphaearth,4,A29,0.4827263942285877,0.0344161186573482,5000
alphaearth,4,A30,0.030888688133316577,0.008367339646499645,5000
alphaearth,4,A31,0.05612644573644824,0.013168812297218372,5000
alphaearth,4,A32,0.38974014951513897,0.02668843508412216,5000
alphaearth,4,A33,0.03752653405230907,0.001990055534328024,5000
alphaearth,4,A34,0.09346494210150998,0.02116215053208328,5000
alphaearth,4,A35,0.21457207129129094,0.01941102789578961,5000
alphaearth,4,A36,1.7545911243853045,0.08822291891645391,5000
alphaearth,4,A37,0.08889190504179112,0.005316850215071977,5000
alphaearth,4,A38,0.006989965920647971,0.014073225927204261,5000
alphaearth,4,A39,0.5512444671841384,0.018268252448399115,5000
alphaearth,4,A40,7.657904297100188,0.1260101252103284,5000
alphaearth,4,A41,0.38681650698328457,0.018776488973690407,5000
alphaearth,4,A42,0.2552417208029283,0.04155718703841512,5000
alphaearth,4,A43,0.0394708226373505,0.008274122438566744,5000
alphaearth,4,A44,0.050827973962692376,0.01970517081015547,5000
alphaearth,4,A45,0.13916801266248532,0.022460595846083804,5000
alphaearth,4,A46,0.5655707354022752,0.03901253543347605,5000
alphaearth,4,A47,0.2800650206358597,0.02116115072095997,5000
alphaearth,4,A48,0.04193533003093345,0.00779750922277481,5000
alphaearth,4,A49,0.06163556772903197,0.014186686729863294,5000
alphaearth,4,A50,0.46013679805781277,0.04397082066717286,5000
alphaearth,4,A51,0.39593465371769315,0.07946081941006831,5000
alphaearth,4,A52,0.09030257713306374,0.010992341677333857,5000
alphaearth,4,A53,0.06914984133535995,0.015009943602834763,5000
alphaearth,4,A54,0.13341961985219086,0.03143857471942026,5000
alphaearth,4,A55,1.8133720900309338,0.15648756188096064,5000
alphaearth,4,A56,0.019053573121425416,0.009373550800435391,5000
alphaearth,4,A57,0.019843807161417242,0.020746684001866557,5000
alphaearth,4,A58,0.07680385345451175,0.013227396010711035,5000
alphaearth,4,A59,0.22054589838117997,0.008646586681220557,5000
alphaearth,4,A60,0.39041641935451327,0.008658486748311843,5000
alphaearth,4,A61,0.3716208831109545,0.012405626301055682,5000
alphaearth,4,A62,0.046520920149551635,0.01552639251290728,5000
alphaearth,4,A63,0.053831002254218184,0.005373115357155436,5000
alphaearth,4,elevation,0.08725236822354059,0.019093036511222773,5000
alphaearth,4,slope,0.037209332015000506,0.019388281541213533,5000
alphaearth,4,aspect_sin,0.020022176260638958,0.0030827283537305833,5000
alphaearth,4,aspect_cos,0.022423601641672047,0.004048441485252257,5000
