representation,method,budget,runs,N_train,N_test_mean,R2_mean,R2_sd,R2_median,RMSE_mean,RMSE_sd,RMSE_median,MAE_mean,MAE_sd,MAE_median,Bias_mean,Bias_sd,Bias_median
alphaearth,zero_shot,0,1,0.0,130195.0,-0.5556456255719371,,-0.5556456255719371,109.7177861225485,,109.7177861225485,84.5763198722335,,84.5763198722335,55.68284560235628,,55.68284560235628
conventional,zero_shot,0,1,0.0,130195.0,-1.1165793171087626,,-1.1165793171087626,127.97907703658507,,127.97907703658507,100.40789331613311,,100.40789331613311,73.59293833091361,,73.59293833091361
alphaearth,affine,25,15,25.0,26039.0,-0.03840855743361878,0.17606433419548723,0.0021249255492974406,89.22959765306041,7.579010043889427,85.85283584217272,61.520776580683794,6.699779777711822,59.56729693560123,0.6366481060770719,12.332657783152031,-2.5110277198879873
alphaearth,affine,50,15,50.0,26039.0,0.01184795436416414,0.0383225767168028,0.023426129435809906,87.28531676680132,4.284729058796119,86.16018690380382,59.86426543418457,3.1824981247997886,59.71182821677124,2.601067697285092,13.519959827612672,-2.123226899242543
alphaearth,affine,100,15,100.0,26039.0,0.04008579355308588,0.02335813376280804,0.04549931344261371,86.04410374081795,4.170431066651242,84.70254237942449,58.842479117209926,2.5744506841773807,57.73979741284484,3.3889415114978547,9.329116177185012,0.3920832655594955
alphaearth,affine,250,15,250.0,26039.0,0.051982225985168745,0.01114400772964574,0.05545850049841228,85.53109822381832,4.454863413998875,84.43363425097019,57.947704632957354,1.7534044935549553,57.394825904572876,0.5154149585382545,5.65764142898722,1.00105827162035
alphaearth,affine,500,15,500.0,26039.0,0.05492017539121554,0.009016541038193042,0.05604300732613565,85.39555009686188,4.36225312362676,84.35067870136584,57.76147149559872,1.5544933336976845,57.41709897243477,0.050034452613164415,3.5176740574317433,0.5101544312021342
alphaearth,affine,1000,15,1000.0,26039.0,0.05559101733700348,0.009741355148455689,0.06176314310544173,85.36581271941026,4.378909224619756,84.28798247831561,57.82415163092954,1.5142049891546825,57.670877204551616,0.5798860943783143,3.206561431041352,0.6368632739112742
alphaearth,affine,2500,15,2500.0,26039.0,0.05637106609458436,0.0088538133349542,0.06165230980023462,85.32973164846135,4.3511682951618305,84.27242950656233,57.7480703570127,1.5966018994217672,57.764390433829476,0.26018969381380924,2.4694432954295578,-0.4660849217484131
alphaearth,bias_only,25,15,25.0,26039.0,-0.18975519638278573,0.04613700686896765,-0.17558510573349873,95.7551725186213,4.237000224034129,93.92226066140152,66.29260159626733,2.530099458763422,66.29401753286183,4.24280056520954,16.032118049084787,4.819695131993689
alphaearth,bias_only,50,15,50.0,26039.0,-0.19083438289333315,0.04633390409158811,-0.1816606055610963,95.79360742045944,4.094135637254273,93.78480467641886,66.379206227484,2.618648261867943,65.07828869750328,4.874412541565903,16.04857459509361,5.6995585874296
alphaearth,bias_only,100,15,100.0,26039.0,-0.17278263677233324,0.04219329194246714,-0.16677885751892774,95.05870753573686,3.7500498065429375,93.52732781872169,65.55070088965674,2.1391525829103872,64.77133545760051,4.599078446988676,10.362269782472971,1.129328166691085
alphaearth,bias_only,250,15,250.0,26039.0,-0.16202287413674377,0.02027120586475252,-0.16009829282741483,94.65002670743577,3.963372910947603,93.15145385115132,64.891445457692,1.3113173776763354,64.36740790225261,1.3561068785480181,6.8297762945896485,3.1139516423204565
alphaearth,bias_only,500,15,500.0,26039.0,-0.16154415578486256,0.022679563339211672,-0.1549837396720235,94.6224519953086,3.7849610310749875,93.1192433010201,64.79353862350494,1.2392639026541128,64.00457749831351,0.5498783729763728,6.427903316470785,1.6171073274381815
alphaearth,bias_only,1000,15,1000.0,26039.0,-0.16065235591634414,0.023214133688092182,-0.1549540431962766,94.58697528626983,3.8189257916030632,93.01189439207869,64.74660200899636,1.2608966315036998,64.06189668650687,0.5258764547566478,5.866163622711186,-0.028609109063282425
alphaearth,bias_only,2500,15,2500.0,26039.0,-0.15875997264901998,0.020926007176652713,-0.15478237459695987,94.51159039957409,3.8201344635950756,92.99780132381268,64.66239562513523,1.1972165595623878,64.08668363938749,0.2173369065704089,4.403793609934961,1.011020962584809
alphaearth,local_xgboost,25,15,25.0,26039.0,-0.10366928427395736,0.13067195864656186,-0.07969532112608846,92.0755346128896,5.934215339592936,91.90424488023972,64.20915175566414,5.5576578058424255,64.25370229714852,-1.4942796762268145,11.917929466286182,-2.6980265673675174
alphaearth,local_xgboost,50,15,50.0,26039.0,-0.08214147601678197,0.09972131472489107,-0.04401738238948849,91.30531804950475,6.498023069140008,90.67853896783691,63.27764581092945,5.626004495389532,63.98834092106926,1.9996873688562777,13.375914234606542,3.8130453169071563
alphaearth,local_xgboost,100,15,100.0,26039.0,-0.0311259409965393,0.09513733070794844,0.00045322779982026606,89.08664707270977,5.55947815395487,87.3676084292139,61.12730409181495,4.666182741118838,60.17976213761846,2.995597688280663,10.223316888745838,-1.4380502140776643
alphaearth,local_xgboost,250,15,250.0,26039.0,0.03744575316448306,0.03924841077729576,0.045568534038862185,86.14287618864581,4.231200777642632,84.21910379007647,58.04231391473821,2.4056457675887053,57.48516778363747,1.31487919458957,5.510529705223382,1.7141162337100087
alphaearth,local_xgboost,500,15,500.0,26039.0,0.0794871207027056,0.01219695148318805,0.07945457374651499,84.25895748623829,3.8876989458408726,83.20352151787507,56.10284392474219,1.4055003589394937,56.38096047134486,0.4557052000616172,3.1402259521093683,0.27886451055335537
alphaearth,local_xgboost,1000,15,1000.0,26039.0,0.11069040044055053,0.008880004386009149,0.11017258338273361,82.83062162604298,4.076847174334362,81.79339552909987,54.72231755835836,1.2254784181433325,54.39530702673229,0.4481886064258534,3.0422812270403083,1.0219004646931023
alphaearth,local_xgboost,2500,15,2500.0,26039.0,0.13057598060171585,0.016821453117856752,0.13824175573734,81.90478967997043,4.257736697229085,80.66397620166033,53.65216693490394,1.351846084937162,53.380325539115894,0.0192503950784376,2.2777312980504245,-0.02063139608775644
conventional,affine,25,15,25.0,26039.0,-0.03406926008996623,0.1161425421661332,0.008165486530767319,89.17976008826757,6.107585139123671,86.29357870377129,61.624477292079185,5.211729836722729,60.07193281916384,0.5338011286633517,11.865032818973386,-1.7512254847812934
conventional,affine,50,15,50.0,26039.0,0.00955494614611078,0.04413872717859749,0.02670065448211889,87.39888750989131,4.7633135808619,85.26938150745534,60.074418553305726,3.4373628056664485,58.36764347970752,1.960681540081485,12.21489719361633,0.7069255646095377
conventional,affine,100,15,100.0,26039.0,0.02358428208899749,0.04073443228450361,0.03816375252323878,86.76720607426545,4.368934467649266,85.00536582832972,59.52478237468999,2.741182539354032,58.697193058454936,2.456489527461596,8.642181277881534,-0.5513091432404323
conventional,affine,250,15,250.0,26039.0,0.03767966352918235,0.009115340657824735,0.040019436722767754,86.15906355772367,4.12720219727127,85.1482961827359,58.69707616351278,1.7086770285945367,58.429654058526495,-0.07018811333844277,5.531017962860693,-1.111942648774827
conventional,affine,500,15,500.0,26039.0,0.04208731962424181,0.00517133278219375,0.044291570751181064,85.96179616006148,4.09627371992499,85.02750597333869,58.4668545797901,1.5113434444895815,58.26112914836824,-0.4184810838302949,3.207996014546215,-0.6582504255771385
conventional,affine,1000,15,1000.0,26039.0,0.04350210357656934,0.0029541213442931956,0.04354368826244914,85.89918735172556,4.106100419465962,85.05433980556859,58.535642774226055,1.4341260455033022,58.599977096680824,0.29418902170670963,2.951761825184816,0.5852345188122802
conventional,affine,2500,15,2500.0,26039.0,0.04409457774258562,0.0026847719410801802,0.045352276704050176,85.87150445454091,4.079153731668425,85.02140545019087,58.51426028124776,1.5602122317548168,58.36077503149222,0.13975894356793786,2.542444110162434,-0.6716619534939199
conventional,bias_only,25,15,25.0,26039.0,-0.46465937258702816,0.0801764051574155,-0.47022987024771234,106.17656241851425,3.851632047427664,103.86677243862856,75.6691471992171,2.87499436176079,74.67493291761934,1.6612204217597693,18.867945482241762,0.5920101896692098
conventional,bias_only,50,15,50.0,26039.0,-0.45120386278390323,0.056381872556849774,-0.47151810682173667,105.70253081954789,3.137485026998471,104.05094462253321,75.17235791532134,1.4561195606918138,75.26598886897735,2.203088263049464,15.529105357382447,2.805663980466995
conventional,bias_only,100,15,100.0,26039.0,-0.4358179505426909,0.05857615805128384,-0.4346579088298932,105.12976368715223,2.85464175106737,103.86353536059657,74.51782270814208,1.115513843826192,74.3063672135575,1.3883443951388974,10.640019672967346,-0.3317018770013076
conventional,bias_only,250,15,250.0,26039.0,-0.4269249494725084,0.05119636090391536,-0.424215331764221,104.81732044733818,3.018898175899342,103.67625398713578,74.15425007856425,0.8531294709589436,73.66261823350767,-0.9147333232484212,6.7127822292590755,-0.18572834229989169
conventional,bias_only,500,15,500.0,26039.0,-0.4263140479052149,0.05390118372257617,-0.4228310482510913,104.78817767662362,2.892453282091326,103.7097980487823,74.11611218168024,0.7760590191954683,73.62259818472893,-1.105992934330736,6.111881089579528,-2.2882928143750334
conventional,bias_only,1000,15,1000.0,26039.0,-0.4254714230743105,0.055168902815005826,-0.4217495141227272,104.75386442745483,2.8256280283280923,103.66167231793374,74.09127146206289,0.7581769158093186,73.60093060331725,-0.6963354917084569,5.482737385490853,-2.3551280575862648
conventional,bias_only,2500,15,2500.0,26039.0,-0.4239951915539581,0.054787615341359765,-0.42174135456754747,104.69971228904735,2.8126653170842766,103.7107542237366,74.05429735898774,0.7116670159690829,73.62308460024741,-0.49563962815563856,4.253364083470767,-0.6817390313986145
conventional,local_xgboost,25,15,25.0,26039.0,-0.16993930052362127,0.10937597083747964,-0.11867375235668076,94.8908824405713,5.970863722153908,93.842017570804,66.75182709118364,5.078721133112937,66.15816176718972,-2.738928862109072,13.312987336013155,-2.250895453173474
conventional,local_xgboost,50,15,50.0,26039.0,-0.14280752884942105,0.08541742463638921,-0.09428228069178424,93.8274847223873,5.5338504441961085,94.75428736621798,65.3853414296947,4.18293904899408,63.86668981855161,1.192805173501561,9.888897667680483,2.366269268655213
conventional,local_xgboost,100,15,100.0,26039.0,-0.10769291064187822,0.08058079539896765,-0.08051717767351918,92.35893193374007,5.027457203259183,91.7668819342845,63.98113487587849,3.8257078130312636,62.38660851519689,2.178080799719888,8.34365033719398,0.5400161164449421
conventional,local_xgboost,250,15,250.0,26039.0,-0.03686404681914819,0.03269410980552391,-0.035016556120776476,89.40737338426861,4.079448488851442,88.01273154985113,61.03474964654177,2.088774465792311,60.4035972528609,-0.2772306743134833,5.781654757707198,0.3454408918986524
conventional,local_xgboost,500,15,500.0,26039.0,0.007274560539287308,0.02585633895893824,0.017032347227846856,87.48724920962391,3.9289673692866955,86.17742677304315,59.1531410849887,1.7279668879190893,58.50134456915755,-0.369388160952047,3.1201954220043175,0.7569608498135844
conventional,local_xgboost,1000,15,1000.0,26039.0,0.03940136578628593,0.016731102189077942,0.0426117302741823,86.07867848923335,4.142218756902101,84.99445857823058,57.905052346820746,1.5083460993881006,57.84014374247888,0.1776993962969635,3.1539460160151305,-0.3963444238985483
conventional,local_xgboost,2500,15,2500.0,26039.0,0.05936801843071731,0.010539398327480467,0.06175238982278597,85.18546913078961,4.1607489777843165,84.16684961366843,57.013943565100384,1.595623455828787,56.714690820120566,0.20771582815779485,2.4642260868286896,-0.6492594868638198
