representation,budget,fold,seed,N_train,N_test,R2,RMSE,MAE,Bias
dem,25,0,42,25,21343,-0.14726371012435857,93.32147220378651,62.605017636996884,-11.947685438084372
sentinel1_c,25,0,42,25,21343,-0.07154496462536808,90.18932844888998,61.31009225202308,2.0201688397015176
palsar_l,25,0,42,25,21343,-0.12631805293102438,92.46566041237817,61.90181905456888,-6.637417087727953
sentinel1_c_palsar_l,25,0,42,25,21343,-0.0750178435665545,90.33536209953299,60.98021632651165,0.1802223945318762
sentinel1_sentinel2,25,0,42,25,21343,-0.04046069963715526,88.87155795493165,58.837194820454826,-6.100314040052973
palsar_sentinel2,25,0,42,25,21343,-0.0746719843193353,90.32082939486334,59.51856840631937,-9.930815147025465
sentinel1_palsar_sentinel2,25,0,42,25,21343,-0.061671190116998176,89.7728410257556,59.012283887091044,-9.352770776763947
alphaearth,25,0,42,25,21343,-0.029495970097672908,88.40203830240212,57.93650151216574,-5.436229407686323
dem,25,0,43,25,21343,-0.14570336931010464,93.2579894818836,60.19255809132223,-25.91538644209196
sentinel1_c,25,0,43,25,21343,-0.12023588580991573,92.21566313590843,60.51171936195733,-21.410669841758857
palsar_l,25,0,43,25,21343,-0.12124593500534253,92.25722642261569,61.500848590163805,-12.463228254039512
sentinel1_c_palsar_l,25,0,43,25,21343,-0.08953080055492246,90.94309063524447,59.82250716006907,-17.551054376419422
sentinel1_sentinel2,25,0,43,25,21343,-0.05002806923729075,89.27922417339614,58.080219402342166,-17.177979866312203
palsar_sentinel2,25,0,43,25,21343,-0.03873143869288209,88.79767432680259,57.83399878995937,-13.927687078746025
sentinel1_palsar_sentinel2,25,0,43,25,21343,-0.04550271939157047,89.0866312413974,58.137987630829564,-15.564935407854579
alphaearth,25,0,43,25,21343,-0.07408939926187275,90.29634438938399,56.9611590012616,-31.41352923513278
dem,25,0,44,25,21343,-0.009304632374618649,87.53083804236601,59.49572868091588,-2.154455422519623
sentinel1_c,25,0,44,25,21343,-0.04508625507245645,89.06888614231623,60.47404872174585,-4.468167413843371
palsar_l,25,0,44,25,21343,-0.018765760772269324,87.94013409927372,59.24571575020279,-6.941861129952174
sentinel1_c_palsar_l,25,0,44,25,21343,-0.04894729109918039,89.23326546120482,60.514577798077525,-5.591878197375663
sentinel1_sentinel2,25,0,44,25,21343,-0.0060971660516735415,87.39164536863534,58.32527262287763,-6.722749327284051
palsar_sentinel2,25,0,44,25,21343,0.025958700887323438,85.98815663545159,57.441722006077086,-2.947852791282397
sentinel1_palsar_sentinel2,25,0,44,25,21343,0.0030232642066642113,86.99463401993856,57.95891565011647,-5.8460830002076
alphaearth,25,0,44,25,21343,0.04145754783388533,85.30129592499893,55.702345479020515,-9.462880643795012
dem,50,0,42,50,21343,-0.20052907430007205,95.46326731120624,66.78625325517055,3.5113212615542415
sentinel1_c,50,0,42,50,21343,-0.21077484350548792,95.8697616751622,67.49632332056794,10.479419907983692
palsar_l,50,0,42,50,21343,-0.1458580321676377,93.26428389490005,64.10693693218357,-1.7715204835927636
sentinel1_c_palsar_l,50,0,42,50,21343,-0.20668769229328565,95.70781354427501,67.66874550143456,13.021857529109342
sentinel1_sentinel2,50,0,42,50,21343,-0.1274705452988656,92.51295554405277,64.88275798226843,11.447073128933452
palsar_sentinel2,50,0,42,50,21343,-0.15817673748218186,93.76426899150626,65.02036543342433,0.02159557039343859
sentinel1_palsar_sentinel2,50,0,42,50,21343,-0.14813917994525805,93.35707193188887,64.73207529925229,3.583209819911009
alphaearth,50,0,42,50,21343,-0.03394280954187168,88.59275594182874,60.544751988863226,5.814096899020879
dem,50,0,43,50,21343,-0.12744055818443845,92.5117252613452,61.10075999416191,-23.150041005978252
sentinel1_c,50,0,43,50,21343,-0.06341461838333795,89.84652123311108,59.47617660527143,-12.836094613612223
palsar_l,50,0,43,50,21343,-0.08208076172325396,90.63163007666877,61.037837362485,-9.633882745174882
sentinel1_c_palsar_l,50,0,43,50,21343,-0.0768086314439973,90.41057208687181,61.16779458762899,-6.99930981849777
sentinel1_sentinel2,50,0,43,50,21343,-0.09461382425918141,91.15498367359498,61.00479990280759,-13.146726263391137
palsar_sentinel2,50,0,43,50,21343,-0.06936604763958831,90.09758471996048,59.360494734436,-15.244951593720709
sentinel1_palsar_sentinel2,50,0,43,50,21343,-0.04811040303397718,89.19766159592238,59.10561973888235,-11.635684769051927
alphaearth,50,0,43,50,21343,0.017873840936283858,86.34428401909625,55.04495142249046,-14.846314950173285
dem,50,0,44,50,21343,-0.030747776932879667,88.45576782623247,60.31507129817213,-2.5015631614840275
sentinel1_c,50,0,44,50,21343,-0.12175812488306836,92.27829576204896,63.802554997893544,-0.6916340424162801
palsar_l,50,0,44,50,21343,-0.04836595605134031,89.2085351366287,60.23433759691063,-6.9026481990107404
sentinel1_c_palsar_l,50,0,44,50,21343,-0.08635958844206315,90.8106437176687,62.56470826803022,-0.543749624636335
sentinel1_sentinel2,50,0,44,50,21343,-0.058680683168845116,89.64631615274752,62.060632379480516,4.906548557521347
palsar_sentinel2,50,0,44,50,21343,-0.00853379510723462,87.49740664941154,59.69870411772882,1.645551984870716
sentinel1_palsar_sentinel2,50,0,44,50,21343,-0.05939234481214806,89.67644191578886,62.11897986885847,5.140443103880714
alphaearth,50,0,44,50,21343,-0.0035746460933367974,87.28202100596286,59.037112526661616,-1.056960557020283
dem,100,0,42,100,21343,-0.11692827069068001,92.07942423972476,64.77363335915736,6.218283150302437
sentinel1_c,100,0,42,100,21343,-0.09094389694469096,91.0020470736115,63.1022777452574,3.5196201955992445
palsar_l,100,0,42,100,21343,-0.16086358359097286,93.8729675215397,65.91569908389984,7.688279089983208
sentinel1_c_palsar_l,100,0,42,100,21343,-0.12504351812672354,92.41332880819375,64.27842202224903,4.94576818040301
sentinel1_sentinel2,100,0,42,100,21343,-0.11162206221316429,91.86044227463992,63.81374733887427,2.1367516894072125
palsar_sentinel2,100,0,42,100,21343,-0.1546671654175673,93.62209633325187,65.50997639916072,5.276951118912487
sentinel1_palsar_sentinel2,100,0,42,100,21343,-0.12487189679585264,92.4062798793652,64.38586665724686,5.233696766958108
alphaearth,100,0,42,100,21343,0.02756737595388037,85.91712054882672,58.74607931112594,5.434961285122638
dem,100,0,43,100,21343,-0.16266845114261264,93.94591427919465,64.77489339064041,-6.845403044673955
sentinel1_c,100,0,43,100,21343,-0.11811897211860667,92.12849180304714,63.37858893717485,-2.9469161001146627
palsar_l,100,0,43,100,21343,-0.16283912830407843,93.95280955254341,65.60162371575748,3.3538065173355434
sentinel1_c_palsar_l,100,0,43,100,21343,-0.12237468570677135,92.30365210446948,64.03839940487482,2.267256299549913
sentinel1_sentinel2,100,0,43,100,21343,-0.08915409705075428,90.92736756315281,62.6773584205344,2.1874139582702665
palsar_sentinel2,100,0,43,100,21343,-0.08763198818901263,90.8638091830227,62.79630745056405,5.537876015462736
sentinel1_palsar_sentinel2,100,0,43,100,21343,-0.07369235954566555,90.27965371693544,62.56402778867522,6.315702382297042
alphaearth,100,0,43,100,21343,0.07352988822233131,83.8620858170819,54.24439379118908,-4.106386066376296
dem,100,0,44,100,21343,-0.029628615804533798,88.4077332121,59.41704372150407,-2.7165375041408573
sentinel1_c,100,0,44,100,21343,-0.09135275058630143,91.01909791972764,61.67280424285374,-0.6230684083008273
palsar_l,100,0,44,100,21343,-0.06203980303287526,89.78842426714066,60.101106767609274,-6.192597778057047
sentinel1_c_palsar_l,100,0,44,100,21343,-0.03611485365614686,88.68576225630699,59.274199963940625,-3.3535700551719296
sentinel1_sentinel2,100,0,44,100,21343,-0.03232689710258696,88.52349963820318,59.383819502270605,2.007437195239587
palsar_sentinel2,100,0,44,100,21343,9.93391318595549e-05,87.12210919321626,58.045641746535445,-2.3405069739427558
sentinel1_palsar_sentinel2,100,0,44,100,21343,-0.0051351507550077,87.3498540739061,58.0461921848602,-1.1864949989905165
alphaearth,100,0,44,100,21343,0.08455225575881853,83.36173264344384,53.930492962330675,-1.7992301698847502
dem,250,0,42,250,21343,-0.018926597822413793,87.94707557399798,60.058654620021564,0.2433780534216299
sentinel1_c,250,0,42,250,21343,-0.0061949666882650245,87.39589284648352,58.85769818225468,-0.8741741633978082
palsar_l,250,0,42,250,21343,-0.05818861522072272,89.62548021680794,60.939934049175555,-0.8478212169814762
sentinel1_c_palsar_l,250,0,42,250,21343,-0.031112374377139762,88.4714107876637,59.61207040718089,-1.2373576901765733
sentinel1_sentinel2,250,0,42,250,21343,0.004273159179265962,86.94008497542255,57.81552675879141,-3.5484906095052553
palsar_sentinel2,250,0,42,250,21343,-0.006688906566595154,87.41734148297526,58.31502727240023,-4.457938478138663
sentinel1_palsar_sentinel2,250,0,42,250,21343,0.006126686148720029,86.85912860869033,57.70749622076601,-3.973964058729082
alphaearth,250,0,42,250,21343,0.08343095213871665,83.41277062316476,54.6684014836165,-2.398702928882958
dem,250,0,43,250,21343,-0.23244503426976548,96.72388520093348,66.80204652636661,6.983374477318548
sentinel1_c,250,0,43,250,21343,-0.2365126164182052,96.88336828121743,67.17288029485648,12.044285319800112
palsar_l,250,0,43,250,21343,-0.21511205507937547,96.0413194728415,65.84838768343374,9.132760896400244
sentinel1_c_palsar_l,250,0,43,250,21343,-0.29495947889834695,99.14664955242216,67.48606915958736,14.917544055129614
sentinel1_sentinel2,250,0,43,250,21343,-0.20800382101689863,95.75999335640337,66.08852613639978,11.716383993282601
palsar_sentinel2,250,0,43,250,21343,-0.15895060337740596,93.79558927742997,64.8113174045411,9.373137307713208
sentinel1_palsar_sentinel2,250,0,43,250,21343,-0.24031196957743228,97.03209778272944,65.90036611040189,13.09407526301897
alphaearth,250,0,43,250,21343,-0.14635092981286246,93.28434083133898,63.535844561238825,12.601097523962354
dem,250,0,44,250,21343,-0.06559916973521251,89.93875884148238,61.69553666563256,3.7323876909365743
sentinel1_c,250,0,44,250,21343,-0.061188801577344964,89.75244379244039,60.83866297778553,0.8271048445768329
palsar_l,250,0,44,250,21343,-0.07059187452979976,90.14920989061089,62.20246399622023,3.8658247992665578
sentinel1_c_palsar_l,250,0,44,250,21343,-0.043689193264520254,89.00933299436944,60.34002411301166,1.504969015698419
sentinel1_sentinel2,250,0,44,250,21343,0.0024813995903710806,87.01827193890126,57.98227498774635,0.6124696056827199
palsar_sentinel2,250,0,44,250,21343,0.0032234715674497316,86.9858986904485,58.4861237064771,2.8767596080220343
sentinel1_palsar_sentinel2,250,0,44,250,21343,0.007264992182157148,86.80937347633456,57.963968776641984,2.1916743463781496
alphaearth,250,0,44,250,21343,0.07325731340221431,83.8744213536583,55.05774189820699,1.0826377822158466
dem,500,0,42,500,21343,-0.01410353365411443,87.73868100656067,59.73149727655711,3.2593525971544532
sentinel1_c,500,0,42,500,21343,-0.009196665732321252,87.52615627279812,59.36135869834011,3.6289986485857106
palsar_l,500,0,42,500,21343,-0.008695557907659301,87.50442339892277,59.21505313953091,2.762025986703836
sentinel1_c_palsar_l,500,0,42,500,21343,0.014382773674176064,86.49760765591952,58.2141228697933,3.049699061442837
sentinel1_sentinel2,500,0,42,500,21343,0.03283946529195603,85.68390215733697,57.175704008046175,2.75951656389935
palsar_sentinel2,500,0,42,500,21343,0.029805443263923093,85.81819386734216,57.37689569687923,2.4246942325254697
sentinel1_palsar_sentinel2,500,0,42,500,21343,0.03851917144390593,85.43193986244565,56.84813936118171,2.3190647989707407
alphaearth,500,0,42,500,21343,0.099718380508658,82.66832630309855,53.90147009557726,2.2606667517993384
dem,500,0,43,500,21343,-0.0516736474762991,89.34915489100727,60.77833208753856,0.7789866232454369
sentinel1_c,500,0,43,500,21343,-0.11542118068957596,92.01728111618276,61.90118791242276,3.1155322275539246
palsar_l,500,0,43,500,21343,-0.09345073272271676,91.10654203774922,61.056057458492866,2.1657042231324435
sentinel1_c_palsar_l,500,0,43,500,21343,-0.10689181796964342,91.66478874234434,61.57946255015914,4.063190683526771
sentinel1_sentinel2,500,0,43,500,21343,-0.09158586427149129,91.02881827110548,60.998803848758165,2.9032785296165473
palsar_sentinel2,500,0,43,500,21343,-0.043711805581029495,89.01029721643927,60.05529648455002,3.2656092502208263
sentinel1_palsar_sentinel2,500,0,43,500,21343,-0.07893716678704665,90.49988558507081,60.8500864956585,3.9825014658592814
alphaearth,500,0,43,500,21343,0.01999156087545062,86.251143394385,56.92895652069421,2.9841959651811885
dem,500,0,44,500,21343,-0.05346080074595028,89.42504005474657,62.15006282603042,9.092430933385339
sentinel1_c,500,0,44,500,21343,-0.0437544742956264,89.0121166440494,61.91800736677833,10.312477300019866
palsar_l,500,0,44,500,21343,-0.052919291985357386,89.40205359570786,62.56539163099593,11.069305590296727
sentinel1_c_palsar_l,500,0,44,500,21343,-0.026222570924127053,88.26138425457799,61.27142457412144,10.446911490241028
sentinel1_sentinel2,500,0,44,500,21343,0.028184421801024206,85.88985736689853,58.55145050320622,8.05665741016609
palsar_sentinel2,500,0,44,500,21343,0.014342243535166443,86.49938609684405,59.24838176579194,8.868294748319046
sentinel1_palsar_sentinel2,500,0,44,500,21343,0.022382220011441856,86.14587747012826,58.92610692997329,8.866624177139427
alphaearth,500,0,44,500,21343,0.09528616559079117,82.87157044542674,55.07002463262605,7.7241446273359315
dem,1000,0,42,1000,21343,-0.013550700872354549,87.7147626245548,59.45849096366214,2.754036420531963
sentinel1_c,1000,0,42,1000,21343,0.014221320471326737,86.5046919192404,58.03133990698714,2.8438700743993617
palsar_l,1000,0,42,1000,21343,0.0017974265467949335,87.04809993070873,58.67761077072986,2.8040306025779667
sentinel1_c_palsar_l,1000,0,42,1000,21343,0.027091156150787166,85.9381556443012,57.36657200844768,2.528627674964805
sentinel1_sentinel2,1000,0,42,1000,21343,0.058913725494580294,84.52100900158855,55.85334888826622,1.626875543460214
palsar_sentinel2,1000,0,42,1000,21343,0.053207539252497105,84.77686425954863,56.11555494703685,1.634157200533793
sentinel1_palsar_sentinel2,1000,0,42,1000,21343,0.0630433511454116,84.33535977439658,55.62512579290906,1.5622749967113423
alphaearth,1000,0,42,1000,21343,0.12540215870371108,81.48058788852354,52.55101323705158,1.942314408137374
dem,1000,0,43,1000,21343,-0.023174176073129216,88.13019650755702,59.84702113504188,2.8900389915496265
sentinel1_c,1000,0,43,1000,21343,-0.044393211988362324,89.03934847861457,60.127157172369664,3.3035777948579
palsar_l,1000,0,43,1000,21343,-0.061999563337044705,89.78672325127674,60.31091467688019,3.775855337638921
sentinel1_c_palsar_l,1000,0,43,1000,21343,-0.07054232916780956,90.14712388238495,60.25933155049103,4.301931774334327
sentinel1_sentinel2,1000,0,43,1000,21343,-0.004377550780248818,87.3169287893609,58.30908527513628,2.03361846927921
palsar_sentinel2,1000,0,43,1000,21343,-0.005998121827153424,87.3873436714079,58.32326932233838,3.0217589102409055
sentinel1_palsar_sentinel2,1000,0,43,1000,21343,-0.023976458153333713,88.16474166334363,58.41434142569583,2.8727846236619
alphaearth,1000,0,43,1000,21343,0.06542889148993236,84.22793024504654,55.07228505533944,2.775563179054575
dem,1000,0,44,1000,21343,-0.026292669035850702,88.26439863513258,60.70662186500471,6.31946649909965
sentinel1_c,1000,0,44,1000,21343,-0.0036225348770826393,87.28410345193876,59.44976913862008,5.538161630006619
palsar_l,1000,0,44,1000,21343,-0.021042583436853057,88.03834722814464,60.56399440460695,6.924673224456077
sentinel1_c_palsar_l,1000,0,44,1000,21343,-0.002250996924488824,87.22444238212455,59.433741672682686,6.07395514469019
sentinel1_sentinel2,1000,0,44,1000,21343,0.04478400370143831,85.15315558912818,57.42097405891796,6.170135232715485
palsar_sentinel2,1000,0,44,1000,21343,0.03295618855026072,85.67873155449543,57.95736785425008,6.474580383218021
sentinel1_palsar_sentinel2,1000,0,44,1000,21343,0.04041387315571632,85.34772192425535,57.63195853531314,6.497368673012957
alphaearth,1000,0,44,1000,21343,0.11145828117169243,82.12754958015162,53.84886550129973,5.162703957890695
dem,2500,0,42,2500,21343,0.004914829318981462,86.91206732807282,58.60037989440284,2.469148855390668
sentinel1_c,2500,0,42,2500,21343,0.027008825134068548,85.94179176401289,57.64389632115375,2.9204131830454263
palsar_l,2500,0,42,2500,21343,0.018586776246783288,86.31293923523174,58.11274998752698,2.8595964988671243
sentinel1_c_palsar_l,2500,0,42,2500,21343,0.03771739944083474,85.46755298217188,57.22159814463229,3.319184615527816
sentinel1_sentinel2,2500,0,42,2500,21343,0.07577144527854829,83.76057391233469,55.34800634387078,2.2569488910894284
palsar_sentinel2,2500,0,42,2500,21343,0.07034849019030964,84.00594908064444,55.62962230583524,2.316970483902421
sentinel1_palsar_sentinel2,2500,0,42,2500,21343,0.0768112199142239,83.7134445369013,55.256661210555535,2.3913419010164247
alphaearth,2500,0,42,2500,21343,0.14255662131811264,80.67754583875364,51.479106301287004,0.39805287590131383
dem,2500,0,43,2500,21343,-0.02654352026187623,88.27518497341579,60.34497654919254,5.171890221833696
sentinel1_c,2500,0,43,2500,21343,-0.006190339610939732,87.39569189734722,59.71247474248219,5.241042451914725
palsar_l,2500,0,43,2500,21343,0.0008170772054784115,87.09083504638984,59.45076148861685,4.614785698910273
sentinel1_c_palsar_l,2500,0,43,2500,21343,0.010959000970209742,86.64771228115126,58.88718371495062,4.777938364185717
sentinel1_sentinel2,2500,0,43,2500,21343,0.0269240428672034,85.94553598153215,57.788252198604916,3.9048876816656963
palsar_sentinel2,2500,0,43,2500,21343,0.035516913753627755,85.56521801999446,57.44514572723389,3.3614654255522294
sentinel1_palsar_sentinel2,2500,0,43,2500,21343,0.03568570589463249,85.55773039864341,57.36909861928831,3.51650858229028
alphaearth,2500,0,43,2500,21343,0.11242656641266813,82.08278827676413,53.581006693331645,2.8690253397564343
dem,2500,0,44,2500,21343,-0.004607264517154652,87.32691345660567,59.51138896447661,3.551549547730464
sentinel1_c,2500,0,44,2500,21343,0.022444683262355714,86.1431253528774,58.16400338739994,3.1596244228782813
palsar_l,2500,0,44,2500,21343,0.01516897788151339,86.46310219674046,58.75632998538452,3.90259049998963
sentinel1_c_palsar_l,2500,0,44,2500,21343,0.03523997674928214,85.57750152954245,57.729517109185046,3.979254784836632
sentinel1_sentinel2,2500,0,44,2500,21343,0.04625067387499793,85.08775699264307,56.41859459351614,3.098948268791311
palsar_sentinel2,2500,0,44,2500,21343,0.043191637543244066,85.22410212940564,56.61942619359422,3.1232316814678662
sentinel1_palsar_sentinel2,2500,0,44,2500,21343,0.047901579052109344,85.01408320056768,56.367042999996805,3.2928824018731255
alphaearth,2500,0,44,2500,21343,0.13613134890601664,80.97926122297004,52.31187855861897,1.7415809590662603
dem,25,1,42,25,20374,-0.04315399981595158,96.72861465585783,64.84552400660782,-4.5659249614187045
sentinel1_c,25,1,42,25,20374,-0.07697032141349136,98.2839543988188,66.27061104541754,-2.8921224566213013
palsar_l,25,1,42,25,20374,-0.10034478754380394,99.34480217503832,67.84734358031182,1.2414903408957276
sentinel1_c_palsar_l,25,1,42,25,20374,-0.05407899448539877,97.23381672700336,65.32931710614812,-4.04932756467896
sentinel1_sentinel2,25,1,42,25,20374,-0.09150849210333223,98.94510495585095,68.15267760404686,0.9766251073947345
palsar_sentinel2,25,1,42,25,20374,-0.10581167745804287,99.59128590825,68.0422225295638,-0.9228163018590541
sentinel1_palsar_sentinel2,25,1,42,25,20374,-0.10772780271878646,99.67753331723999,67.69478333509025,-6.186414890575703
alphaearth,25,1,42,25,20374,-0.03433627109968773,96.31892597211574,64.47781240440779,-3.447030019046934
dem,25,1,43,25,20374,-0.03251635573983047,96.23415205846815,62.67283661205492,-13.262583242951143
sentinel1_c,25,1,43,25,20374,-0.04186873817645198,96.66900701624101,63.452707265688275,-12.002778833260862
palsar_l,25,1,43,25,20374,-0.06810400193577593,97.87854959777776,64.44390181017172,-10.971353021289573
sentinel1_c_palsar_l,25,1,43,25,20374,-0.04592474744155184,96.85699112183477,63.299116242588994,-12.265532178251949
sentinel1_sentinel2,25,1,43,25,20374,-0.05411166584535243,97.23532360477385,64.95098225647718,-8.13336468244652
palsar_sentinel2,25,1,43,25,20374,-0.04539207569558612,96.83232416886936,63.761881426493865,-11.184512635995608
sentinel1_palsar_sentinel2,25,1,43,25,20374,-0.03649260082171768,96.41927400847034,63.278942251693444,-11.681496405945003
alphaearth,25,1,43,25,20374,-0.02433626841341141,95.85218758829711,62.399736699441355,-10.749175807974435
dem,25,1,44,25,20374,-0.44633076266314053,113.89759813503237,87.65714444147024,44.019866114795086
sentinel1_c,25,1,44,25,20374,-0.2485738169554037,105.82489975190556,78.04305088707592,32.78884276652912
palsar_l,25,1,44,25,20374,-0.3180917905198568,108.73104990942818,78.7237544287794,25.520018237410227
sentinel1_c_palsar_l,25,1,44,25,20374,-0.2927284146019542,107.67983997677868,79.03356966715347,32.66788407392547
sentinel1_sentinel2,25,1,44,25,20374,-0.9331309812805795,131.677446051808,99.14319471936662,39.87109433149192
palsar_sentinel2,25,1,44,25,20374,-0.9136452600675322,131.01211901627607,98.47850641416048,42.158361919909524
sentinel1_palsar_sentinel2,25,1,44,25,20374,-0.8935732049347427,130.32322056678734,97.92711072944957,41.76498323067823
alphaearth,25,1,44,25,20374,-0.4193687290193808,112.83098264905078,83.58531119221571,31.189989890801893
dem,50,1,42,50,20374,-0.12539123953699471,100.46910167340846,67.08516521327628,-18.63372076161249
sentinel1_c,50,1,42,50,20374,-0.11988592075922933,100.22305722261358,66.91973566072413,-13.618457451045904
palsar_l,50,1,42,50,20374,-0.21385982695989636,104.3434094539556,71.54061213867429,-14.294705741440287
sentinel1_c_palsar_l,50,1,42,50,20374,-0.1582233266471953,101.92410527239646,68.71438928231501,-13.083265372025155
sentinel1_sentinel2,50,1,42,50,20374,-0.11598040727933467,100.04814460257452,67.15022468239891,-10.950884333854441
palsar_sentinel2,50,1,42,50,20374,-0.11383820419362656,99.95207374247518,67.3938306129157,-10.11014226584815
sentinel1_palsar_sentinel2,50,1,42,50,20374,-0.1238925196054046,100.40218040873228,67.45866019896222,-10.116157373900407
alphaearth,50,1,42,50,20374,-0.03865778703571343,96.51992922341717,64.56282033972278,-4.332674231553973
dem,50,1,43,50,20374,-0.016523233448166197,95.48593578992079,62.727990678941374,-7.263789167728485
sentinel1_c,50,1,43,50,20374,-0.08849528415803376,98.80843711259722,65.75381297924115,-11.082089051874927
palsar_l,50,1,43,50,20374,-0.054883797795059586,97.2709292995008,64.4608973558081,-8.116524058781721
sentinel1_c_palsar_l,50,1,43,50,20374,-0.09986188079804936,99.32300012697809,66.67301010426709,-10.305671638307738
sentinel1_sentinel2,50,1,43,50,20374,-0.06723789287034965,97.83885744639748,66.51915933529088,-2.232432420987872
palsar_sentinel2,50,1,43,50,20374,-0.09957988836745613,99.3102666509864,67.72834306604321,-4.242959805120414
sentinel1_palsar_sentinel2,50,1,43,50,20374,-0.07772433513633614,98.31835390004002,66.86474615175696,-3.458157279262226
alphaearth,50,1,43,50,20374,0.07486728985136448,91.0925316934021,58.06993702092745,-9.067546776853108
dem,50,1,44,50,20374,-0.21313756050636967,104.31236181706097,75.49713110074678,23.9167486873455
sentinel1_c,50,1,44,50,20374,-0.31637523959152936,108.66022662090724,79.18271028420537,23.412537943843468
palsar_l,50,1,44,50,20374,-0.2531265240765441,106.01766023447101,75.5400933671534,18.742156631958572
sentinel1_c_palsar_l,50,1,44,50,20374,-0.25641629781551645,106.15673059278753,76.28117407446268,24.043467743015576
sentinel1_sentinel2,50,1,44,50,20374,-0.4189831423374202,112.81565573700186,81.41549584150633,22.372110954772765
palsar_sentinel2,50,1,44,50,20374,-0.3014340785627556,108.04180756071868,76.7327597976434,17.626811084764704
sentinel1_palsar_sentinel2,50,1,44,50,20374,-0.321411347787006,108.86788104020003,78.17847115845422,21.643671418510056
alphaearth,50,1,44,50,20374,-0.22201604075231685,104.69337669155225,75.68200327650474,27.411155199052565
dem,100,1,42,100,20374,-0.059055427959254114,97.46307272013716,65.13064797523644,-8.023242397594277
sentinel1_c,100,1,42,100,20374,-0.09845584184133416,99.25949366745297,66.55212920909732,-9.55673271847382
palsar_l,100,1,42,100,20374,-0.09098677159270663,98.92145518075588,66.01138085433765,-11.209444224395842
sentinel1_c_palsar_l,100,1,42,100,20374,-0.09222027645292807,98.97736127808041,66.08672139761681,-9.840004941090786
sentinel1_sentinel2,100,1,42,100,20374,-0.06964622214710703,97.94918683335287,65.31766176657078,-10.689375327244232
palsar_sentinel2,100,1,42,100,20374,-0.049150397034126714,97.00623044480034,64.05717906139742,-11.41811612324489
sentinel1_palsar_sentinel2,100,1,42,100,20374,-0.05389977824765424,97.22555044920841,64.64855870808081,-8.846520763507543
alphaearth,100,1,42,100,20374,0.05578337771942887,92.02727763641076,60.19951815168697,-1.9991488284354595
dem,100,1,43,100,20374,-0.04107173775800255,96.63202540031354,63.62786105359698,-9.197733972480933
sentinel1_c,100,1,43,100,20374,-0.04685534813480219,96.90007029316514,64.20376514044635,-4.875683056576275
palsar_l,100,1,43,100,20374,-0.0539396717413505,97.2273905815719,64.34482742692981,-8.31014268715358
sentinel1_c_palsar_l,100,1,43,100,20374,-0.03708619407912184,96.44687943414597,63.61561814930789,-5.0519137023107055
sentinel1_sentinel2,100,1,43,100,20374,-0.04067764851160027,96.61373403515427,63.81038126862101,-7.011669911529805
palsar_sentinel2,100,1,43,100,20374,-0.051249269676572284,97.10321463120832,64.75550374110048,-6.909386720822511
sentinel1_palsar_sentinel2,100,1,43,100,20374,-0.03335542255961843,96.27324610552404,63.612354188244936,-6.2730572038156245
alphaearth,100,1,43,100,20374,0.05965498583393203,91.83841232297291,58.3315123392813,-7.71952229908213
dem,100,1,44,100,20374,-0.05334035075519594,97.19974255608892,66.41474471848873,4.679432368145639
sentinel1_c,100,1,44,100,20374,-0.10610860567947444,99.60465594184646,67.72384539686138,0.41478160262992675
palsar_l,100,1,44,100,20374,-0.17156650792880512,102.50952661356298,71.52183298035803,10.409815504314622
sentinel1_c_palsar_l,100,1,44,100,20374,-0.15357380540947574,101.71931970239383,70.57769751528012,9.87381964753144
sentinel1_sentinel2,100,1,44,100,20374,-0.2680261367593877,106.64607019386175,74.52605073163821,11.845227749331611
palsar_sentinel2,100,1,44,100,20374,-0.27241426790982515,106.83044051475945,75.18951806159568,18.231875931270483
sentinel1_palsar_sentinel2,100,1,44,100,20374,-0.22764101369762746,104.93405327408206,73.62181613381648,15.539680694628549
alphaearth,100,1,44,100,20374,0.000217483117216144,94.69641176915924,63.70382738212367,7.4395770849704395
dem,250,1,42,250,20374,-0.012695586626780164,95.30599344859708,64.5128611785217,3.9154727514333585
sentinel1_c,250,1,42,250,20374,-0.04991788546742848,97.04170560124008,64.74252415772304,-1.352927238708717
palsar_l,250,1,42,250,20374,-0.011887846799079504,95.26797718564926,63.46330254413198,-1.3278517150236917
sentinel1_c_palsar_l,250,1,42,250,20374,-0.022974153934762764,95.7884365091208,63.291531801306036,-3.114426391880375
sentinel1_sentinel2,250,1,42,250,20374,-0.001922001009344143,94.79768039158051,62.64504165898299,-0.9619705034397498
palsar_sentinel2,250,1,42,250,20374,-0.004986370946882479,94.94253866469359,62.9565993839036,-0.16024356865730602
sentinel1_palsar_sentinel2,250,1,42,250,20374,0.00800311244357288,94.32697536357207,61.77726231137885,-2.0483922791334326
alphaearth,250,1,42,250,20374,0.07911057614365491,90.88338551882984,59.10746007515402,-0.06724478995545946
dem,250,1,43,250,20374,-0.1303092498678189,100.68838960647992,65.6110073855746,-2.7109583857759247
sentinel1_c,250,1,43,250,20374,-0.1998893246517921,103.74121946802913,69.89581773900821,-1.6935522772223757
palsar_l,250,1,43,250,20374,-0.1965233628738603,103.59560844999149,68.00300716408572,-0.46005465058391215
sentinel1_c_palsar_l,250,1,43,250,20374,-0.19380438664680155,103.47783632526183,67.9008553069802,-1.1980289970183597
sentinel1_sentinel2,250,1,43,250,20374,-0.11965607210255791,100.21277165835863,66.2474937003328,-5.7154697566066455
palsar_sentinel2,250,1,43,250,20374,-0.18274006489640082,102.9971976007135,67.63911262737814,-0.14390523563056495
sentinel1_palsar_sentinel2,250,1,43,250,20374,-0.1731845308764446,102.58028893798507,67.18568836606839,-0.685656578121093
alphaearth,250,1,43,250,20374,-0.05334595462977898,97.20000111185483,62.85730563472714,-4.822529702471811
dem,250,1,44,250,20374,-0.08654233973239989,98.71975780409198,66.71699337684021,0.48481071489447425
sentinel1_c,250,1,44,250,20374,-0.08676936832111681,98.7300708107097,66.6490869218538,-2.2131887632409355
palsar_l,250,1,44,250,20374,-0.08200664211609388,98.51349283828317,66.5991084733178,-0.6532257135456576
sentinel1_c_palsar_l,250,1,44,250,20374,-0.06213261138840531,97.60456399859788,65.5768309637719,-1.9036592289775152
sentinel1_sentinel2,250,1,44,250,20374,-0.12700457797449882,100.54109113224548,68.75366157032177,7.326691289344627
palsar_sentinel2,250,1,44,250,20374,-0.1406881274995282,101.14961049207427,69.1339395433765,7.38545852307128
sentinel1_palsar_sentinel2,250,1,44,250,20374,-0.10339288646599676,99.4823060602146,67.65574437685018,5.504047044072756
alphaearth,250,1,44,250,20374,0.016932758591068353,93.90146463483845,62.781365937832675,5.283105311521567
dem,500,1,42,500,20374,-0.00859698101253148,95.11293557407647,63.89867463049098,3.6290066863511288
sentinel1_c,500,1,42,500,20374,-0.02170262318314453,95.72888670833864,63.03751092106377,-1.731468885546098
palsar_l,500,1,42,500,20374,-0.0099452176205852,95.17648519716505,62.96895215290298,0.418647088646504
sentinel1_c_palsar_l,500,1,42,500,20374,-0.009642776195416536,95.1622332027591,62.19312128268306,-2.733446849703752
sentinel1_sentinel2,500,1,42,500,20374,0.022382627598217852,93.64082025253849,60.92765863160207,-1.25017560792621
palsar_sentinel2,500,1,42,500,20374,0.02447771788616049,93.54042760361274,61.41621074564495,-0.008513405197978384
sentinel1_palsar_sentinel2,500,1,42,500,20374,0.03251998820513835,93.15405288993097,60.299857310837304,-2.1032421195652757
alphaearth,500,1,42,500,20374,0.09360497911870103,90.1653161107247,57.471457516449,-2.7570191695738115
dem,500,1,43,500,20374,-0.1297316059403153,100.66265794514396,64.57059909878879,-6.085536611958458
sentinel1_c,500,1,43,500,20374,-0.15229809362986058,101.6630595699542,67.21905507064079,-3.8187070596465182
palsar_l,500,1,43,500,20374,-0.19595722519325443,103.5710973044212,66.69180906397416,-3.2305016401759574
sentinel1_c_palsar_l,500,1,43,500,20374,-0.1967777397248116,103.60661990409778,66.68835709704399,-3.7750570644887644
sentinel1_sentinel2,500,1,43,500,20374,-0.03023522442653448,96.12778855241366,62.71131165927515,-6.075282760368966
palsar_sentinel2,500,1,43,500,20374,-0.12681671382183168,100.53271101806615,64.75492422522562,-2.280876806428436
sentinel1_palsar_sentinel2,500,1,43,500,20374,-0.1372998449233378,100.99927213999705,64.6093720263919,-2.7029979358720873
alphaearth,500,1,43,500,20374,0.0538165133927766,92.12307716051963,58.35983639703857,-5.034008398925659
dem,500,1,44,500,20374,-0.07890873875588378,98.37236429683628,66.95467499162075,4.990257284566209
sentinel1_c,500,1,44,500,20374,-0.06050700939999931,97.5298431360337,66.76712175467006,5.69673707775231
palsar_l,500,1,44,500,20374,-0.06834419215492815,97.88955421376521,66.45672125187431,3.426758927045961
sentinel1_c_palsar_l,500,1,44,500,20374,-0.038844422096944164,96.52860060390937,65.6554630367426,4.612395754371927
sentinel1_sentinel2,500,1,44,500,20374,-0.0737125340696132,98.13518951547717,66.49057245782427,7.004342560297307
palsar_sentinel2,500,1,44,500,20374,-0.07831430160396691,98.34526087153696,66.50701241038387,5.741536733355059
sentinel1_palsar_sentinel2,500,1,44,500,20374,-0.06498058671671281,97.73533359252221,65.94384794078506,5.852606600062472
alphaearth,500,1,44,500,20374,0.03291733263683172,93.13492172185718,61.91426070473069,5.838382041687324
dem,1000,1,42,1000,20374,0.008646598947693818,94.29637648621576,62.40040411214566,-1.4322140337447247
sentinel1_c,1000,1,42,1000,20374,0.0065411466063526325,94.3964574585836,61.206497636138536,-4.638173900628798
palsar_l,1000,1,42,1000,20374,0.006680054830851212,94.38985783815315,61.72288049569584,-2.7512489546471497
sentinel1_c_palsar_l,1000,1,42,1000,20374,0.021712559491719685,93.67290590329733,60.5220377727324,-4.134768530569963
sentinel1_sentinel2,1000,1,42,1000,20374,0.048809766966916524,92.36649101316694,59.459045424172345,-3.1102766694759865
palsar_sentinel2,1000,1,42,1000,20374,0.04544468597685769,92.52973191666997,59.88715232359806,-2.1557218849153306
sentinel1_palsar_sentinel2,1000,1,42,1000,20374,0.049649431055394766,92.32571370796148,59.287078692279465,-3.356247859038594
alphaearth,1000,1,42,1000,20374,0.10877530561638105,89.4075840921125,56.16416900026803,-4.377191981615799
dem,1000,1,43,1000,20374,-0.06746835711831811,97.84942076207739,62.90125550702378,-8.37138963305909
sentinel1_c,1000,1,43,1000,20374,-0.04614639302654577,96.86725323069831,62.740177587234584,-8.108690276985394
palsar_l,1000,1,43,1000,20374,-0.055897186418762956,97.31764041156926,62.67157494271921,-7.4201029557334754
sentinel1_c_palsar_l,1000,1,43,1000,20374,-0.04965100008110923,97.02937098940262,62.076754671521805,-7.250240539363839
sentinel1_sentinel2,1000,1,43,1000,20374,0.01558451218191137,93.9658340539007,60.385024482913636,-6.687030862138866
palsar_sentinel2,1000,1,43,1000,20374,-0.012142937077986193,95.27998464455466,60.84970731213843,-6.004051094994549
sentinel1_palsar_sentinel2,1000,1,43,1000,20374,-0.003899134724299147,94.89116836581842,60.27128666747625,-6.147397400291531
alphaearth,1000,1,43,1000,20374,0.037817058877953724,92.89868798995244,56.94703471645407,-7.532117373243063
dem,1000,1,44,1000,20374,-0.03078395278110846,96.15338514440437,63.95877472713246,-1.237814403494826
sentinel1_c,1000,1,44,1000,20374,-0.02324621086761902,95.80117298722784,63.369787780648686,0.3361473361683807
palsar_l,1000,1,44,1000,20374,-0.02130044604011294,95.71004376971793,63.49848696012177,-0.4896627771494424
sentinel1_c_palsar_l,1000,1,44,1000,20374,0.005026814131562252,94.46837447263334,62.28872002889834,-0.29958624182772825
sentinel1_sentinel2,1000,1,44,1000,20374,0.00021849890136727002,94.69636366312766,62.924905551667166,3.5440832175247414
palsar_sentinel2,1000,1,44,1000,20374,0.007349936923123246,94.35802482214086,62.90510579639822,3.471986357983084
sentinel1_palsar_sentinel2,1000,1,44,1000,20374,0.014354976558129007,94.02449743776194,62.36333223960586,2.8823666396102685
alphaearth,1000,1,44,1000,20374,0.09881746363825261,89.90568154200787,57.8006851612276,-0.1539616165170253
dem,2500,1,42,2500,20374,-0.009911699943965235,95.17490584361926,62.982106155950156,-0.49158248352718803
sentinel1_c,2500,1,42,2500,20374,-0.0018435902235718338,94.79397086826555,61.90670580996998,-1.436640244010083
palsar_l,2500,1,42,2500,20374,-0.0018641325587516189,94.79494271634623,62.3219740413853,-0.1135649716168806
sentinel1_c_palsar_l,2500,1,42,2500,20374,0.020214906529930854,93.74458005967405,61.35554160272179,-0.4281783118424673
sentinel1_sentinel2,2500,1,42,2500,20374,0.029358229878785225,93.30614407378307,60.23528208118931,-0.7478024928042133
palsar_sentinel2,2500,1,42,2500,20374,0.028109581736934564,93.36613999717397,60.4138168684875,-0.5409070486690576
sentinel1_palsar_sentinel2,2500,1,42,2500,20374,0.03636784331059295,92.9686224915184,60.07829494810618,-0.7195149614717751
alphaearth,2500,1,42,2500,20374,0.12177815770293177,88.75296512043263,55.7884932456756,-1.931090458503357
dem,2500,1,43,2500,20374,-0.0014408227545736896,94.77491411818959,61.94876884404235,-5.066083064649339
sentinel1_c,2500,1,43,2500,20374,0.01289329133285022,94.09418951775992,61.299240858352796,-4.2805480528559325
palsar_l,2500,1,43,2500,20374,-0.013074810814843296,95.32383639939975,61.79376724480714,-4.215177624066163
sentinel1_c_palsar_l,2500,1,43,2500,20374,0.01508532459223999,93.98965561798224,60.73991301829534,-3.794280797617631
sentinel1_sentinel2,2500,1,43,2500,20374,0.06290709794492688,91.67946667704219,59.18119867763978,-3.1314610511963124
palsar_sentinel2,2500,1,43,2500,20374,0.04173744972763904,92.70923810021982,59.7301159790481,-2.677316876061988
sentinel1_palsar_sentinel2,2500,1,43,2500,20374,0.050603680552817054,92.27934982093997,59.23547610179563,-2.993737765903595
alphaearth,2500,1,43,2500,20374,0.12248286323540913,88.71734925756203,55.19801279307109,-4.840978444244308
dem,2500,1,44,2500,20374,-0.005479809957239512,94.9658437584531,63.24502099410454,0.640269468436664
sentinel1_c,2500,1,44,2500,20374,0.01572202866516792,93.95927061472712,62.46787925745169,1.5952741276548053
palsar_l,2500,1,44,2500,20374,0.013855022025783592,94.04834071450261,62.26516962391987,0.7356890040330768
sentinel1_c_palsar_l,2500,1,44,2500,20374,0.033567899869209716,93.10359000445783,61.46127161126289,1.1593783549206813
sentinel1_sentinel2,2500,1,44,2500,20374,0.06308560979769107,91.67073400448594,60.123703917221,1.9300400399594908
palsar_sentinel2,2500,1,44,2500,20374,0.05413190530119061,92.10772216059144,60.29951705188095,1.1999896031764525
sentinel1_palsar_sentinel2,2500,1,44,2500,20374,0.06108430837955692,91.76858867817195,59.97937566823413,1.3750080997867131
alphaearth,2500,1,44,2500,20374,0.11515204462129613,89.08715293743715,56.55627764302572,0.3927969782359244
dem,25,2,42,25,20635,-0.038324425218334124,83.8873453640041,58.93474912464875,-6.104547540841615
sentinel1_c,25,2,42,25,20635,-0.0912189683412552,85.99750854674818,61.42167808174916,-2.691059957961285
palsar_l,25,2,42,25,20635,-0.02587048906552325,83.38274428201088,58.54974829996172,-7.336025713533927
sentinel1_c_palsar_l,25,2,42,25,20635,-0.04692530923663929,84.23406616384871,59.602474539983014,-4.269352557106219
sentinel1_sentinel2,25,2,42,25,20635,-0.0399938251165306,83.9547545853106,59.677999474175,-0.9990889867223167
palsar_sentinel2,25,2,42,25,20635,-0.05930409890258481,84.73059233104475,60.50755940686116,-3.318560396720796
sentinel1_palsar_sentinel2,25,2,42,25,20635,-0.056695991659793554,84.6262206676578,60.28880051952408,-2.4370521021547193
alphaearth,25,2,42,25,20635,0.03214569124210265,80.99065476190812,57.40972696615069,3.153150920784797
dem,25,2,43,25,20635,0.0003227258388631693,82.31136915726891,58.51936215202872,3.5881274636040277
sentinel1_c,25,2,43,25,20635,-0.35916983977948735,95.97691374128591,71.3172796524863,12.823918199435266
palsar_l,25,2,43,25,20635,-0.43967515428189063,98.77844178435342,72.93081515881401,-7.928491729688486
sentinel1_c_palsar_l,25,2,43,25,20635,-0.3638668860527319,96.1426101780113,71.38185062315593,4.4825809606779705
sentinel1_sentinel2,25,2,43,25,20635,-0.19365553435076044,89.94342558285486,66.50504966186392,10.098118229388449
palsar_sentinel2,25,2,43,25,20635,-0.3117308338332545,94.2871003115742,69.40603036647099,-0.16228088370984983
sentinel1_palsar_sentinel2,25,2,43,25,20635,-0.25443088615441845,92.20474802425748,68.11598686630418,6.38594594579481
alphaearth,25,2,43,25,20635,-0.179503860188875,89.40866275053331,66.77286713512613,20.713275260153548
dem,25,2,44,25,20635,-0.03676431375748579,83.82430013313822,61.91018682055264,19.322708945670726
sentinel1_c,25,2,44,25,20635,-0.23377908780209844,91.44261106905998,69.86243849118927,24.921571301270152
palsar_l,25,2,44,25,20635,-0.10663830894404835,86.60296602609075,64.0225333495086,14.896407680798085
sentinel1_c_palsar_l,25,2,44,25,20635,-0.22099345092591016,90.96756784389981,69.0925898220438,24.820928821027678
sentinel1_sentinel2,25,2,44,25,20635,-0.33549783497717933,95.1374507746586,73.41222579107875,31.491793832647275
palsar_sentinel2,25,2,44,25,20635,-0.203453050036275,90.31179870842061,68.36680178578874,23.48514890065349
sentinel1_palsar_sentinel2,25,2,44,25,20635,-0.2472433584048328,91.94021522835854,70.34089324718185,28.58182906584565
alphaearth,25,2,44,25,20635,-0.2876497150027808,93.41761688958279,71.59992851899318,26.91414587038443
dem,50,2,42,50,20635,-0.012269459410487071,82.82815416935169,57.98098214346282,-2.575496035451709
sentinel1_c,50,2,42,50,20635,-0.039819207306446947,83.94770617288124,59.492916941028874,1.4193317023958023
palsar_l,50,2,42,50,20635,-0.013188468009490695,82.86574421829727,58.89860369849845,3.4191832486498326
sentinel1_c_palsar_l,50,2,42,50,20635,-0.03673248493479031,83.82301341385755,59.71733746965823,2.428359010903065
sentinel1_sentinel2,50,2,42,50,20635,-0.0030096499233809304,82.44844549865482,58.28289964386374,0.6902948229083061
palsar_sentinel2,50,2,42,50,20635,0.013413852256027758,81.77064487762351,57.44803866581231,-0.7457419390824475
sentinel1_palsar_sentinel2,50,2,42,50,20635,0.009262492507838394,81.94250164822988,57.968774949681816,1.8535728959041935
alphaearth,50,2,42,50,20635,0.014858376748992486,81.71076010833436,56.951099952819064,-2.1774982885208005
dem,50,2,43,50,20635,-0.01913515724814374,83.108569663668,58.20863535694375,-2.1977897529656842
sentinel1_c,50,2,43,50,20635,-0.2849481153836395,93.3195663438985,68.09330145771108,1.6687590031061825
palsar_l,50,2,43,50,20635,-0.2085402824635343,90.50248026501714,65.13411999855136,-11.80130133680832
sentinel1_c_palsar_l,50,2,43,50,20635,-0.18441541632888292,89.59462206822425,64.6765127367222,-6.404834927581246
sentinel1_sentinel2,50,2,43,50,20635,-0.16770305210050274,88.96027643430743,64.79897198780304,1.8896826243571667
palsar_sentinel2,50,2,43,50,20635,-0.13616112437589845,87.75055635058857,62.995196677113114,-4.72589098112554
sentinel1_palsar_sentinel2,50,2,43,50,20635,-0.13846485407251796,87.83947472147155,63.37862331198922,-2.005758442959824
alphaearth,50,2,43,50,20635,0.047861606510539945,80.33040470808275,56.32448114033106,-1.4112516529599286
dem,50,2,44,50,20635,-0.17371600485359084,89.18902769344164,65.53340235186342,21.55759023576729
sentinel1_c,50,2,44,50,20635,-0.16086486834275848,88.69941390642754,66.097420252815,16.14175888846746
palsar_l,50,2,44,50,20635,-0.13854018593594697,87.84238082868703,64.82079900810237,17.754700180448467
sentinel1_c_palsar_l,50,2,44,50,20635,-0.11338449643321358,86.86653549928158,63.939224100120725,13.165179825545522
sentinel1_sentinel2,50,2,44,50,20635,-0.13125226720947114,87.56078518956772,65.0018253629596,14.792578930250587
palsar_sentinel2,50,2,44,50,20635,-0.15312539140740267,88.40324028709126,66.08688113196206,18.587421615019252
sentinel1_palsar_sentinel2,50,2,44,50,20635,-0.10662836961083855,86.60257711055162,64.0800639965515,14.617237929775674
alphaearth,50,2,44,50,20635,-0.04123633961546269,84.00489135476744,61.62980980938892,13.666004747959738
dem,100,2,42,100,20635,-0.30259098132694184,93.95804019613024,64.96597733906547,5.768936566680353
sentinel1_c,100,2,42,100,20635,-0.3582422044863387,95.94415596292124,69.19324196176805,13.294442243509105
palsar_l,100,2,42,100,20635,-0.30411417461917845,94.01295937052602,67.21800537137834,7.126208149661859
sentinel1_c_palsar_l,100,2,42,100,20635,-0.3035170247968917,93.99143278523628,67.42311777348324,8.187196131799142
sentinel1_sentinel2,100,2,42,100,20635,-0.2618836036132979,92.47824189144748,63.61206090945804,4.6342917366585406
palsar_sentinel2,100,2,42,100,20635,-0.21465376459032437,90.73109794538426,62.669526477879344,3.492139516865867
sentinel1_palsar_sentinel2,100,2,42,100,20635,-0.21969660736827268,90.91924569865058,62.961325002316244,4.754429709275938
alphaearth,100,2,42,100,20635,-0.22796415518071944,91.2268671663127,64.17013891767063,6.989371562967477
dem,100,2,43,100,20635,-0.05725289666009603,84.6485177890376,59.333458040732,-5.9647947050509424
sentinel1_c,100,2,43,100,20635,-0.1049229169749506,86.53581868193906,61.42249683642278,-5.170656929566022
palsar_l,100,2,43,100,20635,-0.09466739993781026,86.13328450551722,60.79436805911084,-7.905166933615609
sentinel1_c_palsar_l,100,2,43,100,20635,-0.07970152948580278,85.54246768000847,60.40611270420465,-5.949411783410115
sentinel1_sentinel2,100,2,43,100,20635,-0.07597022577785606,85.39452810563108,61.32676619978184,2.933478375673649
palsar_sentinel2,100,2,43,100,20635,-0.07203597098225356,85.23826378855793,60.75402054543153,1.105228259403489
sentinel1_palsar_sentinel2,100,2,43,100,20635,-0.07374276504272692,85.30609094446648,60.94803255383455,1.721168583970984
alphaearth,100,2,43,100,20635,0.05513900624165047,80.02282452416723,56.60134976919757,4.235449929441939
dem,100,2,44,100,20635,-0.10614528941100043,86.58367259025185,62.41532232540856,9.838924507393521
sentinel1_c,100,2,44,100,20635,-0.08513556307065828,85.75746100098635,62.20745417904661,4.599204367634696
palsar_l,100,2,44,100,20635,-0.14778059243015962,88.1981254152281,64.31970547672738,10.274134196246143
sentinel1_c_palsar_l,100,2,44,100,20635,-0.08740753865569428,85.84719033349013,62.12608001034288,6.714768018207289
sentinel1_sentinel2,100,2,44,100,20635,-0.12114206344841927,87.16863384563271,64.07345182163695,6.167385613834604
palsar_sentinel2,100,2,44,100,20635,-0.13795300354468987,87.81972631376966,64.00892471560377,4.662661815700686
sentinel1_palsar_sentinel2,100,2,44,100,20635,-0.11559741466617002,86.95281886285989,63.09736594925916,3.5740330547289996
alphaearth,100,2,44,100,20635,-0.011410651371041913,82.79301106697757,59.23713066838647,4.323041706602894
dem,250,2,42,250,20635,-0.014683425194857103,82.92685578879811,58.0215588103939,-2.061264028126248
sentinel1_c,250,2,42,250,20635,-0.025606470343214838,83.37201387186246,58.806645458318094,1.3472772597342941
palsar_l,250,2,42,250,20635,-0.09748013402599254,86.24387270684947,60.35795616170133,-4.066704032770267
sentinel1_c_palsar_l,250,2,42,250,20635,-0.07264782699271088,85.26258484960397,59.82026419143872,-1.4901894380746952
sentinel1_sentinel2,250,2,42,250,20635,-0.016642594438240232,83.00687552351485,58.22931606193135,-2.303224491869351
palsar_sentinel2,250,2,42,250,20635,-0.0316309590916819,83.61652204048328,58.34144617486253,-4.14265537708305
sentinel1_palsar_sentinel2,250,2,42,250,20635,-0.038553269226042186,83.89658913127508,58.58801958589587,-3.7927975063840935
alphaearth,250,2,42,250,20635,0.06748467078197917,79.49831174986824,54.82355292291844,-3.376725510095599
dem,250,2,43,250,20635,-0.0008320136411503753,82.35889487285998,57.33142914117122,-4.910242923235521
sentinel1_c,250,2,43,250,20635,-0.02213994277746867,83.2309968154658,58.14515474523114,-4.2732591626023595
palsar_l,250,2,43,250,20635,-0.018833949362580205,83.09628728567634,58.28909432246272,-3.0695898207388135
sentinel1_c_palsar_l,250,2,43,250,20635,-0.007796903468648031,82.64496991240824,57.77674619135007,-2.2259996611758783
sentinel1_sentinel2,250,2,43,250,20635,0.018967423540045325,81.54017337778865,56.482214484258634,-4.411740422219889
palsar_sentinel2,250,2,43,250,20635,0.017476896289840504,81.60209370738164,56.61100278438489,-4.216459815369806
sentinel1_palsar_sentinel2,250,2,43,250,20635,0.019287628367066323,81.52686511025611,56.6618061767011,-2.9923278715813764
alphaearth,250,2,43,250,20635,0.11612152811242682,77.39736835576893,53.48112715566526,1.6988969901182394
dem,250,2,44,250,20635,-0.0279490056981202,83.46717244542722,59.34636296696696,4.545575865123309
sentinel1_c,250,2,44,250,20635,-0.03432455572462656,83.72561257962809,59.660325755844596,2.72760989919604
palsar_l,250,2,44,250,20635,-0.05654915638584135,84.62034076175433,60.49636448876513,4.283528304579598
sentinel1_c_palsar_l,250,2,44,250,20635,-0.024124432587496303,83.31175433494448,59.25333759838914,4.010526189091112
sentinel1_sentinel2,250,2,44,250,20635,-0.007121773606183046,82.61728306664979,58.708617199928916,1.7421344660719662
palsar_sentinel2,250,2,44,250,20635,-0.026577111194361347,83.41145645879992,59.75627955968891,4.067525966224711
sentinel1_palsar_sentinel2,250,2,44,250,20635,-0.008852390855412784,82.6882365146973,58.943424859989626,3.882817142131697
alphaearth,250,2,44,250,20635,0.08217787819802858,78.86951616837382,54.82830249161267,1.3407020083114523
dem,500,2,42,500,20635,-0.0015266903830930545,82.38747253803395,57.19979192898296,-6.027542655751573
sentinel1_c,500,2,42,500,20635,-0.002816655126727241,82.4405129296692,57.16300434213146,-5.525344110718
palsar_l,500,2,42,500,20635,-0.024965964670874197,83.34597630811375,57.83307271059384,-5.518527219237376
sentinel1_c_palsar_l,500,2,42,500,20635,-0.020124799345506927,83.14891160526814,57.63888846640999,-5.874525877527839
sentinel1_sentinel2,500,2,42,500,20635,0.021459683054264156,81.43653334134493,56.68977074280551,-4.337222578556094
palsar_sentinel2,500,2,42,500,20635,0.01291225558178477,81.79142900866569,56.68131044094907,-5.860650400097725
sentinel1_palsar_sentinel2,500,2,42,500,20635,0.022862553218616855,81.37813725040623,56.38235254674484,-4.924080835939513
alphaearth,500,2,42,500,20635,0.1003473244920251,78.08495314133367,53.32417165887505,-5.813920891946709
dem,500,2,43,500,20635,0.012890857376959053,81.79231554599517,57.15711093977419,-0.008777303975220967
sentinel1_c,500,2,43,500,20635,-0.00013892868578890827,82.33037280521116,57.47865977340502,-0.6380150329121466
palsar_l,500,2,43,500,20635,0.01719808758314678,81.61367092135482,56.97633499321581,-0.48077694941634863
sentinel1_c_palsar_l,500,2,43,500,20635,0.014223449863175808,81.7370872884362,56.86897697148157,-0.595088290659766
sentinel1_sentinel2,500,2,43,500,20635,0.0323489298911146,80.98215074672468,56.19389965023247,-1.9060588287561282
palsar_sentinel2,500,2,43,500,20635,0.03114549935779698,81.03249229751937,56.4743840741971,-0.49376048350806945
sentinel1_palsar_sentinel2,500,2,43,500,20635,0.04002949744602968,80.66011935828448,55.987484065413994,-1.2662335439602308
alphaearth,500,2,43,500,20635,0.10483683829219304,77.88987679079894,53.74945258948733,1.0454656931991841
dem,500,2,44,500,20635,0.01659289751705917,81.63879509998785,56.90068330212526,-2.8698313530980655
sentinel1_c,500,2,44,500,20635,0.004872046143508557,82.12386475568054,57.283193465887415,-2.787490893461633
palsar_l,500,2,44,500,20635,-0.014824694396244675,82.93262832960889,58.167715381945705,-2.489223577764142
sentinel1_c_palsar_l,500,2,44,500,20635,0.00922041119366912,81.94424187281739,57.169912051974755,-2.4882770521229363
sentinel1_sentinel2,500,2,44,500,20635,0.055946666557345925,79.98861574762014,55.412794386585155,-2.9894250881535473
palsar_sentinel2,500,2,44,500,20635,0.04299108448702471,80.53560173461726,56.01969458790844,-2.8458068785494595
sentinel1_palsar_sentinel2,500,2,44,500,20635,0.05100365049888789,80.19775054680609,55.64993179814756,-2.319858090363887
alphaearth,500,2,44,500,20635,0.12487238456429672,77.01327822292902,52.4336859434092,-2.7198320771811257
dem,1000,2,42,1000,20635,0.013267605979395136,81.77670527551155,56.41956737199155,-7.104191320399372
sentinel1_c,1000,2,42,1000,20635,0.02124560650697238,81.44544084274666,55.90221415467248,-7.562600889409796
palsar_l,1000,2,42,1000,20635,-0.005726498545640668,82.56003388851038,56.826879535760085,-8.51530900289216
sentinel1_c_palsar_l,1000,2,42,1000,20635,0.0047550566654191995,82.12869194683834,56.16529927638973,-8.829046614059667
sentinel1_sentinel2,1000,2,42,1000,20635,0.05274394932666482,80.12418224692344,55.14967089228324,-7.196012071324507
palsar_sentinel2,1000,2,42,1000,20635,0.04182985285792096,80.58444774551603,55.46572713325182,-7.254930365611246
sentinel1_palsar_sentinel2,1000,2,42,1000,20635,0.046522943664318195,80.38685530289865,55.272371209393285,-7.394472991751438
alphaearth,1000,2,42,1000,20635,0.11878919584379821,77.2804821020099,52.58319570908778,-5.722371126214838
dem,1000,2,43,1000,20635,0.019194171117329573,81.53074958000568,56.675583261499334,-4.165790250453231
sentinel1_c,1000,2,43,1000,20635,0.007095650901270623,82.03206091251604,57.174553003676394,-3.5316147349028566
palsar_l,1000,2,43,1000,20635,0.022835006944745273,81.37928429919906,56.511953764987105,-4.102191249527527
sentinel1_c_palsar_l,1000,2,43,1000,20635,0.02522397200940385,81.27974571645343,56.358470633149444,-3.890569784013234
sentinel1_sentinel2,1000,2,43,1000,20635,0.03920447297144647,80.69477265261928,55.77572328592602,-3.7499889379555675
palsar_sentinel2,1000,2,43,1000,20635,0.04348562460256966,80.5147904172814,55.75729573772747,-3.0497183655085816
sentinel1_palsar_sentinel2,1000,2,43,1000,20635,0.04531038087364936,80.43795414084146,55.49925863697151,-3.8106105581448824
alphaearth,1000,2,43,1000,20635,0.1380118334466789,76.43294051390926,52.12667778344757,-1.1115680808300514
dem,1000,2,44,1000,20635,-0.00483329981372882,82.52336442724119,58.165478239668076,1.177723507110574
sentinel1_c,1000,2,44,1000,20635,0.009785900111422219,81.92085363641523,57.42105609077032,-0.9999836545836785
palsar_l,1000,2,44,1000,20635,0.0010050320353188757,82.28327451869124,57.86222858647131,0.24217008685910615
sentinel1_c_palsar_l,1000,2,44,1000,20635,0.00545522601586057,82.09979749700365,57.41948401680287,-0.715115044814196
sentinel1_sentinel2,1000,2,44,1000,20635,0.05048761955064707,80.21955194622626,55.956825627722495,0.14214377159474748
palsar_sentinel2,1000,2,44,1000,20635,0.04449322330909011,80.47237183118663,56.30144529137958,0.5695089938943402
sentinel1_palsar_sentinel2,1000,2,44,1000,20635,0.04763579668583795,80.33992975158952,56.0302816502302,0.013893795059710546
alphaearth,1000,2,44,1000,20635,0.12121127390497077,77.17420324354543,52.86828919988128,0.19619859975801174
dem,2500,2,42,2500,20635,0.03156344971714298,81.01501226695825,56.175993490597605,-4.281822900815934
sentinel1_c,2500,2,42,2500,20635,0.043187032984786766,80.52735644150232,55.42031979676592,-5.04715253311402
palsar_l,2500,2,42,2500,20635,0.033227522206183635,80.94537795986241,55.816932491350684,-5.3060929201345886
sentinel1_c_palsar_l,2500,2,42,2500,20635,0.04823146177654791,80.31480114182817,55.05305292042102,-5.890784990426013
sentinel1_sentinel2,2500,2,42,2500,20635,0.07381528004995874,79.2280053041356,54.44124950359753,-4.225363766393093
palsar_sentinel2,2500,2,42,2500,20635,0.06697314167669488,79.52011306710526,54.74670622044024,-4.520843575279149
sentinel1_palsar_sentinel2,2500,2,42,2500,20635,0.07503591112316299,79.17578027422839,54.27358620478602,-4.895772513044515
alphaearth,2500,2,42,2500,20635,0.15378722339798911,75.73030487683803,51.17626090623295,-3.62937573490715
dem,2500,2,43,2500,20635,0.037039770615879264,80.78562543047167,56.142381030706986,-3.644493130872626
sentinel1_c,2500,2,43,2500,20635,0.0438162812928895,80.50087266758344,55.74373776733073,-3.66938721298847
palsar_l,2500,2,43,2500,20635,0.043411392570431695,80.51791460480457,55.75656922161902,-3.6277064620769046
sentinel1_c_palsar_l,2500,2,43,2500,20635,0.053462060874493456,80.09380555548647,55.21905508842984,-3.830914882034076
sentinel1_sentinel2,2500,2,43,2500,20635,0.07489064590988381,79.18199729130286,54.435735312620196,-3.5642850114901674
palsar_sentinel2,2500,2,43,2500,20635,0.07664146771877878,79.10703360067149,54.48514210394931,-3.2733571127421075
sentinel1_palsar_sentinel2,2500,2,43,2500,20635,0.08009956149513986,78.95876175368694,54.25013123684734,-3.3163940234422764
alphaearth,2500,2,43,2500,20635,0.16306651207828637,75.31394360605876,50.9405730978507,-2.1119640941419324
dem,2500,2,44,2500,20635,0.027284427700015934,81.1937967889042,56.5866936398053,-3.6694002241841552
sentinel1_c,2500,2,44,2500,20635,0.04277050014273376,80.54488266662194,55.83443165746447,-4.480722018723158
palsar_l,2500,2,44,2500,20635,0.03318087709331985,80.94733067409236,56.0304800070829,-4.581958556544897
sentinel1_c_palsar_l,2500,2,44,2500,20635,0.043976081302850134,80.49414562469636,55.5314548664515,-4.876154468560343
sentinel1_sentinel2,2500,2,44,2500,20635,0.08167165650894714,78.8912632776846,54.20345084895117,-4.109105672552006
palsar_sentinel2,2500,2,44,2500,20635,0.07261902374680007,79.2791540734061,54.46566401277126,-3.973062092356041
sentinel1_palsar_sentinel2,2500,2,44,2500,20635,0.07955602433105202,78.98208530152748,54.10547918030835,-4.230117703131093
alphaearth,2500,2,44,2500,20635,0.1680867943935378,75.08772135031703,50.85267682243398,-1.9055697825945372
dem,25,3,42,25,20304,-0.07552249656773169,91.17026287322403,62.80092909308263,-14.757145030972929
sentinel1_c,25,3,42,25,20304,-0.1123925948175073,92.71980340500039,64.24801289350265,-17.899338391692392
palsar_l,25,3,42,25,20304,-0.06996762286427027,90.934519358915,62.03167877888144,-17.6991970312126
sentinel1_c_palsar_l,25,3,42,25,20304,-0.07695951916148447,91.23114955615205,62.71649008163882,-17.646771054965885
sentinel1_sentinel2,25,3,42,25,20304,-0.1524471429377614,94.3743482374631,66.09726954145516,-20.76871666534294
palsar_sentinel2,25,3,42,25,20304,-0.14936663401157713,94.24813179471498,65.45592621678492,-20.58203953099592
sentinel1_palsar_sentinel2,25,3,42,25,20304,-0.15141142205643554,94.33193091059334,66.0419090815197,-20.87504059930129
alphaearth,25,3,42,25,20304,-0.03774301746116571,89.55469672544439,61.22735880972621,-12.18939698356736
dem,25,3,43,25,20304,-0.011740079744432697,88.42558363012326,62.343215235856846,2.558440617786951
sentinel1_c,25,3,43,25,20304,-0.04246767963832854,89.7583286369996,63.55553597137315,6.572368619722834
palsar_l,25,3,43,25,20304,-0.07617186101001372,91.19778149493268,65.6279845833823,7.534369216518543
sentinel1_c_palsar_l,25,3,43,25,20304,-0.04465714490210959,89.85253763117633,63.88845883156107,6.809784091449861
sentinel1_sentinel2,25,3,43,25,20304,-0.08318167392100806,91.49431487148316,65.24665314212676,1.6361039342055141
palsar_sentinel2,25,3,43,25,20304,-0.054233136705078344,90.26342092830926,64.36202880514959,2.741366037861174
sentinel1_palsar_sentinel2,25,3,43,25,20304,-0.049983720106028695,90.08131975525487,64.08776017449317,3.1697493859789385
alphaearth,25,3,43,25,20304,-0.024146236757044415,88.96607776700473,62.9080974845682,-1.367878629279225
dem,25,3,44,25,20304,-0.0523729107999682,90.18374951399932,61.79011531664649,-1.2289277913901382
sentinel1_c,25,3,44,25,20304,-0.04192942864771454,89.73515345944497,61.21893071235705,-1.409063493143051
palsar_l,25,3,44,25,20304,-0.06610195113743278,90.77010266489621,62.06791011049838,-3.2850070616304956
sentinel1_c_palsar_l,25,3,44,25,20304,-0.057248677579217144,90.39242401957317,61.55909274972691,-2.5201474329907034
sentinel1_sentinel2,25,3,44,25,20304,-0.009007979051618431,88.30611079348395,59.79369362086504,0.10030547407780595
palsar_sentinel2,25,3,44,25,20304,-0.0361290659996476,89.48502958589263,61.16130403706655,0.5496972135721233
sentinel1_palsar_sentinel2,25,3,44,25,20304,-0.02497623499189916,89.00212082904476,60.6924473129495,0.6936216560670445
alphaearth,25,3,44,25,20304,0.009017143805972516,87.51379721258098,59.41141036229785,-0.30541897922827926
dem,50,3,42,50,20304,-0.07762792127063545,91.25945592846536,62.22723168307021,-18.671909738506674
sentinel1_c,50,3,42,50,20304,-0.09143065613076673,91.84204208852414,62.823811079434996,-16.499846236304688
palsar_l,50,3,42,50,20304,-0.11471916186708775,92.81671440762756,63.44783703419617,-20.57093572826911
sentinel1_c_palsar_l,50,3,42,50,20304,-0.11297267497864283,92.74397558520135,63.182435135179524,-20.844141104532316
sentinel1_sentinel2,50,3,42,50,20304,-0.1547737311220303,94.4695628154775,62.86965749599014,-29.620455730740183
palsar_sentinel2,50,3,42,50,20304,-0.15979483201141975,94.67472279068014,63.540603914642716,-30.16810778780472
sentinel1_palsar_sentinel2,50,3,42,50,20304,-0.1375277401657271,93.76148038248353,62.46707737779317,-28.218973671891202
alphaearth,50,3,42,50,20304,0.011034994985270385,87.42465348874124,57.82967380983603,-18.26169914682521
dem,50,3,43,50,20304,-0.002692727440964271,88.02932871342442,60.416317629594815,-4.948373793652936
sentinel1_c,50,3,43,50,20304,-0.06470664214132826,90.71068348443151,62.55293300784397,-6.879955769937027
palsar_l,50,3,43,50,20304,-0.09910538322529305,92.16438406618452,65.0564201227631,-1.4151331427146487
sentinel1_c_palsar_l,50,3,43,50,20304,-0.08194356318573193,91.44200948016301,64.3038856697055,-1.196631275112967
sentinel1_sentinel2,50,3,43,50,20304,-0.04441096382560672,89.8419498044015,63.67519507558181,0.65683609614602
palsar_sentinel2,50,3,43,50,20304,-0.02839335933329723,89.1503575599161,62.93687390149207,0.680859629764968
sentinel1_palsar_sentinel2,50,3,43,50,20304,-0.030849913799315898,89.25677213289538,63.17352949050912,1.5534453672541375
alphaearth,50,3,43,50,20304,0.027923735897425028,86.67495541861136,59.783802472437685,-1.2437693516967931
dem,50,3,44,50,20304,-0.0802957543071825,91.37234948343465,61.0605254112268,-10.047990724210981
sentinel1_c,50,3,44,50,20304,-0.04651146502089487,89.93224871002394,60.52328375011817,-7.909072837591954
palsar_l,50,3,44,50,20304,-0.058603513614210456,90.45032321895027,60.152663213807486,-12.78616108016862
sentinel1_c_palsar_l,50,3,44,50,20304,-0.03153063391806721,89.28623755386263,59.39847399678029,-11.04720570135439
sentinel1_sentinel2,50,3,44,50,20304,-0.04884151429853434,90.0323097553997,59.617805012211896,-12.069661038929908
palsar_sentinel2,50,3,44,50,20304,-0.05277650764452124,90.20104109727774,59.684828390479154,-13.95501246673938
sentinel1_palsar_sentinel2,50,3,44,50,20304,-0.04205678357701359,89.74063745126544,59.35791539804249,-13.241943435408762
alphaearth,50,3,44,50,20304,0.07463210153381816,84.56695092459096,55.08050994823108,-6.340616274517886
dem,100,3,42,100,20304,-0.1268042350691827,93.31848786557151,66.48171112362517,-1.1330364975796186
sentinel1_c,100,3,42,100,20304,-0.12102844153863823,93.0790137996333,66.48708950162921,-3.4229923589470377
palsar_l,100,3,42,100,20304,-0.19852110211273222,96.24236799198218,68.33181205806338,0.27944577464629544
sentinel1_c_palsar_l,100,3,42,100,20304,-0.11105080911633802,92.66386647859002,65.81499808283064,-3.669430915945842
sentinel1_sentinel2,100,3,42,100,20304,-0.040997214412432204,89.69500145659242,60.9840132553536,-9.613916936156535
palsar_sentinel2,100,3,42,100,20304,-0.043420023951108,89.79931855048635,61.44660283401524,-8.587729381180104
sentinel1_palsar_sentinel2,100,3,42,100,20304,-0.025888639845579986,89.04172560254383,60.853385699061555,-7.3784967703543405
alphaearth,100,3,42,100,20304,0.046165672256956336,85.85783473143833,58.905664913005886,0.5862287241243637
dem,100,3,43,100,20304,-0.03960313842159979,89.63492274674113,61.355086403807945,-8.43690819852932
sentinel1_c,100,3,43,100,20304,-0.07138963527138831,90.99492636399948,62.024538814471974,-9.816237328030946
palsar_l,100,3,43,100,20304,-0.07382054476018096,91.09809849328333,63.33914815861334,-4.433251708336411
sentinel1_c_palsar_l,100,3,43,100,20304,-0.05291955001367876,90.20716876648486,61.93974948373871,-5.210284537775892
sentinel1_sentinel2,100,3,43,100,20304,-0.011087006077380002,88.39703986507224,59.293479949430896,-7.212842523853485
palsar_sentinel2,100,3,43,100,20304,0.0004950576574342946,87.88928482599376,59.58966227928992,-3.6880187384616625
sentinel1_palsar_sentinel2,100,3,43,100,20304,-0.0015633957426299805,87.97974107959118,59.41828135898686,-4.908109406432017
alphaearth,100,3,43,100,20304,0.07920162618515758,84.35789407059555,55.436966984271024,-7.405330350672413
dem,100,3,44,100,20304,-0.09807551463080566,92.1211946454724,61.80626159271974,-12.795028568008393
sentinel1_c,100,3,44,100,20304,-0.07430049426456842,91.11845459609344,61.044327642931194,-12.335051020774655
palsar_l,100,3,44,100,20304,-0.10517942072206488,92.41869936525872,62.10734012339837,-13.945046504985855
sentinel1_c_palsar_l,100,3,44,100,20304,-0.08083318984658061,91.39507503879007,61.436524058192745,-11.300140139333424
sentinel1_sentinel2,100,3,44,100,20304,-0.11519537165632543,92.83653801429186,62.96086074416239,-9.41528420251923
palsar_sentinel2,100,3,44,100,20304,-0.07757377182226932,91.25716306319218,61.317465111588184,-8.950883455355783
sentinel1_palsar_sentinel2,100,3,44,100,20304,-0.07886460464211864,91.31180548659108,61.55216266415571,-8.650149075707747
alphaearth,100,3,44,100,20304,0.05321711122362449,85.53988414617157,55.531615643215304,-10.428234504036713
dem,250,3,42,250,20304,-0.07265226234348776,91.04852909801066,63.31203009885353,0.6507477391705215
sentinel1_c,250,3,42,250,20304,-0.07737603719308117,91.24878984103007,62.77211516648674,-2.6792989717627376
palsar_l,250,3,42,250,20304,-0.06803496076072912,90.85235559573512,62.91340801404618,-2.267781561401986
sentinel1_c_palsar_l,250,3,42,250,20304,-0.050630411309662504,90.10905629481948,61.91547470440891,-2.1349215399476575
sentinel1_sentinel2,250,3,42,250,20304,-0.034159206327858405,89.39992589667214,60.627399051511084,-2.3184290534770176
palsar_sentinel2,250,3,42,250,20304,-0.04141114416122482,89.71283231094685,60.58793021107473,-4.937318437994733
sentinel1_palsar_sentinel2,250,3,42,250,20304,-0.018957334612892174,88.74041542090943,60.11869245180986,-2.8183029553184125
alphaearth,250,3,42,250,20304,0.04918416256707148,85.72187485138959,57.25122338053736,0.23248038053885112
dem,250,3,43,250,20304,-0.031005228959293696,89.26349590884222,61.407760669333854,-3.943307249483144
sentinel1_c,250,3,43,250,20304,-0.03356683647712155,89.37431794085057,61.634130114198705,-3.9355384393589765
palsar_l,250,3,43,250,20304,-0.06340390002552931,90.65517110511774,62.71293416858404,-4.454097443710109
sentinel1_c_palsar_l,250,3,43,250,20304,-0.039936391422603634,89.64928818698701,61.490042035945564,-4.435851486147281
sentinel1_sentinel2,250,3,43,250,20304,0.003712606907265048,87.74770670999331,59.043413175906714,-6.276554063457155
palsar_sentinel2,250,3,43,250,20304,0.0017656720965327777,87.83340270715007,59.074970634085254,-5.226307108224739
sentinel1_palsar_sentinel2,250,3,43,250,20304,0.0036719496096436766,87.749497131239,58.815216186926044,-6.174883157920456
alphaearth,250,3,43,250,20304,0.08843117479534668,83.93405201809142,55.044526386455,-3.8135461732583438
dem,250,3,44,250,20304,-0.027879341376566558,89.12807493247112,60.28519045045874,-8.621878684871898
sentinel1_c,250,3,44,250,20304,-0.0232170457434695,88.92570988007546,60.21437329986864,-8.618527693471384
palsar_l,250,3,44,250,20304,-0.05190250170087429,90.16359126126919,60.85885994233585,-12.659655462332495
sentinel1_c_palsar_l,250,3,44,250,20304,-0.025757870877833877,89.03605039318212,59.72738815054583,-10.669205876660246
sentinel1_sentinel2,250,3,44,250,20304,-0.003600718439051187,88.06917728760516,58.63219065206116,-9.85190998877479
palsar_sentinel2,250,3,44,250,20304,-0.014186560850556473,88.5324296988163,58.817134200926674,-11.248035066412445
sentinel1_palsar_sentinel2,250,3,44,250,20304,-0.006446791582662037,88.1939648968817,58.59242877465557,-10.343387830143781
alphaearth,250,3,44,250,20304,0.11286389723416879,82.80157244809669,53.32108350427637,-8.62087118995892
dem,500,3,42,500,20304,-0.05403288277749896,90.25484765244403,62.643738200802076,0.11483216375978308
sentinel1_c,500,3,42,500,20304,-0.04251090146788705,89.76018935606368,61.72798858694882,-2.7479474945250453
palsar_l,500,3,42,500,20304,-0.052322826496777886,90.18160348574786,62.10250544989746,-1.4106788998711626
sentinel1_c_palsar_l,500,3,42,500,20304,-0.016947478439026664,88.65285360526455,60.693270399968114,-2.378149594158976
sentinel1_sentinel2,500,3,42,500,20304,-0.023876404193977185,88.95435701592808,61.3524486536254,1.9611986735667135
palsar_sentinel2,500,3,42,500,20304,-0.008376676383818449,88.2784813757233,61.03084164977945,0.751401226346718
sentinel1_palsar_sentinel2,500,3,42,500,20304,0.0035752064416428864,87.75375725333221,60.328926732030425,0.9549858918115824
alphaearth,500,3,42,500,20304,0.04240179244982645,86.02706768330786,57.91369160022617,-0.840507667565984
dem,500,3,43,500,20304,-0.005082401205615428,88.13416451429099,60.70621798206016,-0.20392835416319777
sentinel1_c,500,3,43,500,20304,-0.0006204396527269562,87.93831555984168,60.16665130341026,-1.4868460580944112
palsar_l,500,3,43,500,20304,-0.013577813494201285,88.50585570629386,61.03976207901853,-1.5344949710726403
sentinel1_c_palsar_l,500,3,43,500,20304,0.004037940407681906,87.73337871605604,59.73855519441909,-3.0581180566541404
sentinel1_sentinel2,500,3,43,500,20304,0.04151844819262973,86.06673672139328,57.90989025195021,-2.4550761891304123
palsar_sentinel2,500,3,43,500,20304,0.029039989111235842,86.62517589391013,58.701231223559205,-2.4594286002814387
sentinel1_palsar_sentinel2,500,3,43,500,20304,0.043069273876201186,85.99708043024958,57.666050223936026,-3.8205760905637756
alphaearth,500,3,43,500,20304,0.10630861779020839,83.10693057312416,55.326554498778805,0.024083483649387658
dem,500,3,44,500,20304,-0.004397789617861969,88.10414312078208,59.365833307338974,-7.946017708939049
sentinel1_c,500,3,44,500,20304,-0.0017325985963885238,87.98717235885746,59.13848521182503,-7.76207622332779
palsar_l,500,3,44,500,20304,-0.005818452689560161,88.16643023203598,59.116431731855144,-9.235301620514054
sentinel1_c_palsar_l,500,3,44,500,20304,0.000344929976314301,87.89588515308569,58.73032462906533,-8.303955667632348
sentinel1_sentinel2,500,3,44,500,20304,0.020687035800327713,86.99698652910168,57.480967227378905,-6.636408443652929
palsar_sentinel2,500,3,44,500,20304,0.016832988310732433,87.1680050373093,57.83021309820991,-6.903453888330461
sentinel1_palsar_sentinel2,500,3,44,500,20304,0.023184878004742338,86.88596814463892,57.512443875281626,-7.016316507338946
alphaearth,500,3,44,500,20304,0.12266444277777155,82.34293127236378,53.161812552865975,-5.224782370736868
dem,1000,3,42,1000,20304,-0.012851869071979882,88.47415520935675,60.603838948120746,-1.5655432856289901
sentinel1_c,1000,3,42,1000,20304,0.011576777646996717,87.4007033742303,59.37736759816463,-3.033285150743284
palsar_l,1000,3,42,1000,20304,0.01069258416109764,87.43978676283493,59.555201469869225,-2.4280939428649218
sentinel1_c_palsar_l,1000,3,42,1000,20304,0.029131811676100683,86.62107977573547,58.67181361006686,-2.724302032833248
sentinel1_sentinel2,1000,3,42,1000,20304,0.04691557219376641,85.82407758793063,57.843116991024196,-1.6381249086867966
palsar_sentinel2,1000,3,42,1000,20304,0.04637650475316857,85.8483453361204,57.98828942579214,-2.216862340412209
sentinel1_palsar_sentinel2,1000,3,42,1000,20304,0.05783377614769403,85.33107620583344,57.47880485265713,-2.1480940047387422
alphaearth,1000,3,42,1000,20304,0.10533969478153771,83.15196983664197,54.83044222284036,-0.44437298269086956
dem,1000,3,43,1000,20304,-0.021054248243299822,88.83167800112214,61.33777992792333,1.582473272372613
sentinel1_c,1000,3,43,1000,20304,-0.010045126504909296,88.35148354411987,60.71309668040374,1.5521420522793585
palsar_l,1000,3,43,1000,20304,-0.027011618805799387,89.09044659998224,61.204977508780395,0.548487705786991
sentinel1_c_palsar_l,1000,3,43,1000,20304,-0.008412798972441404,88.28006254017507,60.495314635361396,0.4814847817643275
sentinel1_sentinel2,1000,3,43,1000,20304,0.04747402830860514,85.7989297612856,57.699757064265604,-0.5426332058063301
palsar_sentinel2,1000,3,43,1000,20304,0.030296991394554884,86.56908537162067,58.42290106389622,-0.7375367504476038
sentinel1_palsar_sentinel2,1000,3,43,1000,20304,0.04218711649499851,86.03670998830741,57.95158259624332,-0.7736429816714924
alphaearth,1000,3,43,1000,20304,0.12737241953529455,82.12169888163722,54.243883057880886,1.199363804412805
dem,1000,3,44,1000,20304,0.012079093500209859,87.37849206982752,59.731116535596556,-3.471250420991067
sentinel1_c,1000,3,44,1000,20304,0.018185981367027204,87.10800591848547,59.278138985319615,-3.7821929781140393
palsar_l,1000,3,44,1000,20304,0.021028105944969733,86.98183577555119,58.966189528700625,-3.535819443159947
sentinel1_c_palsar_l,1000,3,44,1000,20304,0.034048320536674725,86.40147538452766,58.35351344312941,-3.5137644350848425
sentinel1_sentinel2,1000,3,44,1000,20304,0.05762562216523526,85.34050183687016,57.01574403077329,-2.8476182648279185
palsar_sentinel2,1000,3,44,1000,20304,0.0566802303845092,85.38329798371217,57.385276839822104,-2.064447097355507
sentinel1_palsar_sentinel2,1000,3,44,1000,20304,0.0666882880237859,84.92915741150017,56.69571802198916,-2.6948802651186963
alphaearth,1000,3,44,1000,20304,0.1316851320861273,81.91851600801145,53.88336861284898,-2.63751395334545
dem,2500,3,42,2500,20304,0.022037133141722287,86.93699809149338,59.68937449093095,-2.008549520064785
sentinel1_c,2500,3,42,2500,20304,0.04369927046896671,85.96876762445628,58.685802318117375,-2.065307578239255
palsar_l,2500,3,42,2500,20304,0.03774002234562768,86.23621151354435,58.86655988321342,-2.393153254528356
sentinel1_c_palsar_l,2500,3,42,2500,20304,0.05523229472362079,85.44880181469972,58.05567419987526,-2.004514631428461
sentinel1_sentinel2,2500,3,42,2500,20304,0.08352410596724413,84.1596616269907,56.3358772511432,-2.9418318170548936
palsar_sentinel2,2500,3,42,2500,20304,0.07547028508983933,84.52864254684808,56.69222403327491,-3.261774336487627
sentinel1_palsar_sentinel2,2500,3,42,2500,20304,0.084335873747998,84.12238119382694,56.37262719459302,-3.021638409643341
alphaearth,2500,3,42,2500,20304,0.15142275935313754,80.98212103015122,52.920768273123485,-2.0135079880444384
dem,2500,3,43,2500,20304,0.00798638713893629,87.5592984970328,60.7673668730174,3.8177896255775794
sentinel1_c,2500,3,43,2500,20304,0.02414862283705943,86.8430958728151,59.98557728866799,3.8267683268072155
palsar_l,2500,3,43,2500,20304,0.02146881311986193,86.96225511419664,60.159701772037494,3.437358663682365
sentinel1_c_palsar_l,2500,3,43,2500,20304,0.03852010530005867,86.20124952842178,59.200182410986365,3.0840716228620293
sentinel1_sentinel2,2500,3,43,2500,20304,0.07476143737759533,84.56104088590531,56.928220762068946,0.8349660966704131
palsar_sentinel2,2500,3,43,2500,20304,0.06840471164370199,84.85102622880412,57.41680561340919,1.436287384446505
sentinel1_palsar_sentinel2,2500,3,43,2500,20304,0.07630923229155195,84.490281874429,56.96576395924957,1.221146634153878
alphaearth,2500,3,43,2500,20304,0.15226054806576694,80.94213488759462,53.13384448049916,2.7129158858691556
dem,2500,3,44,2500,20304,0.021996533710417765,86.93880263651756,59.47628213818282,-2.959248419761502
sentinel1_c,2500,3,44,2500,20304,0.03725296048593252,86.25803360780449,58.66454324727376,-2.9606183156138934
palsar_l,2500,3,44,2500,20304,0.034854879833930874,86.36539569856012,58.638882530914856,-2.8872623522409726
sentinel1_c_palsar_l,2500,3,44,2500,20304,0.04891296010580137,85.73409926173399,57.96124809598759,-2.815571207391296
sentinel1_sentinel2,2500,3,44,2500,20304,0.07823594746190221,84.40211725704923,56.00193220174315,-3.846232537530965
palsar_sentinel2,2500,3,44,2500,20304,0.07211568628657727,84.68185716205778,56.46767494146401,-3.4577145446267767
sentinel1_palsar_sentinel2,2500,3,44,2500,20304,0.0802382104242454,84.3103979575937,56.007038547517425,-3.5192449774763124
alphaearth,2500,3,44,2500,20304,0.16254455311302385,80.44967859109103,52.18271385581009,-2.739361502260965
dem,25,4,42,25,19659,-0.05701421088361136,85.76234725214985,58.467437190254145,-20.729240684838842
sentinel1_c,25,4,42,25,19659,-0.12054573397682833,88.30210140908507,59.896817498275766,-24.90125797950849
palsar_l,25,4,42,25,19659,-0.14645128082173642,89.31698359006101,61.656024508889516,-24.999129484847618
sentinel1_c_palsar_l,25,4,42,25,19659,-0.11738937522291493,88.17764881007643,60.190397835109565,-23.29407572305137
sentinel1_sentinel2,25,4,42,25,19659,-0.08428991386666862,86.86182598309556,58.74195428931067,-22.804902741431736
palsar_sentinel2,25,4,42,25,19659,-0.11202831329081175,87.96586309440181,59.79228165708332,-26.45447218614293
sentinel1_palsar_sentinel2,25,4,42,25,19659,-0.08558609544414075,86.91372864749992,58.66656646796994,-23.741204054459736
alphaearth,25,4,42,25,19659,-0.01744730445519549,84.1418794566447,55.45143549019089,-21.603749893444693
dem,25,4,43,25,19659,-0.037358465433144916,84.96120697351365,57.79680375324406,-12.486123141891875
sentinel1_c,25,4,43,25,19659,-0.10610591840230477,87.73130788422922,61.20560421169886,-9.372957290025452
palsar_l,25,4,43,25,19659,-0.14674088228634252,89.3282639193684,63.28787150490568,-2.1529389151182947
sentinel1_c_palsar_l,25,4,43,25,19659,-0.2180937914915153,92.06543522768337,66.06147159792052,-0.2992923110837755
sentinel1_sentinel2,25,4,43,25,19659,-0.12721318469885312,88.56441855315506,62.011086341625585,-11.557677563239562
palsar_sentinel2,25,4,43,25,19659,-0.09594775898073338,87.32752911778279,60.10648240221534,-11.364890850601808
sentinel1_palsar_sentinel2,25,4,43,25,19659,-0.11813124309696987,88.20691582835278,61.49324859283555,-6.3437399466317625
alphaearth,25,4,43,25,19659,-0.06798985041550543,86.20645939648247,59.93855276534445,-7.4087013721836525
dem,25,4,44,25,19659,-0.130383498774864,88.68887587884012,65.27527965332631,16.092994782339314
sentinel1_c,25,4,44,25,19659,-0.16891749597590477,90.18787937113775,66.6167365109929,16.11292218027738
palsar_l,25,4,44,25,19659,-0.3539494974354991,97.06384217789645,71.02567620321521,10.53856411844136
sentinel1_c_palsar_l,25,4,44,25,19659,-0.3339847239968883,96.34555302049864,70.48651902954472,7.319630468293064
sentinel1_sentinel2,25,4,44,25,19659,-0.27150895054580904,94.06237856088856,68.37173357489881,13.027045519837982
palsar_sentinel2,25,4,44,25,19659,-0.2267738173380176,92.39287790088775,66.4964279497451,9.236049991320595
sentinel1_palsar_sentinel2,25,4,44,25,19659,-0.2387879590721178,92.84419038158816,66.98054237664627,7.192377930403827
alphaearth,25,4,44,25,19659,-0.06725037498864928,86.17660958243776,61.056905158759626,4.3669292629386085
dem,50,4,42,50,19659,-0.05787178706691054,85.79713052849532,58.68505162708263,-16.535618082532572
sentinel1_c,50,4,42,50,19659,-0.058597738032142965,85.82656407075474,58.20087218612684,-12.4731034569068
palsar_l,50,4,42,50,19659,-0.06845794433944552,86.22534922919415,58.97363708059007,-17.613488039196586
sentinel1_c_palsar_l,50,4,42,50,19659,-0.04142034512824333,85.12738146973798,57.35201172883863,-14.404561976052122
sentinel1_sentinel2,50,4,42,50,19659,-0.041692851446554435,85.13851829460029,57.34579148120863,-13.010558545565248
palsar_sentinel2,50,4,42,50,19659,-0.08529940190289498,86.90225132197983,59.02899560298985,-18.105470614237724
sentinel1_palsar_sentinel2,50,4,42,50,19659,-0.04972075129981546,85.46595248770828,57.66779035018274,-14.082778807413273
alphaearth,50,4,42,50,19659,0.029552236766295148,82.175494738614,53.68346898846902,-18.169813924409084
dem,50,4,43,50,19659,-0.03868873868082923,85.0156652027252,58.42290105387414,-5.129446137226802
sentinel1_c,50,4,43,50,19659,-0.1135797167399939,88.02720279998879,62.0303666371701,-0.15181292511092204
palsar_l,50,4,43,50,19659,-0.15598161014159073,89.68745661859234,64.13550010359535,3.1958042901683164
sentinel1_c_palsar_l,50,4,43,50,19659,-0.17553001555508008,90.4426142383509,64.86476846022646,4.941357880568447
sentinel1_sentinel2,50,4,43,50,19659,-0.0696956396687134,86.27527624050002,59.43066011453386,-5.30937256109466
palsar_sentinel2,50,4,43,50,19659,-0.08548500228968559,86.9096817148823,60.59809468374063,-0.283470479671024
sentinel1_palsar_sentinel2,50,4,43,50,19659,-0.09320912985099983,87.21835087183875,60.797932958724274,-0.5131358448508466
alphaearth,50,4,43,50,19659,0.03321207548776606,82.02039460966715,56.1129115506259,-0.48255999532834093
dem,50,4,44,50,19659,-0.14800727415354764,89.37757469825351,64.73461701048933,10.571123377884074
sentinel1_c,50,4,44,50,19659,-0.2771075886198644,94.2692362432885,69.4412252454568,12.765058253396417
palsar_l,50,4,44,50,19659,-0.35033263065098175,96.93410995509487,71.60439789541071,15.690093539336422
sentinel1_c_palsar_l,50,4,44,50,19659,-0.2673925799020078,93.9099968188096,68.95707523126329,13.88796461533534
sentinel1_sentinel2,50,4,44,50,19659,-0.22212419479416878,92.217621538769,66.0190084801859,3.2507538211976357
palsar_sentinel2,50,4,44,50,19659,-0.22918784693896144,92.48373797772484,66.48206410010128,7.8123999592627795
sentinel1_palsar_sentinel2,50,4,44,50,19659,-0.24057674941770735,92.91119897641617,66.84358738585709,5.883324183681638
alphaearth,50,4,44,50,19659,-0.12057150905730363,88.30311697704131,63.26146871812836,9.03390937260139
dem,100,4,42,100,19659,-0.07791656664634061,86.60616720037423,59.97826332684096,-4.856250018750097
sentinel1_c,100,4,42,100,19659,-0.04626440054830194,85.32513224028347,59.01439842372461,-0.4066267934437441
palsar_l,100,4,42,100,19659,-0.07697125403086424,86.56818287838043,60.125349529773366,-5.134604714073768
sentinel1_c_palsar_l,100,4,42,100,19659,-0.031684037631814155,84.72851627422176,58.08756850198521,-4.292089102830274
sentinel1_sentinel2,100,4,42,100,19659,-0.022906964105051664,84.36733162477654,57.54200402278804,-0.2694082100925939
palsar_sentinel2,100,4,42,100,19659,-0.02293974753376049,84.36868356993783,57.42250637988136,-2.120498607178607
sentinel1_palsar_sentinel2,100,4,42,100,19659,-0.008021611440476528,83.75122487388899,56.97086880033205,-1.2308771388838977
alphaearth,100,4,42,100,19659,0.07421102229918408,80.26241974465414,52.80170026736267,-5.462012294753651
dem,100,4,43,100,19659,-0.0264921724745788,84.51505272758376,57.48025827169763,-3.8260026430118876
sentinel1_c,100,4,43,100,19659,-0.0666887841392676,86.1539333835264,59.7465034144887,0.10186090709907726
palsar_l,100,4,43,100,19659,-0.09255999555754046,87.19245242841389,60.83294169142433,-1.8823599239697322
sentinel1_c_palsar_l,100,4,43,100,19659,-0.09209019790038697,87.17370416083202,60.92528073697736,0.7619727641439005
sentinel1_sentinel2,100,4,43,100,19659,-0.0432964490135479,85.204024848537,58.03626096914589,-3.9490393652782627
palsar_sentinel2,100,4,43,100,19659,-0.04840432458688215,85.41234539328022,58.29662097443441,-5.9848913401691775
sentinel1_palsar_sentinel2,100,4,43,100,19659,-0.04725486779342858,85.36551006299284,58.142303842843,-6.35617817178002
alphaearth,100,4,43,100,19659,0.047375030926609996,81.41739936320369,54.683600737902275,-3.5960912103328253
dem,100,4,44,100,19659,-0.13625934919517602,88.91908408310181,62.66741428944763,6.039778201391041
sentinel1_c,100,4,44,100,19659,-0.18405551978998114,90.76998822602474,65.35672845142662,6.742153900659455
palsar_l,100,4,44,100,19659,-0.33296321837629517,96.30865740606372,70.4820933127919,11.713370053736812
sentinel1_c_palsar_l,100,4,44,100,19659,-0.2648389727886564,93.81534179379733,68.80412209021209,15.411906542055268
sentinel1_sentinel2,100,4,44,100,19659,-0.23452121055197717,92.6841611749428,65.35726406927878,6.9025186104081175
palsar_sentinel2,100,4,44,100,19659,-0.2709468305253293,94.04158429466531,66.51700188540548,8.007311529515633
sentinel1_palsar_sentinel2,100,4,44,100,19659,-0.27629059340362105,94.23907831566038,67.10998067716118,11.140858382121483
alphaearth,100,4,44,100,19659,-0.05096417422937449,85.51655588555798,58.66509703786392,2.172689765590132
dem,250,4,42,250,19659,-0.02490650046630516,84.44975025809505,58.41381437952488,3.2267920992473176
sentinel1_c,250,4,42,250,19659,-0.032442710164663824,84.7596640783855,58.8357561494741,3.8937596069376657
palsar_l,250,4,42,250,19659,-0.03768711113541001,84.97466419457447,58.77482662529618,1.0952373020154427
sentinel1_c_palsar_l,250,4,42,250,19659,-0.007754800418576124,83.7401401766474,57.7639897560072,3.493067753191213
sentinel1_sentinel2,250,4,42,250,19659,-0.022100984352504183,84.3340872715604,58.293062539241156,5.991882962314931
palsar_sentinel2,250,4,42,250,19659,-0.029061513305690845,84.62075848426035,58.70462231731161,5.362785621479213
sentinel1_palsar_sentinel2,250,4,42,250,19659,-0.02034752764177128,84.26171690409002,58.42858337514574,5.885147244755329
alphaearth,250,4,42,250,19659,0.047570319288538054,81.40905364163265,55.105539692955816,2.721139798479813
dem,250,4,43,250,19659,-0.030476066192630658,84.67889856125113,57.986855269526586,-5.800153160711965
sentinel1_c,250,4,43,250,19659,-0.03338824535761775,84.79846763797912,57.92601913859743,-5.993641232118107
palsar_l,250,4,43,250,19659,-0.07452127331885317,86.46966068710464,59.632083095948616,-5.192815838876951
sentinel1_c_palsar_l,250,4,43,250,19659,-0.0383838503872731,85.00318688149648,58.27243431536816,-5.44280722152611
sentinel1_sentinel2,250,4,43,250,19659,0.015208932184259338,82.78054782878229,55.98026983528471,-3.727389596005141
palsar_sentinel2,250,4,43,250,19659,-0.022150840661280036,84.33614408154683,57.33352666931253,-3.314533693394887
sentinel1_palsar_sentinel2,250,4,43,250,19659,-0.0010294593035773403,83.46024879557646,56.60390272938435,-3.8216984273731933
alphaearth,250,4,43,250,19659,0.08225788391169153,79.91284215686555,53.05430942642794,-4.558096067253558
dem,250,4,44,250,19659,-0.060657526362049685,85.91002289403413,59.14556844909319,-1.7309085850077313
sentinel1_c,250,4,44,250,19659,-0.06058015577070708,85.90688944599414,59.29021075995117,-2.0430548693916153
palsar_l,250,4,44,250,19659,-0.11290881441743905,88.00068177425176,61.62846415581069,1.4828715959013843
sentinel1_c_palsar_l,250,4,44,250,19659,-0.06438504044285254,86.06084912924679,59.756641681436356,0.06446585233344483
sentinel1_sentinel2,250,4,44,250,19659,-0.03260817708161312,84.76645591209657,58.08746188034233,-0.8251218625655533
palsar_sentinel2,250,4,44,250,19659,-0.057703505846029346,85.79030615701686,59.09886689540815,0.10315249511533695
sentinel1_palsar_sentinel2,250,4,44,250,19659,-0.04751317773035635,85.37603729978933,58.98039505165641,1.53724950427672
alphaearth,250,4,44,250,19659,0.055870847909549104,81.05353295218563,53.86557034490237,-3.159654582591036
dem,500,4,42,500,19659,-0.012710383597429376,83.9457816273727,57.4445850686073,-0.12618536528392568
sentinel1_c,500,4,42,500,19659,-0.003947202492325275,83.58179286304917,57.11118808342646,0.5762327553429899
palsar_l,500,4,42,500,19659,-0.004382620444568719,83.59991586189369,57.012833856434085,-0.2569269582313692
sentinel1_c_palsar_l,500,4,42,500,19659,0.009431338325456728,83.02302207833036,56.489215137796414,0.17834191993528878
sentinel1_sentinel2,500,4,42,500,19659,0.018518321107445557,82.64133882333024,56.53251707822149,2.743582760485991
palsar_sentinel2,500,4,42,500,19659,0.02063096454831681,82.55234799459042,56.391002392929146,2.2711382144931243
sentinel1_palsar_sentinel2,500,4,42,500,19659,0.02991571541577409,82.16010398995869,55.96889951249751,2.224366824132298
alphaearth,500,4,42,500,19659,0.079620755347103,80.027574422984,53.89496352160741,3.797523615670551
dem,500,4,43,500,19659,-0.007891447761556813,83.74581739087463,57.602970118206464,-3.0477048624319796
sentinel1_c,500,4,43,500,19659,-0.002660161173344777,83.52820054291145,57.14540652844291,-4.2392515806690545
palsar_l,500,4,43,500,19659,-0.025718473418308463,84.48319591249707,58.16581006505104,-2.7814277787042734
sentinel1_c_palsar_l,500,4,43,500,19659,0.010903027431914847,82.9613254499643,56.5207772359402,-3.882550186604384
sentinel1_sentinel2,500,4,43,500,19659,0.01973601193415908,82.5900577682262,55.9741183893646,-2.9513837583183604
palsar_sentinel2,500,4,43,500,19659,0.012970900957269715,82.87455777575559,56.0972735274226,-2.7591903914094353
sentinel1_palsar_sentinel2,500,4,43,500,19659,0.027504332050243163,82.26215519586728,55.66003112408342,-2.5818302462348837
alphaearth,500,4,43,500,19659,0.10497756742833197,78.91747947637845,52.15523335998941,-2.2758230789401157
dem,500,4,44,500,19659,-0.02254775786958918,84.35251701619724,57.07994266989582,-6.359633049033433
sentinel1_c,500,4,44,500,19659,-0.003489110863001077,83.56272189586932,56.49917499861554,-5.398145510140301
palsar_l,500,4,44,500,19659,-0.014995047687048624,84.04041868739534,57.14544974619768,-4.421066576327094
sentinel1_c_palsar_l,500,4,44,500,19659,0.0022022765474511985,83.32541783690273,56.489045562567455,-4.4020278965889545
sentinel1_sentinel2,500,4,44,500,19659,0.0227196726379576,82.46427098607465,55.202942858312696,-4.3196747231001345
palsar_sentinel2,500,4,44,500,19659,0.006334826240056213,83.15268557643971,55.938121954457536,-2.8836125401595156
sentinel1_palsar_sentinel2,500,4,44,500,19659,0.020382434663074767,82.56282179118178,55.37465662941823,-3.373926925009797
alphaearth,500,4,44,500,19659,0.0867286847298584,79.71795593860087,52.811921207360044,-2.396980398813522
dem,1000,4,42,1000,19659,-0.0027796105701030083,83.53317585579077,57.375778482988984,1.2837307206204531
sentinel1_c,1000,4,42,1000,19659,0.009693693008910875,83.01202691871605,56.94939000748866,1.5641400329114332
palsar_l,1000,4,42,1000,19659,-0.000161018211995545,83.42403805484689,57.15073182194154,1.0672791486863054
sentinel1_c_palsar_l,1000,4,42,1000,19659,0.017062423552549832,82.70260982822403,56.36781578580432,1.178593821863334
sentinel1_sentinel2,1000,4,42,1000,19659,0.04004700662472538,81.72994926883494,55.7546215749867,3.552022175150542
palsar_sentinel2,1000,4,42,1000,19659,0.03573833630220247,81.91316300295614,55.87044851136328,3.340534172078545
sentinel1_palsar_sentinel2,1000,4,42,1000,19659,0.044175549536765724,81.55400878771762,55.60059064926864,3.7185166925244375
alphaearth,1000,4,42,1000,19659,0.09750706351528682,79.24614623140616,53.495724496273056,3.501738507832851
dem,1000,4,43,1000,19659,-0.000605422922965948,83.44257002992568,57.786320641607404,-1.789958895417094
sentinel1_c,1000,4,43,1000,19659,0.014146288390891493,82.8251981718486,57.05719288663852,-2.903098157481393
palsar_l,1000,4,43,1000,19659,-0.008576047359703187,83.77425429286744,57.60208058390545,-1.798813108828792
sentinel1_c_palsar_l,1000,4,43,1000,19659,0.022931624463906286,82.45532810648173,56.46698098954905,-2.408205116651408
sentinel1_sentinel2,1000,4,43,1000,19659,0.04707274122000271,81.43031614074762,55.55837833615755,-1.4170605377158492
palsar_sentinel2,1000,4,43,1000,19659,0.04309326910465516,81.60016754445141,55.71508656681172,-1.2080387536898687
sentinel1_palsar_sentinel2,1000,4,43,1000,19659,0.054464439437029166,81.11388060392747,55.20621972955475,-1.572695029355588
alphaearth,1000,4,43,1000,19659,0.1266145843903118,77.95773517086599,52.24760225076749,-1.3323609682173976
dem,1000,4,44,1000,19659,-0.0012227240443707377,83.46830507441041,56.867815302030955,-1.4143412368630075
sentinel1_c,1000,4,44,1000,19659,0.017930144158475048,82.66609753834803,56.07835746184593,-1.6925355623834877
palsar_l,1000,4,44,1000,19659,-0.002864641164242343,83.53671737425255,57.067355342721235,-0.6641656545379538
sentinel1_c_palsar_l,1000,4,44,1000,19659,0.025298079277020658,82.35541437204347,55.830637446033414,-1.165449278059028
sentinel1_sentinel2,1000,4,44,1000,19659,0.04346628628291049,81.58426148476677,55.034445650732856,-0.6580734119677081
palsar_sentinel2,1000,4,44,1000,19659,0.03276681871586651,82.03927979188464,55.33310842125348,-0.5850907986177638
sentinel1_palsar_sentinel2,1000,4,44,1000,19659,0.04606705623086049,81.47327411600246,54.83991043757026,-0.6710216469104077
alphaearth,1000,4,44,1000,19659,0.09777127039469702,79.2345456366839,52.77522068756037,0.4702344118617427
dem,2500,4,42,2500,19659,0.016137844135658885,82.74149691511923,56.770184640566384,0.866996651848725
sentinel1_c,2500,4,42,2500,19659,0.036021593488413606,81.90113089738003,55.937111304869454,1.051880619310616
palsar_l,2500,4,42,2500,19659,0.021946913978202143,82.49686776793298,56.23517096301922,1.260656185989691
sentinel1_c_palsar_l,2500,4,42,2500,19659,0.040823385181895766,81.696892329863,55.509870678207854,1.3369658231542139
sentinel1_sentinel2,2500,4,42,2500,19659,0.05878342307843465,80.92841402285794,54.858850520337484,2.6402834797961274
palsar_sentinel2,2500,4,42,2500,19659,0.053069403194886955,81.1736959620075,55.1149961299513,2.723168898222379
sentinel1_palsar_sentinel2,2500,4,42,2500,19659,0.05944786729687823,80.89984360053127,54.76548125522808,2.7161077195268652
alphaearth,2500,4,42,2500,19659,0.12257561298696973,78.13778504842142,52.141855400668625,3.3592480012938077
dem,2500,4,43,2500,19659,0.017524300488235722,82.68317679540576,56.901084419438305,-1.6711444700138958
sentinel1_c,2500,4,43,2500,19659,0.03538496725519258,81.9281708198338,55.77797351823789,-1.9541692408894284
palsar_l,2500,4,43,2500,19659,0.02674621424891399,82.29421305321091,56.158532847954795,-1.5821330595389367
sentinel1_c_palsar_l,2500,4,43,2500,19659,0.043163671513311686,81.59716570852184,55.31332483726701,-1.8070633444668276
sentinel1_sentinel2,2500,4,43,2500,19659,0.06906927623214298,80.48499614576811,54.27072694103615,-1.188414352281243
palsar_sentinel2,2500,4,43,2500,19659,0.061825682616704514,80.7975172039306,54.64939979540989,-0.938756963745172
sentinel1_palsar_sentinel2,2500,4,43,2500,19659,0.07101229567948453,80.40095895893711,54.163886071844516,-1.3288333802162162
alphaearth,2500,4,43,2500,19659,0.14168144647255232,77.28238137642894,50.88916669470192,-1.1323385497756473
dem,2500,4,44,2500,19659,0.009754295857661854,83.00948687517372,56.9357725183764,-0.06340115161245857
sentinel1_c,2500,4,44,2500,19659,0.03235233338886956,82.05685592359457,55.85306382450057,0.020340735302000187
palsar_l,2500,4,44,2500,19659,0.017885081992170426,82.66799407894656,56.32553514117003,-0.5545170761009081
sentinel1_c_palsar_l,2500,4,44,2500,19659,0.03596613939654236,81.90348659720215,55.57073375388396,-0.03234690995893049
sentinel1_sentinel2,2500,4,44,2500,19659,0.05220250120965264,81.21084416493483,54.86694274095092,0.7907457394221932
palsar_sentinel2,2500,4,44,2500,19659,0.045477093424073134,81.4984639222743,55.14615391307831,0.7250965092448279
sentinel1_palsar_sentinel2,2500,4,44,2500,19659,0.054950138940614957,81.09304477616371,54.736374226574355,0.8035132302090794
alphaearth,2500,4,44,2500,19659,0.12733652851778932,77.92550841080279,51.842395978730586,1.27521351192489
