file,expected_n,observed_n,sha256,status
source_conventional_y2019_c000.csv,500,500,86b14f05325425d579ec9b866e5b7e25252984bf020665975ae05fa95df2e6f4,PASS
source_conventional_y2019_c001.csv,500,500,c455df2e83d7bca38afb1c4778d044b5cc5778d307d27dcb513bfa3c278c2d67,PASS
source_conventional_y2019_c002.csv,500,500,c2367753788cef86f2ff30d8c90275c02fb25b18e190229fe0a29e2351fefa68,PASS
source_conventional_y2019_c003.csv,500,500,cf3c7e3a37ab5053713d8215ca160c7c32e5fb88a5fca569a8ab2d9454ff5ce2,PASS
source_conventional_y2019_c004.csv,500,500,b55ff2be0bcf410d75dbf9973a9c28102d326b1ed23ff95bf209a012319b80b0,PASS
source_conventional_y2019_c005.csv,500,500,ba0be2ce66717f14174f1bdc1f77de824a62fed5976154baf061975f56551e21,PASS
source_conventional_y2019_c006.csv,500,500,93ce00b1fb67a0027c9d1cd5505274ae9ff5bdc5fff3c2a2fdc4b44718e7088b,PASS
source_conventional_y2019_c007.csv,500,500,4ec02784de0cff33c335408128b4e529a5de9496052ea07ba02483cdd8335035,PASS
source_conventional_y2019_c008.csv,500,500,ddf13ad49539410b6d6343c553cd0030e3067cd8a478132ef5b211d752179db2,PASS
source_conventional_y2019_c009.csv,500,500,27f0ae9621726baea3c569104bb2d040456cb7d7795aef3b6e61db790ee3ce1b,PASS
source_conventional_y2019_c010.csv,500,500,05ca409c0ba65d5b18d7a75d24c2f07a53ea1c102c6dfcfe41ad97c4536db3a0,PASS
source_conventional_y2019_c011.csv,500,500,e56beb1a66b8bc6bfd748b4c01634065e3b389bc278bc4b6199649ae925d7b42,PASS
source_conventional_y2019_c012.csv,500,500,724a27b79eab0398217a1583a22578d0b11622ace384b1fb2df52f345f48d6c0,PASS
source_conventional_y2019_c013.csv,500,500,96a3c004199d5bcdff2f5d865900bf31c20320ebb65eb247ceb0ede2710c7adf,PASS
source_conventional_y2019_c014.csv,500,500,d8797ed00d6ea2357135ae05416d57abde460574eb9eef9fd515cffda09dd6c6,PASS
source_conventional_y2019_c015.csv,500,500,5d0f4cba33701c2fab99109ea1d7ce1c06b2d711ba70bcfb9b7e01372ac44e23,PASS
source_conventional_y2019_c016.csv,500,500,b966592e57c03fd892ec38035486815ed9dcf40bf8b6ccd623c806fa2f0fa178,PASS
source_conventional_y2019_c017.csv,500,500,77a442cc97291739b1db7a80345a56bd5377e149d77db923d12ce1e3b16d7f96,PASS
source_conventional_y2019_c018.csv,500,500,9254ab954454007833eb7a52e0e1f16d008535778b48474b43ef86bfa2a20940,PASS
source_conventional_y2019_c019.csv,500,500,178d9f5b2472c38874f7be64e9bf93c32acd8192067d0f13948599faf941cef7,PASS
source_conventional_y2019_c020.csv,500,500,9b37c95a85193e6a122401c74a7cf7a81181b13f2e3b8684185ca78f1c42af3c,PASS
source_conventional_y2019_c021.csv,500,500,8a7dfdd41655eb9ebc1f8f06ca9aa41d5c18b81e837d0f2605bb611ba0a711ea,PASS
source_conventional_y2019_c022.csv,500,500,2db05cc990d26a897d1dbf0c3dc6b54c35963feda77bba0d8283084b361b6e38,PASS
source_conventional_y2019_c023.csv,500,500,1865ba1cd4477cb302070814d8176b33238097316f4d2fc20f656fa3a696cbb0,PASS
source_conventional_y2019_c024.csv,500,500,7aff3fa8ae8a00a6d3211fa76cadd8bd08e9a7d518ed5b0a2bf733262f31df60,PASS
source_conventional_y2019_c025.csv,500,500,43ba36fac82fe734ba02bbe9b26e754102cfddc421ab60b43ae77773ce981c48,PASS
source_conventional_y2019_c026.csv,500,500,5af19d1b0923cac7bf05649b36cf128ebe00707b2398d99be1eacb745d317f00,PASS
source_conventional_y2019_c027.csv,500,500,78a78ebc14839413d20f9efb2adb774cf20e42d45f2935da6b0f80c4c47cead0,PASS
source_conventional_y2019_c028.csv,500,500,aaeed01124525b8a6d99471a7ebf3b0a9cc906b1622ecdd6efce430e6a8cdbff,PASS
source_conventional_y2019_c029.csv,500,500,ff23032562c95f20981c5edea22c347145d3455c91281be7643c2e086a26d9d8,PASS
source_conventional_y2019_c030.csv,500,500,be05ba7857106080326005f6bc79e2eb9368b00e2b2ed29aa32bcf4a003edd61,PASS
source_conventional_y2019_c031.csv,500,500,b4e8ad7b8a3e6e2eeea2b5006424fcfed7e6dbfd307d7294c83370cb22b1b6ac,PASS
source_conventional_y2019_c032.csv,500,500,17db8fb63fe5f383e7e9cf21771410f77a38ee5e49bf0b06b2abcadf32785575,PASS
source_conventional_y2019_c033.csv,500,500,bb82596ac320f79b57c4b49b6fc8e6ff0c7091fbd0e8e96373f6a4c567a74cdc,PASS
source_conventional_y2019_c034.csv,500,500,ce024e94261d1b5a5e1111a58b71fcef8733ff74a4902717986300cf3c768004,PASS
source_conventional_y2019_c035.csv,500,500,7bff6d9c3c0030fde590b78a8dce3b3d9b1167ce924af11a6de345c9d16bc238,PASS
source_conventional_y2019_c036.csv,500,500,3620e756983c044f034b536361098edb9098905f0b5e362b9ded27361efc0bcc,PASS
source_conventional_y2019_c037.csv,500,500,7e28c954359f8aa3d2e1905af42904f2c78e1cbfbe1730a48f8cfc8d70df9c4f,PASS
source_conventional_y2019_c038.csv,500,500,26d33135f6c6f035329c0dcf309b04faf95585f90de6eb44c5b9e07d57b5b5cc,PASS
source_conventional_y2019_c039.csv,500,500,c4a1bf57c2a7bc55d9f07a3eb0d098225889ac1d51340c9b52f01813dfac540f,PASS
source_conventional_y2019_c040.csv,500,500,ca23093d12db79beeb02de762c6f59b8826cba8b52ed883851f3746c8109f021,PASS
source_conventional_y2019_c041.csv,500,500,ae1bbb2cfe72ed3cd918f32ba660f47dafd45eae8a3809fc57561808627e8a7f,PASS
source_conventional_y2019_c042.csv,500,500,0f8d4b9d00c7a3726fdbf5e711d9d050b723d9e2d9d46f0b53ff5ce0e5c2affa,PASS
source_conventional_y2019_c043.csv,467,467,39854d12552f6facfc74b32989609381658e44a2ec48b6ce315efb813c3944d0,PASS
source_conventional_y2020_c000.csv,500,500,761eee935d62f20e1c954ba0b00e414513702650aa1edac366b1c6596425592b,PASS
source_conventional_y2020_c001.csv,500,500,aad6385342a56293efecbb2011493a899c9ec40a24274bde7a83603f13e08cd8,PASS
source_conventional_y2020_c002.csv,500,500,a591aebf708ef6506fe1666523eff6886d26414ad3d3fdb18132ff1f8bc8344e,PASS
source_conventional_y2020_c003.csv,500,500,cfa5321cbded62b07f903e8ef71710b84b3c7d559eab15c484c0c2f88e9dec8f,PASS
source_conventional_y2020_c004.csv,500,500,c39cc6670fe7252ae07b1d728a4922793f069f2dde46d06443daef5015167483,PASS
source_conventional_y2020_c005.csv,500,500,2b5d22edebe7bca354d1018e6a888045f2df00bc176e8d60661c30e4d0e268fa,PASS
source_conventional_y2020_c006.csv,500,500,2f959b51c26617c17ee8488f2e5910dc3e8a4a1d38b54e7a23eb4219540a0590,PASS
source_conventional_y2020_c007.csv,500,500,00248a976fc8c39c8567a4d780d982ca8dd049a5a0afa3bbed5149e127097233,PASS
source_conventional_y2020_c008.csv,500,500,f9c766c29b35b0108659830594a02b717fc43b209e6b05015b2ef8fa07ee0316,PASS
source_conventional_y2020_c009.csv,500,500,70f0399219975b3815a5802c736a1ff41442f2f66fa3eed54ae72e6b04082328,PASS
source_conventional_y2020_c010.csv,500,500,9a244ab11c7e03143124d8f51565d00d68d31d3cfacd1cdc3358cbd544d5394a,PASS
source_conventional_y2020_c011.csv,500,500,248494a283eaadad20ff67dae4f0dd42e6aa80a955e09de022b3da3353d86a92,PASS
source_conventional_y2020_c012.csv,500,500,1b92961ce52d42351d52812ceb3687491f6d6b531b2820e0d7e3a3c27faf9c82,PASS
source_conventional_y2020_c013.csv,500,500,d7a9ffae701d2b8a58774f7e14431d03634992c0adc161ff3eb982315d726467,PASS
source_conventional_y2020_c014.csv,500,500,17b3b5c4705f65cd8649b1ed9a6d18c2129edff94debc633f11c4b406ad93029,PASS
source_conventional_y2020_c015.csv,500,500,d348f9e7aea427cf23deb4c19724052f29d05548a442e2f8e43c276b38fbc421,PASS
source_conventional_y2020_c016.csv,500,500,70417a6c4c7e696bfcedee1b10fc822109112764a6c4646175ac40b7ab8c9e1b,PASS
source_conventional_y2020_c017.csv,500,500,9c4c087bd3abf6c06678f8e6192e805c39fcfe9bc6205e704ff3c583150011e2,PASS
source_conventional_y2020_c018.csv,500,500,ccf53618edb6112c76648f60f71b9135e1ebf42716b950bb6dee17a6eb2e3add,PASS
source_conventional_y2020_c019.csv,500,500,2199bf7e14687114f758174acb6d61c0477ad850d533c720e2bde469382e904f,PASS
source_conventional_y2020_c020.csv,500,500,136a65a756d063869a5c70281a1f7c6c9b16817bf5442ca5311b0a44fff14b38,PASS
source_conventional_y2020_c021.csv,500,500,1e0fa0073a793bb008aed859071ef77c42140587e18008bfababa2469ef374a3,PASS
source_conventional_y2020_c022.csv,500,500,ce549277186aaf8991bc4aed1086791f0e566b5a1cef73c1aa213d47409d9f84,PASS
source_conventional_y2020_c023.csv,500,500,99672484fc2a3d1a8333227c0a0150285e93bc33f1eccaad39b793b344bf848c,PASS
source_conventional_y2020_c024.csv,500,500,8f94aaeb3db9c13fa4f42d3b0014db6cca0f478ec59b101c1104c1c596a67c43,PASS
source_conventional_y2020_c025.csv,500,500,481efbed8facae9a847f8986159a545557afc699b80b3a7ff78c244cf3f46770,PASS
source_conventional_y2020_c026.csv,500,500,2acd473f223d0801c0870efc22914d92aaf2f0ea3fc784689ff55c3496c41b73,PASS
source_conventional_y2020_c027.csv,500,500,28d42190eaa9aece1e6088886a27e6e955263812b81a4be47cc2f63080c34a5a,PASS
source_conventional_y2020_c028.csv,500,500,bd2fb2aeb27e82c9559c0a52224558f0c2640387b8950430681fe7156c4c5fa9,PASS
source_conventional_y2020_c029.csv,500,500,a03632a240fc0d7a9daf9441ccc11addc6dfeb99858fb57647134393bcf84b87,PASS
source_conventional_y2020_c030.csv,500,500,ab571089f3fba31a687348c775cdb29a8c7bca8a6e43043f492e45531d8651b4,PASS
source_conventional_y2020_c031.csv,500,500,07d91c305d92eeeb3da3b591fe8bb39329294be095439f4c23007b6b3765397a,PASS
source_conventional_y2020_c032.csv,500,500,9163ced727267aee0765406385e3b0c282660be3730f1c6128a53a876387759c,PASS
source_conventional_y2020_c033.csv,500,500,ead0c1271f910e5caa83a263660c0249dd038e9fb20ca024df8746be6044b8dc,PASS
source_conventional_y2020_c034.csv,500,500,53a3e8164f03cbdfab4903606d77135e2c35584088d475c5cdcde02476ecf294,PASS
source_conventional_y2020_c035.csv,500,500,fb25531c68e7242fa1faf5ffa69f2e39b893deb2a69896ca55b8a19924eacff5,PASS
source_conventional_y2020_c036.csv,500,500,d5edb2afb5a0f7cd9b2d9a6c6fe1ff14474b21dd04b3ece68580ae514f8b2e89,PASS
source_conventional_y2020_c037.csv,500,500,4e987ab13cd5d71c94f4c470bec91236892b4b674d0aee04b67ac8ac54faadd2,PASS
source_conventional_y2020_c038.csv,500,500,962a9a16c2f98bb925a698111d6d5c3dfe15d9b5178a9af916b3dd120ef54aa0,PASS
source_conventional_y2020_c039.csv,500,500,ab5483f368c88cf9d606b235782ca974c5efdb56bdc3efb1857615064932ff9b,PASS
source_conventional_y2020_c040.csv,500,500,f3b3be8d5e09a023eeb3eb818ef9e235d2cd68116de8a22a795c42698f89ccbc,PASS
source_conventional_y2020_c041.csv,500,500,35f67e1b10d22923cbeda144d1f4cc324659fee8ce6709f00f2b3d4101e47f39,PASS
source_conventional_y2020_c042.csv,91,91,fa79d355b6918abdab1db23e334caf2544d8df6c23f6b3ba3cf25eb863605adf,PASS
source_conventional_y2021_c000.csv,500,500,274371c2c12004a289bdfeef6a504af73a4a4be328884268a86546614a47d6ea,PASS
source_conventional_y2021_c001.csv,500,500,77e9a77f1748b35be75ff5d2c8fcfa79e55eb2439d2b6bef40357ecb73ab049c,PASS
source_conventional_y2021_c002.csv,500,500,a18f21318a37cf6c49fc929a425b736335dcb65a2e57add9eec4c99eaf45a03b,PASS
source_conventional_y2021_c003.csv,500,500,edc10807d1c0ccaf34b9bfdb950a2add4ed94cf5c6c3191f86e49aa45b676b7f,PASS
source_conventional_y2021_c004.csv,500,500,d9269a96a8b2db1f16540c6a3dd9f9a0fd11c155abe8698e8e9ada2daf43b566,PASS
source_conventional_y2021_c005.csv,500,500,e1b8091034b046fe536e123bc063134f4d78b58cccce9f4970b4fb5d85e8a43a,PASS
source_conventional_y2021_c006.csv,500,500,6deec75ce0657ede54e2ebd158555c271fc67dabb44cd2eab33cbc809fdb86a7,PASS
source_conventional_y2021_c007.csv,500,500,dfffea8e7e2b53ca784fbb6478a8b2c8af21e922a497c3e9f3894e68a2ba283d,PASS
source_conventional_y2021_c008.csv,500,500,2f7fdca092a9e9d044a533c3ee57e653a9ecf062efefcd72b021de376ad44f7e,PASS
source_conventional_y2021_c009.csv,500,500,46216369cd4f17e4c1db1598eb56fda7e564bd5d69b6c3bcf61dbcca5af933d5,PASS
source_conventional_y2021_c010.csv,500,500,946f456a77c795aee1c3108e0367802069a262f252e63190153f997ddab25b0d,PASS
source_conventional_y2021_c011.csv,500,500,24f534e335a2fe87b1b49c66fedb41500eccea0749db1d3276adb4d7a7cf7bbf,PASS
source_conventional_y2021_c012.csv,500,500,c9f7066febd92691e4decd5f9a1d138a89a1f133d1cd9d5dcb5867558c4e2ebf,PASS
source_conventional_y2021_c013.csv,500,500,48de94527575ffd199a1f3d9bb349d498c60f0a44dde1ea611efd9634bcbbb39,PASS
source_conventional_y2021_c014.csv,500,500,242d8df7b5b9af71f7543b2a8c27f04a4ed866353706378c7b2abcba690fb78b,PASS
source_conventional_y2021_c015.csv,500,500,c70963621e3cedbbc642fe17a4d33471c13f4461e132084ab6ca22da91f8ae52,PASS
source_conventional_y2021_c016.csv,500,500,1be6bc00a9fbaf21ac8f0d21cd532e180477b098af723867bc42dc2eb1941baf,PASS
source_conventional_y2021_c017.csv,500,500,9705678a48d8195d4926f75cfda1dc786c55355be85fd73741e69f4c5b6bcf85,PASS
source_conventional_y2021_c018.csv,500,500,59810ec799e566e1feb96ce98c4083b22e630ba4f9a68e3cb0d408d6b3702045,PASS
source_conventional_y2021_c019.csv,500,500,0908f4af112073be13d3d5f102fa8189f276c105a37907d1041e8fe7515c8ec8,PASS
source_conventional_y2021_c020.csv,500,500,2493bb3427f768cafc6bd81732882f1cc60952b4f06434595a3cf878283cc5f0,PASS
source_conventional_y2021_c021.csv,500,500,39fe01e18e26b1ec158e22352ce8dfa5f388c9403b6e78eca8ef00623a9ccfdb,PASS
source_conventional_y2021_c022.csv,500,500,7149e00b02140fd0fff3b8ef6acef772f8e5e835507d856fdd20bcda0b063827,PASS
source_conventional_y2021_c023.csv,500,500,8543968a269d9369b404293e5cfbac4ffe8f3eab5d57703dc45a2a67a4595afc,PASS
source_conventional_y2021_c024.csv,500,500,2d9d16258d3c414e8b38b026d8cb79657bc1a9c230b1c95e6be9ea233ed5d559,PASS
source_conventional_y2021_c025.csv,500,500,6d0fc7318e376c84eaa1c14844c0bc3fb9388b020db4f2adbe7e49b8dd130c5d,PASS
source_conventional_y2021_c026.csv,500,500,26e47815268b3e3f9bdf5b660b9d967e1feffd2e9acbdadd408f9c05bf276ac4,PASS
source_conventional_y2021_c027.csv,500,500,764d0c046976792166d06f4eca2fc03e38e87d9e44f5b77cda2aa1261b9bbc15,PASS
source_conventional_y2021_c028.csv,500,500,d905e06c773fcfa25902e5dd37576051d733cd4ee20f90a3d28c89243cae8b93,PASS
source_conventional_y2021_c029.csv,500,500,15d92607def18c0d95ee9a422be73956d9d6640695d87db009e16b3c3435ccde,PASS
source_conventional_y2021_c030.csv,500,500,0d34f9a0275932ebe1d444997529dbbf9b10bb10f7238d77336e2b147d702235,PASS
source_conventional_y2021_c031.csv,500,500,922b9dcf33947368934244ff7bf07cbf459bc26b4caa6987f45c295eb8f88c44,PASS
source_conventional_y2021_c032.csv,500,500,548990c7b0278b49b02ac78a064f275fd2d3f280b243de924619d3384cb46934,PASS
source_conventional_y2021_c033.csv,500,500,f472fa3d2c6d37b590db6cba7f4666e93d579878f97a9a4b83817b8e4502dc3b,PASS
source_conventional_y2021_c034.csv,500,500,fcf4d1ba1f161bf913519fb331ac284939977e58a06d02ba60b9c7e57e8eb325,PASS
source_conventional_y2021_c035.csv,500,500,2fcf446878d264625059f6c875a431fa8962d266494cc8b9e792480101f69fc0,PASS
source_conventional_y2021_c036.csv,500,500,b685f48be33f4bf6afecace0b1439e53627a05410b0ff6b60ce995a0660dd0ea,PASS
source_conventional_y2021_c037.csv,500,500,23c783afbd1ae2b924de6ed3aafae9d7b024a4b286f0bf9adf1d215bf63b1553,PASS
source_conventional_y2021_c038.csv,500,500,3bf2634b41f7ab7079ebacc09f62f3fb145a2471dd43f32063a79b1eae7cfa0d,PASS
source_conventional_y2021_c039.csv,500,500,8f9fa05bc1e54852bcd424067eaa9425cc908c2a39cfc3de14709a0aa94a7ba5,PASS
source_conventional_y2021_c040.csv,500,500,4ecbf745bebceca800af35ed40f2483be73bc8a8e761789d0d5c739b00dbb5ec,PASS
source_conventional_y2021_c041.csv,500,500,f5b727459b7773d141ce18ea94b23d512a926ed92ce51c05324f8e7ac4fe1275,PASS
source_conventional_y2021_c042.csv,500,500,e52095aec3bb2fd2771a5fbc05b0a93231741f25183a7dba7c04109e35d45475,PASS
source_conventional_y2021_c043.csv,492,492,7ac0d40d6fedf09af0718457730ecd07e64d42f5f83663c482a56cf13bd5f307,PASS
source_conventional_y2022_c000.csv,500,500,edd0ae18fba99a031a01b35d911a35d8ae4cfd2b50e3db9b0cc730ba5845da3c,PASS
source_conventional_y2022_c001.csv,500,500,3b6a466d21e30fa158fc287e049fdeddc50c8792b29fe50caf988404e89348e7,PASS
source_conventional_y2022_c002.csv,500,500,55131aa7fb3b27ee55ea85bddfa23c47e9a1cee598b10a6ad826583df2f69d9a,PASS
source_conventional_y2022_c003.csv,500,500,8c0f8c851f8ec68258b8e75ef505c547e5497de796ab85a5ebd6659131e9cad2,PASS
source_conventional_y2022_c004.csv,500,500,0ceaf82ac0d87c8340e14db19f855d432b0fd62c8fe81e01df97d570326cafc2,PASS
source_conventional_y2022_c005.csv,500,500,64987aa5d7c2bebf7fb095420eea54c43234c3a49832348115a600c9fb83d087,PASS
source_conventional_y2022_c006.csv,500,500,31d52a4d36e7e8b6551c85b81e3a3359c545a2e5233906a48eeed45a52561691,PASS
source_conventional_y2022_c007.csv,500,500,e9be1beb7ec5f35fe044fdac2bc6abe85377bb9979d310c4aac7d6f30e391fbe,PASS
source_conventional_y2022_c008.csv,500,500,031cf088dc27fcb9f468a4ea363eae253720fc6d7f5e32e9dcbc43eeb3a9aa4a,PASS
source_conventional_y2022_c009.csv,500,500,b0fce47c19b0c32110b2179171566b191b044db751a57b622d729cfc80b2e2bc,PASS
source_conventional_y2022_c010.csv,500,500,e53eb6c6439c52eb2adeaf9a40079a8e3d1f67ed0804d7ae8bf7fc75fd9a6fad,PASS
source_conventional_y2022_c011.csv,500,500,71ebde3de54c41b9a77e30c1abf825074b771d571563921ef1a05389dc27cb07,PASS
source_conventional_y2022_c012.csv,500,500,070d324218c03be17e3b6fe602adc791765320e9f8d658c6780686dd8bec0ff6,PASS
source_conventional_y2022_c013.csv,500,500,60d3ce79b5699abdcc1448d00bd863a3af19d23a9bf6e6350dbaf84f33165172,PASS
source_conventional_y2022_c014.csv,500,500,f2ebf09301523318ad02fb0904b6edcc3e2721676d8c8daf3bd9fe7527790e65,PASS
source_conventional_y2022_c015.csv,500,500,bb51f34281c12da8f86c2b9e75a69ef8d79224a0b7820ae0c1442fa01c82cf38,PASS
source_conventional_y2022_c016.csv,500,500,50cf81507cb845f1f309d2281559b289e0e7e7b6192369505dc35e690dbed7c5,PASS
source_conventional_y2022_c017.csv,500,500,c42493d675694c081102f16f3007e2956bed6891124dc13bf552036d72a1322d,PASS
source_conventional_y2022_c018.csv,500,500,44ab75f8ad32af41497a831e7481736def0dddaed4e8679f453f244d802146a4,PASS
source_conventional_y2022_c019.csv,500,500,32a969b987dc1346e7f25c450820910829f5bf8ca47c7478f12f3d3f3e990b95,PASS
source_conventional_y2022_c020.csv,500,500,a17147357d68ae95c1e4d7eb368260586d76b67df19f9ec0f5b85dc2717c55e2,PASS
source_conventional_y2022_c021.csv,500,500,ef71b836b81fe900bbf22548f1872676da9a80431b7e6b1fc2a71f2a25cd819b,PASS
source_conventional_y2022_c022.csv,500,500,a3fa42cfb4d15c55349cd876674312490958e7fc89df583eb4864a8e85517f21,PASS
source_conventional_y2022_c023.csv,500,500,b220af3ba0b0c1424e749dde0d4826f65cb42b6daf0a602ca93c0133ada8f708,PASS
source_conventional_y2022_c024.csv,500,500,81f33c62ec105398d8a1d1da0a029afc39862b1a53c9d81d9e43023f0b4d69d8,PASS
source_conventional_y2022_c025.csv,500,500,bf2275391691473b0489d0f08deb05010d35e92350e20736f34352b0d88fefa8,PASS
source_conventional_y2022_c026.csv,500,500,d560d873bb4be1d8662021433c38f941d2efc188a8cb8801d268bcfcbb52cbe4,PASS
source_conventional_y2022_c027.csv,500,500,6e0f3f97ef931f598a174268f7b463ef48547594b0f75b07976f5e9511f0c161,PASS
source_conventional_y2022_c028.csv,500,500,2db16d32fbeec584ed58b159ace14a833be2e02df7fe21aa1d05d36c20033be7,PASS
source_conventional_y2022_c029.csv,500,500,ae5337f356a189264bec3c814caef62e8bca789fcb30aa1aeb7eca2d0d32c615,PASS
source_conventional_y2022_c030.csv,500,500,dbf9021d3204d25fe61c01022b13ccf8f0f9ecb59b020181de435bb20cc4d3de,PASS
source_conventional_y2022_c031.csv,500,500,1b1fddc548279f2cfeacd7c3170c9b84221d040af6e22d5103700f6546fabc30,PASS
source_conventional_y2022_c032.csv,500,500,7399ce01177f1cb6df36ae5be37da68420bd8aded38e67c7d2e52f0aa1489de1,PASS
source_conventional_y2022_c033.csv,500,500,5456b571984af7e718976b74c9e430b66765579fbd2580a6799db061d9aa7eb8,PASS
source_conventional_y2022_c034.csv,500,500,6734b9b79cde7749f36ea66d340db3f11525b1f3cd20d16091364a08a1a43c2a,PASS
source_conventional_y2022_c035.csv,500,500,89a25c31bad1a6605cae267dffed228537d13633bbd09cd09bb89b4c1ebc7a17,PASS
source_conventional_y2022_c036.csv,500,500,69f322322b3834ac65433917943eea6cf49df065a999eb127321b96bdc87a61f,PASS
source_conventional_y2022_c037.csv,500,500,bd44beff5b6e61d238b588ec94b119a04d6c2dd741d50c5bc678b899b6d3867a,PASS
source_conventional_y2022_c038.csv,500,500,5910d654e1359f8d337e50a519155edfa8519f98bb9260cdf07d1ca0a5d264e1,PASS
source_conventional_y2022_c039.csv,500,500,e16aafefb6574966b8ff294cc817e39066e38c76fa34ea8070b5141924e58603,PASS
source_conventional_y2022_c040.csv,500,500,d24f0ef8a3cecc9b2ba5fe4503ab07dbbb57c1cfee9aa06d0a7e588f2262d597,PASS
source_conventional_y2022_c041.csv,500,500,a9d88b35f079afceaa84c6ad277c22105f719dbdcfaecca07f644b91a203980b,PASS
source_conventional_y2022_c042.csv,500,500,05bdd1fd8f6cfc6565e361639f53849ee4c339e244b06316ce8acef97a8d8515,PASS
source_conventional_y2022_c043.csv,500,500,1ae5108cb725d652cb19465d3cca145470aa63154cc690a1fa4ea26fefabb4d7,PASS
source_conventional_y2022_c044.csv,206,206,0990204638e9723007efec1fc9d41d797a5dbe55414be29bf4607bb52fea9057,PASS
source_conventional_y2023_c000.csv,500,500,3f46710064a3e29a8e6e47a704302a595f631aa0992814e0fb59e557f12a757b,PASS
source_conventional_y2023_c001.csv,500,500,f1b780fa35299272f8e1b5c0c6393ea83ba61cd4c336b6b5986dd0cc555526bc,PASS
source_conventional_y2023_c002.csv,500,500,1d8907646674549646d8c4195df90f407a3681773bea4135c57c7bfee4920fd3,PASS
source_conventional_y2023_c003.csv,500,500,e5ff58782b93c0de09aa2125c89e5d9c356d7f90e6bcebd2fe7a150f73523084,PASS
source_conventional_y2023_c004.csv,500,500,a81ecd65ce0cd49c57be402f45432ed70f62d78eeed414c07ad6b2955a06e5c8,PASS
source_conventional_y2023_c005.csv,500,500,37ec4ad5ecd40d14d7d4fba72eb76f2291d6a443e0860e6c0d2c725e1b0d036f,PASS
source_conventional_y2023_c006.csv,500,500,39ad5b467032ac7d5d9e068396c8936c58979f4b2387561b01bd2e58e7c46ad4,PASS
source_conventional_y2023_c007.csv,500,500,bbb35f9bea1d6b46ff81277a75be40f9a04bebdd3e56ab5f53fcf4f547708085,PASS
source_conventional_y2023_c008.csv,500,500,5b8497fa9bb932aa8e4c614a7f78c9749389b93edfb81c82ac6b7369ffc10a80,PASS
source_conventional_y2023_c009.csv,500,500,f6cba3c1067b2dcdbf0e938040aa01a60f36d01ef10ca59ab2edaa59aa5c69af,PASS
source_conventional_y2023_c010.csv,500,500,f10f1a102e570c40e8cdc677ba3f34e67ceed8f909300ecd650a53ada80c96c9,PASS
source_conventional_y2023_c011.csv,500,500,7e466def6e78f9821bbeb8eb415dcda7c7f5502cd0d9a9c4a36718bc169475d1,PASS
source_conventional_y2023_c012.csv,500,500,2a23a0e9bc6ab9f9b25a0685355cff5e095cb0f08c03bf7a34c8620933cc9cf0,PASS
source_conventional_y2023_c013.csv,500,500,b04b657023a3675180db6ec64bf2f381b6e91747bb68f3d15b744eeffcb2b98f,PASS
source_conventional_y2023_c014.csv,500,500,40a136c34f0578f779475a61b1cd9f08c34443c45d4967dc4fc94d2989d11ff7,PASS
source_conventional_y2023_c015.csv,500,500,277b93f18f34f402b50fa4e882080cc0a29ea8e65d806d7a00be89b2a164b576,PASS
source_conventional_y2023_c016.csv,500,500,965d3533a1982679cfa4bbb656629eec0a1f56cb1c845a53e2bb535f5b5d83ec,PASS
source_conventional_y2023_c017.csv,500,500,73ad2fd974067e504be20fa3d17b4ffd970eb27029cf584aaf3f7fce7e88dd0a,PASS
source_conventional_y2023_c018.csv,500,500,585ee9f4eb6870faac89ab406a5aaf224355a801e64c526b57230ed381e1fa46,PASS
source_conventional_y2023_c019.csv,500,500,e369a12139b233f9b5b711706f559cc06c9bf6ae79c34952216dd6530837c33f,PASS
source_conventional_y2023_c020.csv,500,500,3a87de3b1a17ca6dcce20a7b2b411d531d3dce44dccdc7c6e9481369b3d266c1,PASS
source_conventional_y2023_c021.csv,500,500,e0b8e5c58a06729812bbe64e30df55ab535e459f22a9c44353009b683fa7d34c,PASS
source_conventional_y2023_c022.csv,500,500,f398c352adba5149c251bf293e437f1c841b597ad8dd3da6e4b6e29139ee4b85,PASS
source_conventional_y2023_c023.csv,500,500,3656773673176a9773082143a5a0273bdebeb6a9a4e004f13b03e730cadf5022,PASS
source_conventional_y2023_c024.csv,500,500,12efcf64273972d23be82f2f1f12eefa86e3ce054303fb121dcb225c1418514f,PASS
source_conventional_y2023_c025.csv,500,500,a3fb7d7f138b07ecf9ef032c26efde55f7182f7ef1fb3dec60104d4cc9cf5069,PASS
source_conventional_y2023_c026.csv,500,500,de4264c566f71f364158303ea8ebd3415c8e184e4f8658f5996fb1d67adbed87,PASS
source_conventional_y2023_c027.csv,500,500,d1cdf08d435f873ed4258155821225f768fa95b6cdb9649d60744421a78f6f04,PASS
source_conventional_y2023_c028.csv,500,500,2b65e8545156eaaf6446102952e15ad5736297a53e0fd5f7141f3dc7feaf06d5,PASS
source_conventional_y2023_c029.csv,500,500,68777e4c5fea7c1e1119a01661b1d163eb12a2e179f58cacb3c949c13fba228f,PASS
source_conventional_y2023_c030.csv,263,263,4eae701104b158c0fcf5adf88f01a27fa9af72eb88b87b4e1d3a57bb7809b1ac,PASS
source_conventional_y2024_c000.csv,500,500,dee23ed191576cdab6d5e0e0bd16e13740919f31f2a61454a0c571858b3eff41,PASS
source_conventional_y2024_c001.csv,500,500,06876292faef5d2e7dc9d917e70832d76bbde38c9c7cb17e4e6ce5b94b04df0a,PASS
source_conventional_y2024_c002.csv,500,500,e697ddd4b8cc49dc3303a89e1d597526ea61bcf1edd59a0538437307bbb7cb33,PASS
source_conventional_y2024_c003.csv,500,500,6e365303d442d3ee0be20ee60ce1221c60e42501057903ffbf40f0e83195c79d,PASS
source_conventional_y2024_c004.csv,500,500,dcda8c5bb37ec12dc0eb718023caf68c511e8033019fd48a26806033d0f3dc93,PASS
source_conventional_y2024_c005.csv,500,500,bcb0883be71311bdf81c8ce4da3680ad452c7a70235e68ca58f275363a1e46f2,PASS
source_conventional_y2024_c006.csv,500,500,24a6a228e786e3a856b7f87dfb12bc192e87ea7906435c9518c562158648df1b,PASS
source_conventional_y2024_c007.csv,500,500,556d766b8df6b3107ac407f9e92b209021493a6b3f704e2827e074b166019fa0,PASS
source_conventional_y2024_c008.csv,500,500,b988a2992070e06773e774685ac3736ab887bf61d1e6fc1c0fb6452a30356450,PASS
source_conventional_y2024_c009.csv,500,500,b42c7d2917b87f3255f67c0bea8a487df324cd368be5224469c227a14baf2e97,PASS
source_conventional_y2024_c010.csv,500,500,abcdfbf0b6276f860af3e8058187273dd89d1ba3f41a07dfc848eec21c1a884d,PASS
source_conventional_y2024_c011.csv,500,500,fce6b679e8506b0410249bdba428162423ca92a0465147eed8f9816dd67d4aca,PASS
source_conventional_y2024_c012.csv,500,500,aed7037181cf4b6a47a18bb7f242c23af043740a919e76bebc1656281f5029e5,PASS
source_conventional_y2024_c013.csv,500,500,c4eeefb700b42494e2d08565a90f14a108ef9efccdb1125248a06f84d0037479,PASS
source_conventional_y2024_c014.csv,500,500,b1f7a56331f7f6e7ba53ae43ee57b0b5d275476bf91c5cf658dc5f573f28d81c,PASS
source_conventional_y2024_c015.csv,500,500,9e2b86422fa97504767610e20f840ec8b14353d4683dfcae96d1dc6570a8f37c,PASS
source_conventional_y2024_c016.csv,500,500,b132be7e0de204333993b0c4df406af814e6816726ca1a839118153322318ddb,PASS
source_conventional_y2024_c017.csv,500,500,58142ff2aaca52f39df3ae26e9d206d2505b4c4643e8d6e72b242e636c822364,PASS
source_conventional_y2024_c018.csv,500,500,2734c85716498bd2e824f5bd4557406058e8053677346fb0f6f895a3466f8f32,PASS
source_conventional_y2024_c019.csv,500,500,f3377220d964cda6e2e21c4d642852befe3bb8151aeac6e11a37074300214233,PASS
source_conventional_y2024_c020.csv,500,500,c2b0b9227ebcd57b1908dbd5c6c2626972c047bfa5d8322a2fb5edf08f322ea4,PASS
source_conventional_y2024_c021.csv,500,500,4376f231b1cc15505d68daf42cc7530db318673e6fe161c6a9f541b6609f6941,PASS
source_conventional_y2024_c022.csv,500,500,7cefb7e424d7a649743a49b286e1a24dba9c7b8c8f4c0dee3de96601b354912e,PASS
source_conventional_y2024_c023.csv,500,500,ee3242ec301aeeda29b3ff8ae8d927eac397b6b480f48ba4bf9dbec3ba030648,PASS
source_conventional_y2024_c024.csv,500,500,f8ddc646ea79f7a93900e3a574273b039bb6d20328ae3a28f80617be653e261f,PASS
source_conventional_y2024_c025.csv,500,500,0d109a06bf866ba2b29465a881b19dc2c651ea8ead249d762bd9ea196de3864a,PASS
source_conventional_y2024_c026.csv,500,500,472084ee6cad14d12c9aa94db4d4a4270047c0af397ec0e64255b286813789d3,PASS
source_conventional_y2024_c027.csv,500,500,0859014c54843c64849de8ef6348a9f4bfd42b7ea8ba4bba83c53d7fa1701d12,PASS
source_conventional_y2024_c028.csv,500,500,70e630be921e007bf4fab6fdb6204087afd22d5fc0653a96e71ce018ea4c6e35,PASS
source_conventional_y2024_c029.csv,500,500,aefa5bae85192c386c8e23857ff5234710f8791830c50590e9f0cef9fde1d6f3,PASS
source_conventional_y2024_c030.csv,500,500,ba8566c973d7e619c8159b0c94d2ce9f3298ecd77eb2865ab9bf4158d2791b50,PASS
source_conventional_y2024_c031.csv,500,500,f424d7d03d0a4f3b2731c817201ce98e49606e55b373efdbdbea5738fbe7070e,PASS
source_conventional_y2024_c032.csv,500,500,d88bf5b9f75f22a3fe7fb4548048c6fbaea02f2e6afe5ae88b9a7fa9ae56b219,PASS
source_conventional_y2024_c033.csv,500,500,e622882ee5875161c27f8f076366f50ca0e4ce69fd95ad15c1f6c43c8467beee,PASS
source_conventional_y2024_c034.csv,500,500,764c21f44e69f435abfbc5c612bd538ce45dafa56904e0c00d5f9fd9ceac5ef6,PASS
source_conventional_y2024_c035.csv,500,500,15733e1345329e57f5486a80d47e157204f4eb40dc611d98de63af750dc63623,PASS
source_conventional_y2024_c036.csv,500,500,255d2365287334a89351262cea79bc712eb7f832a08d1f5b6272b5fe1e216099,PASS
source_conventional_y2024_c037.csv,500,500,486ab5b9c9ab7a2d3595049982ca2a0a7b92b34ca60cfbfb48e492d2e32c3017,PASS
source_conventional_y2024_c038.csv,500,500,fda489490da163f2c08861315a0d196d02d31c3aa4a24e3213efc8a7f0a980b1,PASS
source_conventional_y2024_c039.csv,500,500,ca427374455d1b702ddee65d8a51655faef0af8f37c983f79ae27d9e5452b409,PASS
source_conventional_y2024_c040.csv,500,500,bd67b72ad7b20aca906110f795adc289dc5e97da6c715c1c865c795aea93e391,PASS
source_conventional_y2024_c041.csv,500,500,abd22907109c77d2ff8f35a225c0878d8ab07d7739516dc65f75ed0bc7cc6cdb,PASS
source_conventional_y2024_c042.csv,500,500,5ab0c390cf88a2f69630311756fa08256afa08cf5f530de36c38e6a86469e64a,PASS
source_conventional_y2024_c043.csv,284,284,bd0d97c4d34df4b1c8d10b0881d7b3f9a4ddd2707e5455a255c17cd5e6150616,PASS
